customer_id,age,gender,state,product_category,season,previous_purchases,purchase_amount_usd,discount_applied,discount_pct,payment_method,shipping_type,review_rating,return_rate,promo_dependency_score,clv_proxy,value_tier,satisfaction_flag,loyal_behavioural,loyal_value_weighted,age_band,high_spend_flag,discount_only_buyer
CUST00001,56,Female,Texas,Accessories,Fall,7,28.06,1,5,Credit Card,Standard,4.0,0.27,0.558,196.42,Low,1,0,0,55-64,0,1
CUST00002,46,Male,New York,Footwear,Winter,3,89.65,1,5,Debit Card,Express,2.8,0.2,0.708,268.95000000000005,Mid,0,0,0,45-54,1,0
CUST00003,32,Male,Colorado,Footwear,Spring,2,60.71,1,15,Debit Card,Free Shipping,3.2,0.43,0.675,121.42,Low,0,0,0,25-34,0,1
CUST00004,60,Female,Washington,Accessories,Winter,6,105.02,0,0,Debit Card,Free Shipping,4.0,0.42,0.0,630.12,High,1,0,0,55-64,1,0
CUST00005,25,Female,New York,Clothing,Spring,27,148.05,1,20,PayPal,Free Shipping,4.2,0.18,0.733,3997.3500000000004,High,1,0,1,25-34,1,0
CUST00006,38,Male,Florida,Footwear,Spring,1,130.36,0,0,Debit Card,Free Shipping,2.1,0.23,0.15,130.36,Low,0,0,0,35-44,1,0
CUST00007,56,Female,Washington,Clothing,Winter,3,42.68,1,10,Debit Card,Free Shipping,4.7,0.54,0.617,128.04,Low,1,0,0,55-64,0,1
CUST00008,36,Male,California,Accessories,Winter,7,67.32,0,0,Apple Pay,Overnight,3.8,0.17,0.0,471.23999999999995,Mid,0,1,0,35-44,0,0
CUST00009,40,Female,California,Footwear,Summer,7,161.93,1,10,Apple Pay,Free Shipping,2.3,0.32,0.767,1133.51,High,0,0,0,35-44,1,0
CUST00010,28,Male,Virginia,Footwear,Summer,16,217.88,1,10,Credit Card,Express,4.2,0.03,0.617,3486.08,High,1,0,1,25-34,1,0
CUST00011,28,Female,California,Footwear,Summer,2,110.86,1,10,PayPal,Free Shipping,1.7,0.46,0.767,221.72,Mid,0,0,0,25-34,1,0
CUST00012,41,Male,Colorado,Footwear,Summer,6,93.67,0,0,Debit Card,Free Shipping,5.0,0.24,0.0,562.02,High,1,0,1,35-44,1,0
CUST00013,53,Male,Massachusetts,Clothing,Spring,2,103.52,1,20,Credit Card,Free Shipping,1.8,0.16,0.883,207.04,Low,0,0,0,45-54,1,1
CUST00014,57,Male,Texas,Clothing,Spring,18,201.51,1,20,Credit Card,Overnight,2.6,0.01,0.883,3627.18,High,0,0,0,55-64,1,0
CUST00015,41,Male,New York,Clothing,Summer,1,57.05,0,0,Debit Card,Standard,5.0,0.12,0.0,57.05,Low,1,0,0,35-44,0,0
CUST00016,20,Female,Washington,Footwear,Fall,8,256.36,0,0,Debit Card,Standard,3.0,0.62,0.0,2050.88,High,0,1,0,18-24,1,0
CUST00017,39,Male,Virginia,Outerwear,Fall,4,34.28,1,15,Credit Card,Free Shipping,5.0,0.2,0.675,137.12,Low,1,0,0,35-44,0,1
CUST00018,19,Female,Tennessee,Clothing,Spring,6,67.32,0,0,PayPal,Express,2.7,0.38,0.15,403.91999999999996,Mid,0,0,0,18-24,0,0
CUST00019,41,Male,Georgia,Clothing,Summer,4,99.53,1,5,PayPal,Standard,1.0,0.48,0.708,398.12,Mid,0,0,0,35-44,1,0
CUST00020,61,Male,California,Accessories,Winter,6,120.05,0,0,Credit Card,Standard,2.7,0.36,0.15,720.3,High,0,0,0,55-64,1,0
CUST00021,47,Male,Arizona,Outerwear,Winter,6,70.86,1,15,Credit Card,Free Shipping,1.3,0.45,0.825,425.15999999999997,Mid,0,0,0,45-54,0,0
CUST00022,55,Male,Florida,Accessories,Fall,1,90.81,0,0,Apple Pay,Free Shipping,1.0,0.52,0.15,90.81,Low,0,0,0,55-64,1,0
CUST00023,19,Male,Florida,Clothing,Spring,4,15.0,1,25,Credit Card,Free Shipping,3.3,0.27,0.792,60.0,Low,0,0,0,18-24,0,1
CUST00024,38,Male,California,Outerwear,Spring,6,52.54,1,30,Buy Now Pay Later,Express,1.8,0.33,1.0,315.24,Mid,0,0,0,35-44,0,0
CUST00025,50,Female,Texas,Footwear,Summer,7,73.54,1,10,PayPal,Standard,2.8,0.21,0.767,514.7800000000001,High,0,0,0,45-54,0,0
CUST00026,29,Male,Ohio,Clothing,Fall,2,100.71,0,0,Credit Card,Standard,5.0,0.29,0.0,201.42,Low,1,0,0,25-34,1,0
CUST00027,39,Female,Florida,Outerwear,Winter,1,62.55,1,15,Credit Card,Standard,1.9,0.09,0.825,62.55,Low,0,0,0,35-44,0,1
CUST00028,61,Female,New York,Accessories,Winter,15,148.64,0,0,Credit Card,Free Shipping,3.0,0.07,0.0,2229.6,High,0,1,0,55-64,1,0
CUST00029,42,Male,New York,Clothing,Summer,7,151.09,0,0,Credit Card,Standard,3.8,0.23,0.0,1057.63,High,0,1,0,35-44,1,0
CUST00030,44,Male,Virginia,Accessories,Summer,3,36.76,0,0,Credit Card,Express,3.9,0.52,0.0,110.28,Low,0,0,0,35-44,0,0
CUST00031,59,Non-binary,Georgia,Footwear,Spring,1,112.9,1,15,PayPal,Express,4.8,0.01,0.675,112.9,Low,1,0,0,55-64,1,1
CUST00032,45,Female,Texas,Footwear,Spring,6,106.82,0,0,Credit Card,Express,5.0,0.24,0.0,640.92,High,1,0,1,45-54,1,0
CUST00033,33,Female,California,Clothing,Summer,9,139.85,0,0,Debit Card,Free Shipping,4.1,0.04,0.0,1258.6499999999999,High,1,1,1,25-34,1,0
CUST00034,32,Male,Texas,Outerwear,Spring,5,137.77,1,15,Debit Card,Standard,5.0,0.42,0.675,688.85,High,1,0,0,25-34,1,0
CUST00035,64,Female,Massachusetts,Clothing,Spring,7,82.74,0,0,Credit Card,Free Shipping,1.2,0.19,0.15,579.18,High,0,1,0,55-64,0,0
CUST00036,61,Female,Washington,Footwear,Winter,7,46.76,1,15,Credit Card,Standard,4.1,0.1,0.675,327.32,Mid,1,0,0,55-64,0,0
CUST00037,20,Female,Illinois,Footwear,Fall,25,126.89,0,0,Credit Card,Standard,3.0,0.01,0.0,3172.25,High,0,1,0,18-24,1,0
CUST00038,54,Non-binary,Washington,Clothing,Summer,12,205.97,0,0,Credit Card,Express,4.0,0.04,0.0,2471.64,High,1,1,1,45-54,1,0
CUST00039,24,Male,New York,Clothing,Winter,23,138.46,1,20,PayPal,Standard,2.9,0.08,0.883,3184.5800000000004,High,0,0,0,18-24,1,0
CUST00040,38,Male,Ohio,Outerwear,Spring,3,66.09,0,0,Credit Card,Free Shipping,3.9,0.25,0.0,198.27,Low,0,0,0,35-44,0,0
CUST00041,26,Female,Illinois,Accessories,Summer,6,97.45,1,10,PayPal,Express,4.0,0.19,0.617,584.7,High,1,0,1,25-34,1,0
CUST00042,56,Female,California,Footwear,Summer,12,175.78,1,5,Debit Card,Standard,5.0,0.07,0.558,2109.36,High,1,0,1,55-64,1,0
CUST00043,35,Male,California,Accessories,Winter,2,112.75,1,15,Debit Card,Standard,1.1,0.11,0.825,225.5,Mid,0,0,0,35-44,1,0
CUST00044,21,Male,Illinois,Footwear,Winter,3,96.05,1,15,Debit Card,Express,4.1,0.07,0.675,288.15,Mid,1,0,0,18-24,1,0
CUST00045,42,Male,Tennessee,Accessories,Fall,7,19.0,1,5,PayPal,Free Shipping,4.8,0.11,0.558,133.0,Low,1,0,0,35-44,0,1
CUST00046,31,Male,New York,Clothing,Summer,4,50.48,1,15,Credit Card,Express,5.0,0.38,0.675,201.92,Low,1,0,0,25-34,0,1
CUST00047,26,Female,Virginia,Clothing,Winter,2,96.46,1,25,Credit Card,Express,3.9,0.14,0.792,192.92,Low,0,0,0,25-34,1,1
CUST00048,43,Female,Georgia,Outerwear,Spring,5,76.94,0,0,Debit Card,Free Shipping,3.0,0.32,0.0,384.7,Mid,0,0,0,35-44,0,0
CUST00049,19,Male,Texas,Accessories,Summer,26,193.22,0,0,Credit Card,Express,3.1,0.16,0.0,5023.72,High,0,1,0,18-24,1,0
CUST00050,37,Male,California,Clothing,Fall,6,107.37,1,20,Debit Card,Standard,1.0,0.55,0.883,644.22,High,0,0,0,35-44,1,0
CUST00051,45,Male,California,Outerwear,Fall,4,57.82,1,10,PayPal,Express,4.0,0.55,0.617,231.28,Mid,1,0,0,45-54,0,0
CUST00052,64,Male,Georgia,Footwear,Fall,7,20.0,0,0,Debit Card,Express,3.0,0.21,0.0,140.0,Low,0,1,0,55-64,0,0
CUST00053,24,Female,Texas,Clothing,Winter,13,199.89,0,0,PayPal,Overnight,4.2,0.06,0.0,2598.5699999999997,High,1,1,1,18-24,1,0
CUST00054,61,Non-binary,New York,Outerwear,Summer,1,69.7,0,0,Debit Card,Express,1.9,0.09,0.15,69.7,Low,0,0,0,55-64,0,0
CUST00055,25,Female,Illinois,Footwear,Fall,5,75.67,1,10,PayPal,Free Shipping,2.0,0.12,0.767,378.35,Mid,0,0,0,25-34,0,0
CUST00056,64,Male,Georgia,Clothing,Winter,4,74.28,1,5,PayPal,Standard,4.0,0.19,0.558,297.12,Mid,1,0,0,55-64,0,0
CUST00057,52,Female,California,Clothing,Summer,3,61.22,1,10,Debit Card,Free Shipping,1.0,0.49,0.767,183.66,Low,0,0,0,45-54,0,1
CUST00058,31,Female,Florida,Footwear,Winter,1,52.05,1,5,PayPal,Express,1.9,0.33,0.708,52.05,Low,0,0,0,25-34,0,1
CUST00059,34,Female,Florida,Footwear,Fall,25,164.17,1,10,Apple Pay,Overnight,2.9,0.01,0.767,4104.25,High,0,0,0,25-34,1,0
CUST00060,53,Male,Illinois,Clothing,Summer,6,51.54,0,0,Debit Card,Standard,5.0,0.61,0.0,309.24,Mid,1,0,0,45-54,0,0
CUST00061,57,Male,North Carolina,Clothing,Fall,7,113.04,1,15,Debit Card,Standard,5.0,0.18,0.675,791.2800000000001,High,1,0,1,55-64,1,0
CUST00062,21,Male,Texas,Clothing,Winter,6,127.55,0,0,PayPal,Free Shipping,2.0,0.13,0.15,765.3,High,0,0,0,18-24,1,0
CUST00063,19,Male,Ohio,Accessories,Winter,5,104.36,0,0,Debit Card,Overnight,3.1,0.26,0.0,521.8,High,0,0,0,18-24,1,0
CUST00064,23,Male,Colorado,Clothing,Summer,7,103.24,0,0,Credit Card,Standard,5.0,0.47,0.0,722.68,High,1,1,0,18-24,1,0
CUST00065,59,Male,Illinois,Clothing,Winter,4,22.97,1,10,Apple Pay,Express,1.0,0.46,0.767,91.88,Low,0,0,0,55-64,0,1
CUST00066,21,Female,Colorado,Footwear,Spring,18,186.85,0,0,Credit Card,Standard,4.0,0.04,0.0,3363.2999999999997,High,1,1,1,18-24,1,0
CUST00067,46,Female,Florida,Footwear,Spring,7,55.42,1,20,PayPal,Free Shipping,4.2,0.5,0.733,387.94,Mid,1,0,0,45-54,0,0
CUST00068,35,Male,California,Accessories,Fall,6,125.65,1,5,PayPal,Free Shipping,4.0,0.29,0.558,753.9000000000001,High,1,0,0,35-44,1,0
CUST00069,43,Male,Arizona,Clothing,Summer,25,147.45,1,10,Buy Now Pay Later,Standard,4.0,0.06,0.617,3686.2499999999995,High,1,0,1,35-44,1,0
CUST00070,61,Female,Illinois,Accessories,Summer,7,76.54,0,0,Credit Card,Free Shipping,4.0,0.47,0.0,535.7800000000001,High,1,1,0,55-64,0,0
CUST00071,51,Female,Arizona,Clothing,Summer,12,187.85,0,0,Debit Card,Free Shipping,2.8,0.09,0.15,2254.2,High,0,1,0,45-54,1,0
CUST00072,27,Female,New York,Outerwear,Fall,3,74.48,1,20,Debit Card,Standard,2.2,0.16,0.883,223.44,Mid,0,0,0,25-34,0,0
CUST00073,53,Non-binary,Massachusetts,Footwear,Spring,2,42.28,1,5,Credit Card,Overnight,2.9,0.22,0.708,84.56,Low,0,0,0,45-54,0,1
CUST00074,31,Female,Washington,Clothing,Summer,5,64.02,0,0,Credit Card,Express,3.3,0.43,0.0,320.09999999999997,Mid,0,0,0,25-34,0,0
CUST00075,48,Non-binary,California,Clothing,Summer,3,69.86,1,10,Debit Card,Overnight,2.0,0.22,0.767,209.57999999999998,Low,0,0,0,45-54,0,1
CUST00076,32,Male,Florida,Accessories,Spring,14,183.38,0,0,Debit Card,Standard,4.3,0.1,0.0,2567.3199999999997,High,1,1,1,25-34,1,0
CUST00077,25,Male,Georgia,Footwear,Summer,6,90.67,1,10,Credit Card,Standard,4.0,0.74,0.617,544.02,High,1,0,0,25-34,1,0
CUST00078,31,Male,Ohio,Accessories,Fall,3,111.09,1,20,PayPal,Express,1.0,0.41,0.883,333.27,Mid,0,0,0,25-34,1,0
CUST00079,40,Male,Illinois,Footwear,Winter,6,54.34,1,5,PayPal,Standard,2.2,0.21,0.708,326.04,Mid,0,0,0,35-44,0,0
CUST00080,57,Male,Massachusetts,Footwear,Summer,7,105.78,1,15,PayPal,Free Shipping,1.9,0.08,0.825,740.46,High,0,0,0,55-64,1,0
CUST00081,38,Female,Texas,Accessories,Summer,7,84.09,1,25,Apple Pay,Standard,2.3,0.1,0.942,588.63,High,0,0,0,35-44,0,0
CUST00082,33,Female,Florida,Outerwear,Spring,19,119.5,0,0,Debit Card,Express,3.1,0.12,0.0,2270.5,High,0,1,0,25-34,1,0
CUST00083,62,Female,Massachusetts,Footwear,Fall,6,92.93,1,25,Buy Now Pay Later,Free Shipping,5.0,0.27,0.792,557.58,High,1,0,0,55-64,1,0
CUST00084,35,Male,Massachusetts,Footwear,Summer,1,85.51,1,25,Apple Pay,Express,1.8,0.3,0.942,85.51,Low,0,0,0,35-44,1,1
CUST00085,64,Female,Colorado,Outerwear,Summer,2,28.41,0,0,Credit Card,Express,1.2,0.2,0.15,56.82,Low,0,0,0,55-64,0,0
CUST00086,41,Female,Virginia,Clothing,Fall,24,143.61,1,15,Credit Card,Free Shipping,3.9,0.1,0.675,3446.6400000000003,High,0,0,0,35-44,1,0
CUST00087,43,Male,California,Clothing,Fall,5,95.29,1,20,Debit Card,Free Shipping,1.0,0.22,0.883,476.45000000000005,Mid,0,0,0,35-44,1,0
CUST00088,42,Female,Virginia,Outerwear,Summer,27,153.36,1,25,Debit Card,Standard,3.2,0.34,0.792,4140.72,High,0,0,0,35-44,1,0
CUST00089,62,Male,New York,Footwear,Summer,2,121.38,0,0,Debit Card,Express,2.0,0.13,0.15,242.76,Mid,0,0,0,55-64,1,0
CUST00090,58,Male,Texas,Outerwear,Fall,5,92.14,0,0,Debit Card,Free Shipping,5.0,0.11,0.0,460.7,Mid,1,0,0,55-64,1,0
CUST00091,46,Female,Texas,Clothing,Summer,11,211.87,0,0,PayPal,Standard,5.0,0.12,0.0,2330.57,High,1,1,1,45-54,1,0
CUST00092,32,Male,Florida,Footwear,Summer,10,174.89,0,0,Debit Card,Standard,5.0,0.1,0.0,1748.8999999999999,High,1,1,1,25-34,1,0
CUST00093,62,Male,Texas,Clothing,Fall,5,23.27,1,15,Credit Card,Standard,5.0,0.24,0.675,116.35,Low,1,0,0,55-64,0,1
CUST00094,18,Female,New York,Accessories,Spring,5,82.77,1,20,Apple Pay,Standard,5.0,0.15,0.733,413.84999999999997,Mid,1,0,0,18-24,0,0
CUST00095,42,Female,California,Clothing,Winter,19,230.65,0,0,Credit Card,Overnight,4.9,0.03,0.0,4382.35,High,1,1,1,35-44,1,0
CUST00096,24,Male,New York,Clothing,Summer,2,80.77,1,5,Buy Now Pay Later,Free Shipping,5.0,0.22,0.558,161.54,Low,1,0,0,18-24,0,1
CUST00097,26,Male,Washington,Clothing,Fall,6,80.98,0,0,Credit Card,Free Shipping,2.0,0.07,0.15,485.88,Mid,0,0,0,25-34,0,0
CUST00098,41,Male,Florida,Footwear,Summer,5,111.6,1,10,Buy Now Pay Later,Free Shipping,3.4,0.24,0.617,558.0,High,0,0,0,35-44,1,0
CUST00099,18,Female,New York,Clothing,Fall,18,146.21,0,0,Credit Card,Standard,3.1,0.06,0.0,2631.78,High,0,1,0,18-24,1,0
CUST00100,61,Male,Georgia,Clothing,Summer,14,187.73,0,0,Credit Card,Standard,3.3,0.0,0.0,2628.22,High,0,1,0,55-64,1,0
CUST00101,25,Male,Massachusetts,Clothing,Fall,3,98.21,1,5,Credit Card,Free Shipping,3.0,0.21,0.558,294.63,Mid,0,0,0,25-34,1,0
CUST00102,41,Female,Georgia,Clothing,Spring,4,84.94,0,0,PayPal,Standard,3.9,0.26,0.0,339.76,Mid,0,0,0,35-44,0,0
CUST00103,28,Female,New York,Outerwear,Summer,1,48.29,1,10,Apple Pay,Standard,1.1,0.25,0.767,48.29,Low,0,0,0,25-34,0,1
CUST00104,34,Male,Georgia,Clothing,Fall,7,101.09,1,20,Debit Card,Free Shipping,5.0,0.12,0.733,707.63,High,1,0,1,25-34,1,0
CUST00105,25,Female,Texas,Clothing,Fall,2,99.0,0,0,Buy Now Pay Later,Express,3.1,0.08,0.0,198.0,Low,0,0,0,25-34,1,0
CUST00106,52,Female,California,Footwear,Spring,24,86.51,0,0,Debit Card,Standard,5.0,0.1,0.0,2076.2400000000002,High,1,1,1,45-54,1,0
CUST00107,52,Male,New York,Footwear,Summer,2,87.31,1,25,PayPal,Free Shipping,1.9,0.29,0.942,174.62,Low,0,0,0,45-54,1,1
CUST00108,50,Male,Ohio,Footwear,Spring,2,99.17,1,15,Apple Pay,Free Shipping,1.8,0.12,0.825,198.34,Low,0,0,0,45-54,1,1
CUST00109,22,Female,Texas,Footwear,Winter,5,79.24,0,0,Credit Card,Standard,2.0,0.24,0.15,396.2,Mid,0,0,0,18-24,0,0
CUST00110,59,Male,California,Outerwear,Winter,4,103.5,1,15,Debit Card,Free Shipping,3.0,0.16,0.675,414.0,Mid,0,0,0,55-64,1,0
CUST00111,56,Female,California,Clothing,Summer,3,71.38,1,10,Apple Pay,Standard,1.6,0.52,0.767,214.14,Low,0,0,0,55-64,0,1
CUST00112,58,Male,Virginia,Outerwear,Summer,5,38.57,1,10,Apple Pay,Express,4.9,0.12,0.617,192.85,Low,1,0,0,55-64,0,1
CUST00113,45,Male,Arizona,Footwear,Summer,3,102.44,0,0,Buy Now Pay Later,Free Shipping,5.0,0.27,0.0,307.32,Mid,1,0,0,45-54,1,0
CUST00114,24,Male,Texas,Accessories,Spring,6,112.57,1,15,Apple Pay,Free Shipping,4.9,0.31,0.675,675.42,High,1,0,0,18-24,1,0
CUST00115,26,Male,Illinois,Footwear,Fall,6,52.36,1,15,Credit Card,Standard,3.5,0.14,0.675,314.15999999999997,Mid,0,0,0,25-34,0,0
CUST00116,25,Male,Illinois,Footwear,Summer,4,23.73,1,20,Apple Pay,Standard,5.0,0.04,0.733,94.92,Low,1,0,0,25-34,0,1
CUST00117,29,Male,Arizona,Clothing,Summer,5,76.01,1,15,Debit Card,Standard,1.8,0.14,0.825,380.05,Mid,0,0,0,25-34,0,0
CUST00118,51,Female,Texas,Clothing,Spring,3,48.36,0,0,Buy Now Pay Later,Express,3.9,0.51,0.0,145.07999999999998,Low,0,0,0,45-54,0,0
CUST00119,50,Non-binary,Virginia,Outerwear,Spring,7,52.1,1,20,Debit Card,Standard,4.2,0.25,0.733,364.7,Mid,1,0,0,45-54,0,0
CUST00120,40,Female,New York,Accessories,Winter,6,88.31,0,0,Debit Card,Express,3.9,0.11,0.0,529.86,High,0,0,0,35-44,1,0
CUST00121,41,Female,Colorado,Clothing,Winter,5,15.0,1,25,Debit Card,Standard,3.6,0.18,0.792,75.0,Low,0,0,0,35-44,0,1
CUST00122,54,Male,California,Footwear,Spring,2,51.75,1,25,Credit Card,Express,3.0,0.23,0.792,103.5,Low,0,0,0,45-54,0,1
CUST00123,52,Non-binary,New York,Accessories,Fall,6,71.57,0,0,Credit Card,Standard,5.0,0.42,0.0,429.41999999999996,Mid,1,0,0,45-54,0,0
CUST00124,61,Male,New York,Clothing,Spring,1,149.73,0,0,Apple Pay,Free Shipping,2.9,0.25,0.15,149.73,Low,0,0,0,55-64,1,0
CUST00125,57,Female,Illinois,Footwear,Winter,3,79.53,0,0,Apple Pay,Standard,1.0,0.39,0.15,238.59,Mid,0,0,0,55-64,0,0
CUST00126,39,Non-binary,California,Footwear,Spring,7,159.62,0,0,Credit Card,Standard,2.8,0.13,0.15,1117.3400000000001,High,0,1,0,35-44,1,0
CUST00127,44,Female,Ohio,Clothing,Fall,14,111.07,1,20,PayPal,Free Shipping,4.8,0.05,0.733,1554.98,High,1,0,1,35-44,1,0
CUST00128,52,Non-binary,Texas,Outerwear,Fall,4,100.69,0,0,PayPal,Overnight,4.9,0.27,0.0,402.76,Mid,1,0,0,45-54,1,0
CUST00129,18,Female,Colorado,Clothing,Spring,3,78.02,1,20,Debit Card,Standard,5.0,0.21,0.733,234.06,Mid,1,0,0,18-24,0,0
CUST00130,52,Male,Ohio,Accessories,Fall,10,129.45,0,0,Credit Card,Standard,5.0,0.1,0.0,1294.5,High,1,1,1,45-54,1,0
CUST00131,54,Male,Washington,Clothing,Winter,10,166.16,0,0,Apple Pay,Overnight,5.0,0.06,0.0,1661.6,High,1,1,1,45-54,1,0
CUST00132,64,Female,Georgia,Footwear,Spring,17,166.17,0,0,PayPal,Standard,4.3,0.09,0.0,2824.89,High,1,1,1,55-64,1,0
CUST00133,31,Male,Arizona,Clothing,Fall,6,82.6,1,15,Debit Card,Free Shipping,1.2,0.16,0.825,495.59999999999997,High,0,0,0,25-34,0,0
CUST00134,20,Female,New York,Clothing,Summer,3,70.67,1,20,PayPal,Express,1.0,0.21,0.883,212.01,Low,0,0,0,18-24,0,1
CUST00135,18,Non-binary,Ohio,Footwear,Summer,4,69.26,1,25,Credit Card,Standard,2.9,0.04,0.942,277.04,Mid,0,0,0,18-24,0,0
CUST00136,22,Male,New York,Clothing,Fall,1,145.97,0,0,Debit Card,Express,2.2,0.18,0.15,145.97,Low,0,0,0,18-24,1,0
CUST00137,43,Female,Washington,Footwear,Winter,6,73.85,1,5,Credit Card,Overnight,1.0,0.58,0.708,443.09999999999997,Mid,0,0,0,35-44,0,0
CUST00138,31,Female,Georgia,Accessories,Summer,1,45.34,1,5,Credit Card,Free Shipping,1.7,0.46,0.708,45.34,Low,0,0,0,25-34,0,1
CUST00139,56,Female,New York,Outerwear,Winter,4,65.38,0,0,PayPal,Standard,2.9,0.5,0.15,261.52,Mid,0,0,0,55-64,0,0
CUST00140,44,Non-binary,New York,Accessories,Spring,3,85.68,1,25,Apple Pay,Express,4.5,0.09,0.792,257.04,Mid,1,0,0,35-44,1,0
CUST00141,26,Female,Florida,Clothing,Winter,3,80.71,1,15,Debit Card,Standard,1.9,0.17,0.825,242.13,Mid,0,0,0,25-34,0,0
CUST00142,32,Non-binary,North Carolina,Clothing,Spring,6,60.63,1,30,Credit Card,Express,1.0,0.15,1.0,363.78000000000003,Mid,0,0,0,25-34,0,0
CUST00143,32,Female,Massachusetts,Outerwear,Spring,1,33.24,1,10,PayPal,Free Shipping,1.9,0.22,0.767,33.24,Low,0,0,0,25-34,0,1
CUST00144,43,Male,Illinois,Footwear,Winter,26,104.14,1,5,Apple Pay,Standard,4.2,0.07,0.558,2707.64,High,1,0,1,35-44,1,0
CUST00145,59,Male,Arizona,Clothing,Summer,7,63.59,0,0,PayPal,Free Shipping,4.7,0.06,0.0,445.13,Mid,1,1,0,55-64,0,0
CUST00146,30,Female,Massachusetts,Footwear,Spring,2,97.62,0,0,Apple Pay,Express,1.0,0.34,0.15,195.24,Low,0,0,0,25-34,1,0
CUST00147,49,Male,California,Accessories,Winter,3,73.34,1,10,Debit Card,Free Shipping,1.8,0.27,0.767,220.02,Mid,0,0,0,45-54,0,0
CUST00148,56,Female,Texas,Outerwear,Winter,7,23.53,1,20,PayPal,Free Shipping,2.2,0.08,0.883,164.71,Low,0,0,0,55-64,0,1
CUST00149,49,Female,Colorado,Outerwear,Fall,13,198.23,0,0,Credit Card,Standard,5.0,0.14,0.0,2576.99,High,1,1,1,45-54,1,0
CUST00150,21,Male,North Carolina,Outerwear,Winter,5,34.45,1,20,Credit Card,Standard,1.1,0.41,0.883,172.25,Low,0,0,0,18-24,0,1
CUST00151,47,Female,Virginia,Outerwear,Summer,1,96.78,0,0,Debit Card,Standard,2.1,0.1,0.15,96.78,Low,0,0,0,45-54,1,0
CUST00152,54,Female,Florida,Outerwear,Fall,1,66.66,0,0,Debit Card,Standard,2.8,0.15,0.15,66.66,Low,0,0,0,45-54,0,0
CUST00153,40,Female,California,Clothing,Fall,7,62.63,1,20,Buy Now Pay Later,Express,4.0,0.74,0.733,438.41,Mid,1,0,0,35-44,0,0
CUST00154,56,Male,Florida,Footwear,Winter,2,93.36,1,15,Apple Pay,Express,1.0,0.4,0.825,186.72,Low,0,0,0,55-64,1,1
CUST00155,62,Male,Texas,Footwear,Winter,2,36.75,1,10,Credit Card,Free Shipping,5.0,0.06,0.617,73.5,Low,1,0,0,55-64,0,1
CUST00156,32,Male,New York,Outerwear,Spring,2,135.41,1,30,Credit Card,Express,1.0,0.29,1.0,270.82,Mid,0,0,0,25-34,1,0
CUST00157,60,Female,Ohio,Accessories,Summer,1,52.63,1,5,Debit Card,Free Shipping,2.9,0.12,0.708,52.63,Low,0,0,0,55-64,0,1
CUST00158,46,Male,California,Clothing,Fall,5,98.49,1,10,Credit Card,Free Shipping,3.0,0.06,0.617,492.45,Mid,0,0,0,45-54,1,0
CUST00159,53,Female,North Carolina,Accessories,Winter,29,210.99,0,0,PayPal,Free Shipping,3.1,0.05,0.0,6118.71,High,0,1,0,45-54,1,0
CUST00160,30,Male,Florida,Footwear,Summer,4,96.92,1,30,Apple Pay,Standard,5.0,0.15,0.85,387.68,Mid,1,0,0,25-34,1,0
CUST00161,49,Male,Washington,Clothing,Spring,1,46.2,1,25,Buy Now Pay Later,Express,5.0,0.1,0.792,46.2,Low,1,0,0,45-54,0,1
CUST00162,24,Female,California,Clothing,Spring,4,41.17,1,30,PayPal,Standard,4.5,0.18,0.85,164.68,Low,1,0,0,18-24,0,1
CUST00163,39,Female,New York,Accessories,Summer,3,98.72,1,20,Apple Pay,Standard,3.0,0.22,0.733,296.15999999999997,Mid,0,0,0,35-44,1,0
CUST00164,45,Male,California,Clothing,Spring,2,104.06,0,0,Debit Card,Standard,5.0,0.39,0.0,208.12,Low,1,0,0,45-54,1,0
CUST00165,19,Male,Tennessee,Clothing,Spring,24,163.64,1,25,Credit Card,Free Shipping,3.1,0.04,0.792,3927.3599999999997,High,0,0,0,18-24,1,0
CUST00166,59,Male,Ohio,Clothing,Summer,6,133.91,0,0,Debit Card,Express,4.0,0.51,0.0,803.46,High,1,0,0,55-64,1,0
CUST00167,62,Female,Florida,Outerwear,Fall,4,79.51,1,10,Debit Card,Express,4.0,0.09,0.617,318.04,Mid,1,0,0,55-64,0,0
CUST00168,23,Female,Texas,Footwear,Fall,20,197.61,0,0,PayPal,Free Shipping,3.1,0.03,0.0,3952.2000000000003,High,0,1,0,18-24,1,0
CUST00169,45,Male,Tennessee,Clothing,Fall,2,118.37,1,10,Credit Card,Standard,5.0,0.13,0.617,236.74,Mid,1,0,0,45-54,1,0
CUST00170,45,Male,New York,Footwear,Summer,2,91.17,0,0,Debit Card,Express,1.0,0.13,0.15,182.34,Low,0,0,0,45-54,1,0
CUST00171,61,Male,Texas,Footwear,Spring,5,44.55,1,10,Debit Card,Free Shipping,2.1,0.36,0.767,222.75,Mid,0,0,0,55-64,0,0
CUST00172,61,Female,Washington,Clothing,Summer,4,48.2,1,10,Buy Now Pay Later,Standard,2.7,0.21,0.767,192.8,Low,0,0,0,55-64,0,1
CUST00173,37,Non-binary,Tennessee,Clothing,Fall,5,60.51,1,20,Debit Card,Express,4.1,0.54,0.733,302.55,Mid,1,0,0,35-44,0,0
CUST00174,47,Male,California,Footwear,Summer,9,182.65,1,10,PayPal,Standard,4.1,0.02,0.617,1643.8500000000001,High,1,0,1,45-54,1,0
CUST00175,28,Female,Texas,Accessories,Summer,1,112.61,1,5,PayPal,Free Shipping,2.3,0.19,0.708,112.61,Low,0,0,0,25-34,1,1
CUST00176,45,Male,Tennessee,Footwear,Summer,1,126.69,1,25,Credit Card,Standard,2.8,0.21,0.942,126.69,Low,0,0,0,45-54,1,1
CUST00177,42,Male,Texas,Accessories,Spring,3,68.74,1,10,Debit Card,Standard,1.0,0.34,0.767,206.21999999999997,Low,0,0,0,35-44,0,1
CUST00178,56,Female,California,Clothing,Winter,4,35.96,0,0,Apple Pay,Express,1.2,0.28,0.15,143.84,Low,0,0,0,55-64,0,0
CUST00179,50,Female,Washington,Outerwear,Winter,4,24.8,1,15,Debit Card,Standard,3.8,0.52,0.675,99.2,Low,0,0,0,45-54,0,1
CUST00180,18,Female,Virginia,Clothing,Summer,2,77.5,0,0,Buy Now Pay Later,Standard,3.8,0.05,0.0,155.0,Low,0,0,0,18-24,0,0
CUST00181,44,Female,Florida,Footwear,Fall,7,84.66,0,0,Credit Card,Express,4.0,0.45,0.0,592.62,High,1,1,0,35-44,0,0
CUST00182,30,Male,Michigan,Clothing,Spring,22,199.88,0,0,Credit Card,Standard,4.0,0.01,0.0,4397.36,High,1,1,1,25-34,1,0
CUST00183,58,Female,Colorado,Clothing,Winter,26,200.58,1,10,Apple Pay,Express,5.0,0.08,0.617,5215.08,High,1,0,1,55-64,1,0
CUST00184,20,Male,California,Accessories,Winter,5,101.3,1,5,Apple Pay,Express,1.1,0.48,0.708,506.5,High,0,0,0,18-24,1,0
CUST00185,56,Female,Michigan,Clothing,Spring,3,83.62,1,5,Buy Now Pay Later,Express,4.1,0.06,0.558,250.86,Mid,1,0,0,55-64,0,0
CUST00186,23,Male,Florida,Accessories,Winter,1,102.04,1,15,PayPal,Overnight,4.0,0.42,0.675,102.04,Low,1,0,0,18-24,1,1
CUST00187,25,Female,New York,Clothing,Summer,19,140.74,0,0,Buy Now Pay Later,Standard,5.0,0.05,0.0,2674.0600000000004,High,1,1,1,25-34,1,0
CUST00188,44,Male,Illinois,Accessories,Fall,5,93.74,0,0,Apple Pay,Standard,1.0,0.29,0.15,468.7,Mid,0,0,0,35-44,1,0
CUST00189,26,Male,New York,Footwear,Summer,3,28.05,0,0,Apple Pay,Free Shipping,4.0,0.27,0.0,84.15,Low,1,0,0,25-34,0,0
CUST00190,54,Female,California,Clothing,Spring,2,134.27,0,0,Debit Card,Free Shipping,3.7,0.28,0.0,268.54,Mid,0,0,0,45-54,1,0
CUST00191,50,Male,California,Outerwear,Winter,3,33.96,1,10,Debit Card,Standard,4.2,0.26,0.617,101.88,Low,1,0,0,45-54,0,1
CUST00192,59,Female,Florida,Clothing,Spring,27,149.67,0,0,Buy Now Pay Later,Express,3.2,0.13,0.0,4041.0899999999997,High,0,1,0,55-64,1,0
CUST00193,61,Male,North Carolina,Clothing,Summer,1,85.07,1,25,Debit Card,Express,1.1,0.27,0.942,85.07,Low,0,0,0,55-64,0,1
CUST00194,41,Male,Washington,Footwear,Winter,27,213.31,1,5,Debit Card,Express,3.1,0.02,0.558,5759.37,High,0,0,0,35-44,1,0
CUST00195,32,Male,Michigan,Accessories,Summer,6,52.77,0,0,Debit Card,Overnight,1.0,0.17,0.15,316.62,Mid,0,0,0,25-34,0,0
CUST00196,49,Male,New York,Accessories,Winter,2,82.96,0,0,Debit Card,Standard,4.7,0.22,0.0,165.92,Low,1,0,0,45-54,0,0
CUST00197,49,Female,New York,Clothing,Spring,1,119.4,0,0,Debit Card,Overnight,3.2,0.25,0.0,119.4,Low,0,0,0,45-54,1,0
CUST00198,41,Male,Texas,Footwear,Winter,7,97.16,0,0,Credit Card,Standard,5.0,0.43,0.0,680.12,High,1,1,0,35-44,1,0
CUST00199,58,Female,Texas,Footwear,Summer,2,102.18,0,0,Apple Pay,Express,2.0,0.39,0.15,204.36,Low,0,0,0,55-64,1,0
CUST00200,29,Female,New York,Clothing,Summer,5,99.74,1,10,Debit Card,Free Shipping,5.0,0.18,0.617,498.7,High,1,0,1,25-34,1,0
CUST00201,56,Male,Ohio,Clothing,Winter,7,69.7,1,5,Debit Card,Express,2.1,0.61,0.708,487.90000000000003,Mid,0,0,0,55-64,0,0
CUST00202,19,Female,Massachusetts,Footwear,Winter,2,46.17,1,10,Credit Card,Standard,4.1,0.24,0.617,92.34,Low,1,0,0,18-24,0,1
CUST00203,20,Female,Michigan,Accessories,Summer,4,48.73,1,15,Credit Card,Free Shipping,2.0,0.33,0.825,194.92,Low,0,0,0,18-24,0,1
CUST00204,54,Female,Texas,Clothing,Winter,17,158.23,0,0,Credit Card,Free Shipping,4.6,0.03,0.0,2689.91,High,1,1,1,45-54,1,0
CUST00205,34,Male,Virginia,Clothing,Spring,7,53.01,1,10,PayPal,Free Shipping,3.1,0.1,0.617,371.07,Mid,0,0,0,25-34,0,0
CUST00206,19,Male,New York,Clothing,Spring,5,63.75,1,15,Credit Card,Express,1.1,0.32,0.825,318.75,Mid,0,0,0,18-24,0,0
CUST00207,19,Female,California,Accessories,Fall,17,195.74,0,0,Apple Pay,Standard,4.7,0.11,0.0,3327.58,High,1,1,1,18-24,1,0
CUST00208,45,Female,Virginia,Footwear,Fall,5,110.52,1,20,Credit Card,Free Shipping,1.0,0.14,0.883,552.6,High,0,0,0,45-54,1,0
CUST00209,40,Female,Arizona,Accessories,Summer,4,32.6,1,30,Credit Card,Express,2.2,0.4,1.0,130.4,Low,0,0,0,35-44,0,1
CUST00210,54,Male,Texas,Accessories,Spring,7,52.6,1,10,Credit Card,Free Shipping,4.2,0.42,0.617,368.2,Mid,1,0,0,45-54,0,0
CUST00211,49,Female,Florida,Outerwear,Winter,2,83.52,0,0,Credit Card,Standard,3.5,0.18,0.0,167.04,Low,0,0,0,45-54,0,0
CUST00212,50,Male,New York,Accessories,Winter,2,39.15,1,20,PayPal,Standard,5.0,0.51,0.733,78.3,Low,1,0,0,45-54,0,1
CUST00213,18,Female,Georgia,Accessories,Fall,13,162.72,0,0,Apple Pay,Free Shipping,4.0,0.13,0.0,2115.36,High,1,1,1,18-24,1,0
CUST00214,36,Male,Florida,Clothing,Winter,5,47.59,1,25,PayPal,Express,2.0,0.41,0.942,237.95000000000002,Mid,0,0,0,35-44,0,0
CUST00215,19,Female,Michigan,Footwear,Winter,2,75.84,0,0,Credit Card,Standard,1.0,0.14,0.15,151.68,Low,0,0,0,18-24,0,0
CUST00216,61,Male,California,Accessories,Summer,2,73.1,1,20,Credit Card,Standard,1.8,0.25,0.883,146.2,Low,0,0,0,55-64,0,1
CUST00217,43,Male,New York,Clothing,Spring,4,45.99,1,10,Debit Card,Express,3.1,0.34,0.617,183.96,Low,0,0,0,35-44,0,1
CUST00218,49,Female,Florida,Outerwear,Winter,1,143.55,0,0,Buy Now Pay Later,Standard,3.9,0.56,0.0,143.55,Low,0,0,0,45-54,1,0
CUST00219,23,Male,Illinois,Outerwear,Fall,14,154.85,0,0,Credit Card,Express,3.1,0.11,0.0,2167.9,High,0,1,0,18-24,1,0
CUST00220,49,Male,New York,Footwear,Winter,6,46.22,0,0,PayPal,Express,3.2,0.37,0.0,277.32,Mid,0,0,0,45-54,0,0
CUST00221,21,Male,Georgia,Accessories,Fall,6,63.6,0,0,Debit Card,Free Shipping,1.0,0.27,0.15,381.6,Mid,0,0,0,18-24,0,0
CUST00222,28,Female,Virginia,Accessories,Summer,25,131.91,1,30,Credit Card,Standard,4.8,0.02,0.85,3297.75,High,1,0,1,25-34,1,0
CUST00223,34,Female,Tennessee,Clothing,Winter,3,42.72,1,10,Debit Card,Free Shipping,1.0,0.16,0.767,128.16,Low,0,0,0,25-34,0,1
CUST00224,55,Male,Ohio,Clothing,Fall,5,125.17,0,0,Credit Card,Standard,4.3,0.29,0.0,625.85,High,1,0,0,55-64,1,0
CUST00225,41,Female,Virginia,Footwear,Spring,1,40.52,1,15,PayPal,Express,1.0,0.45,0.825,40.52,Low,0,0,0,35-44,0,1
CUST00226,22,Female,Illinois,Accessories,Fall,29,218.51,0,0,Credit Card,Standard,4.9,0.14,0.0,6336.79,High,1,1,1,18-24,1,0
CUST00227,51,Male,North Carolina,Outerwear,Fall,22,181.33,0,0,PayPal,Overnight,5.0,0.38,0.0,3989.26,High,1,1,0,45-54,1,0
CUST00228,23,Female,New York,Clothing,Spring,5,66.32,1,15,Credit Card,Free Shipping,2.1,0.56,0.825,331.59999999999997,Mid,0,0,0,18-24,0,0
CUST00229,39,Female,Florida,Accessories,Summer,6,121.02,0,0,Buy Now Pay Later,Free Shipping,1.1,0.26,0.15,726.12,High,0,0,0,35-44,1,0
CUST00230,28,Female,New York,Footwear,Fall,25,111.66,1,25,Credit Card,Express,5.0,0.11,0.792,2791.5,High,1,0,1,25-34,1,0
CUST00231,33,Male,Florida,Accessories,Summer,4,97.72,0,0,Apple Pay,Express,2.9,0.27,0.15,390.88,Mid,0,0,0,25-34,1,0
CUST00232,50,Female,New York,Outerwear,Summer,4,86.45,1,10,Apple Pay,Free Shipping,2.1,0.27,0.767,345.8,Mid,0,0,0,45-54,1,0
CUST00233,26,Female,Tennessee,Outerwear,Fall,1,81.54,1,20,Buy Now Pay Later,Free Shipping,1.4,0.35,0.883,81.54,Low,0,0,0,25-34,0,1
CUST00234,23,Male,New York,Clothing,Fall,15,151.23,0,0,Debit Card,Free Shipping,4.4,0.14,0.0,2268.45,High,1,1,1,18-24,1,0
CUST00235,33,Male,California,Clothing,Fall,2,55.07,1,10,PayPal,Standard,2.0,0.54,0.767,110.14,Low,0,0,0,25-34,0,1
CUST00236,46,Male,Illinois,Clothing,Fall,2,73.48,1,25,Debit Card,Free Shipping,4.0,0.23,0.792,146.96,Low,1,0,0,45-54,0,1
CUST00237,20,Male,California,Footwear,Winter,22,123.44,1,30,Credit Card,Standard,4.4,0.22,0.85,2715.68,High,1,0,1,18-24,1,0
CUST00238,37,Female,California,Clothing,Fall,21,144.69,0,0,Debit Card,Standard,4.9,0.24,0.0,3038.49,High,1,1,1,35-44,1,0
CUST00239,53,Male,Texas,Footwear,Spring,1,75.68,1,20,Credit Card,Standard,1.5,0.32,0.883,75.68,Low,0,0,0,45-54,0,1
CUST00240,36,Male,Florida,Accessories,Summer,2,105.09,1,15,Buy Now Pay Later,Standard,4.1,0.3,0.675,210.18,Low,1,0,0,35-44,1,1
CUST00241,43,Female,Florida,Footwear,Spring,1,114.9,0,0,Credit Card,Free Shipping,4.1,0.25,0.0,114.9,Low,1,0,0,35-44,1,0
CUST00242,20,Male,Ohio,Footwear,Fall,5,140.96,0,0,Debit Card,Free Shipping,2.1,0.3,0.15,704.8000000000001,High,0,0,0,18-24,1,0
CUST00243,36,Non-binary,Georgia,Accessories,Winter,7,90.13,0,0,PayPal,Free Shipping,1.0,0.44,0.15,630.91,High,0,1,0,35-44,1,0
CUST00244,37,Male,Florida,Accessories,Winter,7,89.13,0,0,Debit Card,Express,1.0,0.27,0.15,623.91,High,0,1,0,35-44,1,0
CUST00245,49,Male,New York,Clothing,Summer,24,98.94,0,0,PayPal,Express,4.8,0.11,0.0,2374.56,High,1,1,1,45-54,1,0
CUST00246,24,Male,New York,Accessories,Fall,3,78.31,1,25,Credit Card,Overnight,2.2,0.29,0.942,234.93,Mid,0,0,0,18-24,0,0
CUST00247,58,Male,Ohio,Accessories,Fall,4,109.58,1,15,Debit Card,Standard,3.8,0.35,0.675,438.32,Mid,0,0,0,55-64,1,0
CUST00248,50,Male,California,Accessories,Fall,18,219.28,0,0,Credit Card,Free Shipping,2.7,0.13,0.15,3947.04,High,0,1,0,45-54,1,0
CUST00249,57,Female,California,Outerwear,Winter,7,100.61,0,0,Buy Now Pay Later,Overnight,3.0,0.25,0.0,704.27,High,0,1,0,55-64,1,0
CUST00250,56,Non-binary,Ohio,Outerwear,Summer,2,124.16,0,0,PayPal,Overnight,4.1,0.27,0.0,248.32,Mid,1,0,0,55-64,1,0
CUST00251,35,Male,Florida,Footwear,Fall,7,41.85,1,25,Buy Now Pay Later,Express,1.0,0.1,0.942,292.95,Mid,0,0,0,35-44,0,0
CUST00252,57,Female,California,Clothing,Spring,19,137.89,0,0,Credit Card,Free Shipping,5.0,0.04,0.0,2619.91,High,1,1,1,55-64,1,0
CUST00253,18,Female,Texas,Footwear,Spring,3,90.27,1,15,Credit Card,Standard,2.2,0.09,0.825,270.81,Mid,0,0,0,18-24,1,0
CUST00254,28,Female,Tennessee,Clothing,Winter,6,17.0,1,15,Credit Card,Standard,4.1,0.3,0.675,102.0,Low,1,0,0,25-34,0,1
CUST00255,45,Male,Virginia,Clothing,Fall,1,62.94,1,5,Credit Card,Free Shipping,2.0,0.13,0.708,62.94,Low,0,0,0,45-54,0,1
CUST00256,42,Male,Colorado,Clothing,Fall,7,39.06,1,15,Credit Card,Express,4.9,0.44,0.675,273.42,Mid,1,0,0,35-44,0,0
CUST00257,40,Male,Florida,Clothing,Winter,15,178.17,0,0,PayPal,Free Shipping,4.2,0.07,0.0,2672.5499999999997,High,1,1,1,35-44,1,0
CUST00258,48,Female,Illinois,Clothing,Winter,3,59.85,1,15,Credit Card,Standard,3.1,0.31,0.675,179.55,Low,0,0,0,45-54,0,1
CUST00259,47,Female,Michigan,Accessories,Spring,2,83.69,0,0,Debit Card,Standard,4.8,0.4,0.0,167.38,Low,1,0,0,45-54,0,0
CUST00260,59,Male,Tennessee,Outerwear,Fall,17,58.43,0,0,Apple Pay,Free Shipping,5.0,0.06,0.0,993.31,High,1,1,1,55-64,0,0
CUST00261,52,Male,Texas,Clothing,Fall,17,197.34,0,0,PayPal,Express,3.1,0.18,0.0,3354.78,High,0,1,0,45-54,1,0
CUST00262,24,Female,North Carolina,Outerwear,Fall,11,135.63,0,0,Debit Card,Express,5.0,0.15,0.0,1491.9299999999998,High,1,1,1,18-24,1,0
CUST00263,33,Female,Texas,Clothing,Spring,2,130.43,0,0,Debit Card,Standard,4.9,0.07,0.0,260.86,Mid,1,0,0,25-34,1,0
CUST00264,43,Non-binary,Texas,Clothing,Fall,1,85.55,1,25,Debit Card,Standard,3.2,0.42,0.792,85.55,Low,0,0,0,35-44,1,1
CUST00265,19,Female,Colorado,Accessories,Summer,3,77.91,1,5,Credit Card,Overnight,1.0,0.18,0.708,233.73,Mid,0,0,0,18-24,0,0
CUST00266,18,Male,Florida,Footwear,Summer,5,136.31,0,0,PayPal,Standard,1.3,0.3,0.15,681.55,High,0,0,0,18-24,1,0
CUST00267,29,Female,Tennessee,Clothing,Fall,2,78.61,1,10,Debit Card,Free Shipping,1.6,0.32,0.767,157.22,Low,0,0,0,25-34,0,1
CUST00268,22,Female,California,Clothing,Spring,6,79.62,1,15,Apple Pay,Free Shipping,1.0,0.49,0.825,477.72,Mid,0,0,0,18-24,0,0
CUST00269,54,Male,Illinois,Accessories,Summer,29,150.61,1,30,PayPal,Standard,4.1,0.09,0.85,4367.6900000000005,High,1,0,1,45-54,1,0
CUST00270,49,Female,Massachusetts,Clothing,Summer,4,68.32,1,30,PayPal,Overnight,3.9,0.24,0.85,273.28,Mid,0,0,0,45-54,0,0
CUST00271,26,Female,Massachusetts,Footwear,Winter,27,152.91,0,0,Debit Card,Express,2.9,0.02,0.15,4128.57,High,0,1,0,25-34,1,0
CUST00272,58,Male,Texas,Accessories,Winter,4,109.55,1,5,Credit Card,Standard,4.9,0.33,0.558,438.2,Mid,1,0,0,55-64,1,0
CUST00273,52,Female,New York,Clothing,Winter,1,57.84,1,25,PayPal,Standard,1.8,0.17,0.942,57.84,Low,0,0,0,45-54,0,1
CUST00274,36,Female,Washington,Outerwear,Summer,4,44.64,1,25,Debit Card,Express,2.1,0.12,0.942,178.56,Low,0,0,0,35-44,0,1
CUST00275,33,Female,Texas,Clothing,Spring,3,84.43,1,15,Credit Card,Overnight,2.0,0.53,0.825,253.29000000000002,Mid,0,0,0,25-34,0,0
CUST00276,20,Male,Tennessee,Footwear,Fall,5,105.34,1,5,Credit Card,Express,5.0,0.12,0.558,526.7,High,1,0,1,18-24,1,0
CUST00277,37,Male,Massachusetts,Footwear,Winter,7,58.55,1,20,Credit Card,Express,2.0,0.17,0.883,409.84999999999997,Mid,0,0,0,35-44,0,0
CUST00278,41,Female,Texas,Outerwear,Summer,4,55.59,0,0,PayPal,Free Shipping,4.9,0.05,0.0,222.36,Mid,1,0,0,35-44,0,0
CUST00279,50,Male,California,Accessories,Spring,4,52.93,1,25,Credit Card,Free Shipping,5.0,0.53,0.792,211.72,Low,1,0,0,45-54,0,1
CUST00280,41,Female,California,Footwear,Spring,7,119.48,1,15,Debit Card,Express,2.6,0.22,0.825,836.36,High,0,0,0,35-44,1,0
CUST00281,28,Female,Massachusetts,Clothing,Summer,6,50.92,0,0,Debit Card,Free Shipping,2.5,0.15,0.15,305.52,Mid,0,0,0,25-34,0,0
CUST00282,25,Male,Texas,Footwear,Summer,6,44.98,1,10,Debit Card,Standard,3.7,0.13,0.617,269.88,Mid,0,0,0,25-34,0,0
CUST00283,53,Female,Florida,Accessories,Summer,9,246.03,1,15,Apple Pay,Free Shipping,4.9,0.07,0.675,2214.27,High,1,0,1,45-54,1,0
CUST00284,55,Female,Florida,Accessories,Summer,7,63.61,1,20,Apple Pay,Express,1.1,0.2,0.883,445.27,Mid,0,0,0,55-64,0,0
CUST00285,57,Male,Washington,Outerwear,Winter,7,42.2,0,0,Debit Card,Free Shipping,1.5,0.11,0.15,295.40000000000003,Mid,0,1,0,55-64,0,0
CUST00286,37,Female,California,Clothing,Spring,3,35.52,0,0,Credit Card,Express,5.0,0.19,0.0,106.56,Low,1,0,0,35-44,0,0
CUST00287,52,Female,Texas,Outerwear,Winter,4,105.09,0,0,Debit Card,Standard,1.0,0.22,0.15,420.36,Mid,0,0,0,45-54,1,0
CUST00288,42,Female,Tennessee,Outerwear,Summer,3,96.73,0,0,PayPal,Express,3.0,0.17,0.0,290.19,Mid,0,0,0,35-44,1,0
CUST00289,52,Female,Massachusetts,Accessories,Fall,2,105.37,0,0,Debit Card,Standard,4.6,0.45,0.0,210.74,Low,1,0,0,45-54,1,0
CUST00290,42,Male,Ohio,Accessories,Winter,1,46.62,1,15,PayPal,Overnight,1.5,0.41,0.825,46.62,Low,0,0,0,35-44,0,1
CUST00291,46,Female,California,Clothing,Summer,6,39.09,1,10,Credit Card,Express,3.0,0.47,0.617,234.54000000000002,Mid,0,0,0,45-54,0,0
CUST00292,35,Female,New York,Outerwear,Spring,7,93.48,1,10,PayPal,Free Shipping,3.8,0.33,0.617,654.36,High,0,0,0,35-44,1,0
CUST00293,63,Female,Arizona,Clothing,Winter,1,45.98,1,5,Credit Card,Overnight,2.0,0.2,0.708,45.98,Low,0,0,0,55-64,0,1
CUST00294,35,Female,Texas,Accessories,Summer,1,79.23,0,0,PayPal,Overnight,2.3,0.27,0.15,79.23,Low,0,0,0,35-44,0,0
CUST00295,19,Male,Massachusetts,Footwear,Winter,3,54.02,0,0,Credit Card,Standard,1.0,0.23,0.15,162.06,Low,0,0,0,18-24,0,0
CUST00296,52,Female,Arizona,Outerwear,Spring,7,99.88,1,30,PayPal,Free Shipping,2.7,0.46,1.0,699.16,High,0,0,0,45-54,1,0
CUST00297,33,Male,California,Footwear,Summer,6,93.83,1,20,Credit Card,Free Shipping,1.0,0.23,0.883,562.98,High,0,0,0,25-34,1,0
CUST00298,58,Male,Massachusetts,Footwear,Winter,6,150.64,1,15,Debit Card,Free Shipping,3.0,0.33,0.675,903.8399999999999,High,0,0,0,55-64,1,0
CUST00299,53,Male,Tennessee,Clothing,Winter,4,85.88,1,20,PayPal,Standard,3.1,0.52,0.733,343.52,Mid,0,0,0,45-54,1,0
CUST00300,50,Non-binary,California,Clothing,Spring,4,95.96,0,0,Credit Card,Express,2.3,0.2,0.15,383.84,Mid,0,0,0,45-54,1,0
CUST00301,21,Female,Illinois,Clothing,Fall,3,92.47,1,15,PayPal,Standard,4.2,0.57,0.675,277.40999999999997,Mid,1,0,0,18-24,1,0
CUST00302,50,Female,New York,Outerwear,Spring,16,135.95,1,5,PayPal,Express,3.7,0.14,0.558,2175.2,High,0,0,0,45-54,1,0
CUST00303,31,Female,Florida,Footwear,Spring,2,22.6,0,0,Debit Card,Standard,4.8,0.28,0.0,45.2,Low,1,0,0,25-34,0,0
CUST00304,38,Female,Texas,Footwear,Spring,5,104.41,1,5,Debit Card,Express,2.8,0.23,0.708,522.05,High,0,0,0,35-44,1,0
CUST00305,37,Female,Washington,Footwear,Spring,5,64.67,0,0,Debit Card,Express,2.2,0.18,0.15,323.35,Mid,0,0,0,35-44,0,0
CUST00306,25,Female,Tennessee,Accessories,Summer,1,76.48,1,10,Debit Card,Standard,3.1,0.26,0.617,76.48,Low,0,0,0,25-34,0,1
CUST00307,24,Male,Illinois,Clothing,Summer,4,23.79,1,15,Debit Card,Express,5.0,0.68,0.675,95.16,Low,1,0,0,18-24,0,1
CUST00308,20,Male,California,Clothing,Fall,6,53.48,1,20,PayPal,Free Shipping,2.1,0.26,0.883,320.88,Mid,0,0,0,18-24,0,0
CUST00309,34,Female,Arizona,Clothing,Fall,7,68.74,1,5,Debit Card,Standard,2.9,0.14,0.708,481.17999999999995,Mid,0,0,0,25-34,0,0
CUST00310,50,Female,New York,Footwear,Fall,1,105.63,1,10,Credit Card,Free Shipping,4.0,0.06,0.617,105.63,Low,1,0,0,45-54,1,1
CUST00311,29,Male,Virginia,Clothing,Summer,7,76.21,1,15,Credit Card,Standard,3.7,0.03,0.675,533.4699999999999,High,0,0,0,25-34,0,0
CUST00312,39,Male,Florida,Footwear,Spring,6,29.36,1,20,Credit Card,Standard,5.0,0.35,0.733,176.16,Low,1,0,0,35-44,0,1
CUST00313,39,Female,Texas,Footwear,Fall,4,53.42,1,20,Credit Card,Standard,3.9,0.08,0.733,213.68,Low,0,0,0,35-44,0,1
CUST00314,63,Male,Texas,Accessories,Summer,4,123.82,0,0,PayPal,Free Shipping,3.2,0.24,0.0,495.28,High,0,0,0,55-64,1,0
CUST00315,47,Female,Georgia,Clothing,Summer,2,65.74,1,5,PayPal,Express,5.0,0.13,0.558,131.48,Low,1,0,0,45-54,0,1
CUST00316,55,Non-binary,Texas,Clothing,Fall,9,87.11,1,5,Credit Card,Free Shipping,4.4,0.04,0.558,783.99,High,1,0,1,55-64,1,0
CUST00317,55,Male,Georgia,Clothing,Summer,7,65.86,0,0,Buy Now Pay Later,Express,5.0,0.4,0.0,461.02,Mid,1,1,0,55-64,0,0
CUST00318,62,Male,Texas,Footwear,Spring,3,96.72,0,0,Debit Card,Standard,4.1,0.33,0.0,290.15999999999997,Mid,1,0,0,55-64,1,0
CUST00319,25,Female,New York,Clothing,Fall,3,74.0,1,15,Apple Pay,Overnight,2.0,0.2,0.825,222.0,Mid,0,0,0,25-34,0,0
CUST00320,44,Female,Florida,Footwear,Winter,8,217.28,0,0,PayPal,Standard,3.9,0.24,0.0,1738.24,High,0,1,0,35-44,1,0
CUST00321,44,Female,Tennessee,Footwear,Winter,3,27.36,1,30,PayPal,Free Shipping,2.9,0.36,1.0,82.08,Low,0,0,0,35-44,0,1
CUST00322,51,Non-binary,Tennessee,Clothing,Summer,5,27.1,1,5,Credit Card,Standard,5.0,0.28,0.558,135.5,Low,1,0,0,45-54,0,1
CUST00323,38,Male,Texas,Footwear,Spring,6,93.52,0,0,Credit Card,Standard,3.7,0.31,0.0,561.12,High,0,0,0,35-44,1,0
CUST00324,47,Female,New York,Footwear,Summer,1,69.04,1,20,Credit Card,Free Shipping,5.0,0.19,0.733,69.04,Low,1,0,0,45-54,0,1
CUST00325,50,Female,California,Footwear,Spring,7,63.03,1,5,PayPal,Free Shipping,2.7,0.08,0.708,441.21000000000004,Mid,0,0,0,45-54,0,0
CUST00326,45,Female,Illinois,Clothing,Winter,5,46.23,1,15,Credit Card,Standard,3.1,0.21,0.675,231.14999999999998,Mid,0,0,0,45-54,0,0
CUST00327,64,Male,Florida,Clothing,Spring,4,105.48,1,20,PayPal,Free Shipping,3.9,0.42,0.733,421.92,Mid,0,0,0,55-64,1,0
CUST00328,50,Female,Massachusetts,Clothing,Winter,2,119.67,0,0,Credit Card,Standard,3.1,0.15,0.0,239.34,Mid,0,0,0,45-54,1,0
CUST00329,22,Female,Tennessee,Clothing,Winter,7,100.0,1,10,Apple Pay,Free Shipping,3.9,0.18,0.617,700.0,High,0,0,0,18-24,1,0
CUST00330,36,Male,New York,Footwear,Fall,2,127.28,1,10,Credit Card,Overnight,4.9,0.23,0.617,254.56,Mid,1,0,0,35-44,1,0
CUST00331,21,Male,Illinois,Footwear,Spring,4,41.89,1,10,Credit Card,Standard,5.0,0.36,0.617,167.56,Low,1,0,0,18-24,0,1
CUST00332,52,Female,Massachusetts,Outerwear,Fall,6,94.65,0,0,Credit Card,Standard,1.0,0.2,0.15,567.9000000000001,High,0,0,0,45-54,1,0
CUST00333,34,Male,Ohio,Clothing,Summer,7,32.73,1,10,Debit Card,Standard,4.3,0.13,0.617,229.10999999999999,Mid,1,0,0,25-34,0,0
CUST00334,61,Male,California,Clothing,Winter,1,63.82,1,10,Credit Card,Standard,1.9,0.51,0.767,63.82,Low,0,0,0,55-64,0,1
CUST00335,45,Male,New York,Footwear,Summer,2,63.03,1,15,PayPal,Standard,3.9,0.23,0.675,126.06,Low,0,0,0,45-54,0,1
CUST00336,47,Female,Florida,Clothing,Summer,7,42.85,1,30,Credit Card,Express,5.0,0.42,0.85,299.95,Mid,1,0,0,45-54,0,0
CUST00337,46,Female,Texas,Clothing,Fall,4,62.7,1,25,Debit Card,Free Shipping,4.9,0.27,0.792,250.8,Mid,1,0,0,45-54,0,0
CUST00338,63,Female,Texas,Accessories,Spring,11,190.2,0,0,Apple Pay,Standard,3.9,0.04,0.0,2092.2,High,0,1,0,55-64,1,0
CUST00339,23,Male,California,Clothing,Fall,5,94.15,0,0,Credit Card,Express,1.1,0.33,0.15,470.75,Mid,0,0,0,18-24,1,0
CUST00340,52,Female,Arizona,Footwear,Summer,6,119.3,0,0,Buy Now Pay Later,Express,2.0,0.2,0.15,715.8,High,0,0,0,45-54,1,0
CUST00341,58,Female,Texas,Clothing,Fall,2,88.61,0,0,Buy Now Pay Later,Free Shipping,1.0,0.3,0.15,177.22,Low,0,0,0,55-64,1,0
CUST00342,54,Female,California,Footwear,Spring,6,26.38,0,0,Credit Card,Express,3.9,0.45,0.0,158.28,Low,0,0,0,45-54,0,0
CUST00343,41,Female,Texas,Footwear,Summer,6,50.34,1,20,Credit Card,Express,4.3,0.15,0.733,302.04,Mid,1,0,0,35-44,0,0
CUST00344,46,Male,Ohio,Clothing,Fall,5,62.96,1,5,Debit Card,Express,5.0,0.26,0.558,314.8,Mid,1,0,0,45-54,0,0
CUST00345,63,Female,Virginia,Outerwear,Fall,25,107.5,1,15,PayPal,Standard,3.9,0.01,0.675,2687.5,High,0,0,0,55-64,1,0
CUST00346,48,Male,Florida,Accessories,Spring,6,95.54,1,10,Debit Card,Standard,1.9,0.44,0.767,573.24,High,0,0,0,45-54,1,0
CUST00347,52,Female,Florida,Outerwear,Summer,5,103.64,1,10,PayPal,Express,3.1,0.23,0.617,518.2,High,0,0,0,45-54,1,0
CUST00348,50,Male,Michigan,Clothing,Summer,2,77.77,1,20,PayPal,Standard,2.3,0.33,0.883,155.54,Low,0,0,0,45-54,0,1
CUST00349,38,Male,Texas,Footwear,Spring,2,97.69,1,20,Credit Card,Express,1.0,0.23,0.883,195.38,Low,0,0,0,35-44,1,1
CUST00350,49,Male,Texas,Accessories,Fall,6,59.06,1,5,Apple Pay,Standard,4.8,0.06,0.558,354.36,Mid,1,0,0,45-54,0,0
CUST00351,40,Female,New York,Footwear,Summer,5,104.65,0,0,PayPal,Express,3.4,0.47,0.0,523.25,High,0,0,0,35-44,1,0
CUST00352,50,Male,Texas,Footwear,Winter,2,92.27,1,10,Debit Card,Standard,4.0,0.35,0.617,184.54,Low,1,0,0,45-54,1,1
CUST00353,20,Female,New York,Accessories,Summer,6,87.4,1,25,Apple Pay,Free Shipping,5.0,0.24,0.792,524.4000000000001,High,1,0,1,18-24,1,0
CUST00354,35,Male,Massachusetts,Outerwear,Winter,7,50.44,1,15,PayPal,Free Shipping,2.0,0.31,0.825,353.08,Mid,0,0,0,35-44,0,0
CUST00355,42,Male,Washington,Clothing,Fall,1,119.56,1,20,Credit Card,Standard,4.8,0.12,0.733,119.56,Low,1,0,0,35-44,1,1
CUST00356,59,Female,Florida,Clothing,Fall,3,40.2,1,30,Debit Card,Standard,4.0,0.2,0.85,120.60000000000001,Low,1,0,0,55-64,0,1
CUST00357,48,Male,Tennessee,Footwear,Winter,7,55.02,1,20,Debit Card,Express,4.2,0.46,0.733,385.14000000000004,Mid,1,0,0,45-54,0,0
CUST00358,20,Male,California,Footwear,Winter,16,183.41,1,5,Credit Card,Standard,5.0,0.01,0.558,2934.56,High,1,0,1,18-24,1,0
CUST00359,57,Female,Texas,Accessories,Spring,3,28.55,1,5,Buy Now Pay Later,Standard,4.9,0.12,0.558,85.65,Low,1,0,0,55-64,0,1
CUST00360,63,Male,Washington,Accessories,Winter,4,47.08,1,10,Credit Card,Standard,3.0,0.08,0.617,188.32,Low,0,0,0,55-64,0,1
CUST00361,41,Male,Washington,Outerwear,Spring,6,88.03,0,0,PayPal,Free Shipping,5.0,0.07,0.0,528.1800000000001,High,1,0,1,35-44,1,0
CUST00362,49,Male,California,Footwear,Summer,20,134.26,0,0,Debit Card,Free Shipping,5.0,0.09,0.0,2685.2,High,1,1,1,45-54,1,0
CUST00363,64,Female,Florida,Clothing,Fall,1,45.68,1,20,Credit Card,Express,2.1,0.37,0.883,45.68,Low,0,0,0,55-64,0,1
CUST00364,39,Female,Arizona,Clothing,Winter,6,79.27,1,10,Buy Now Pay Later,Express,1.1,0.48,0.767,475.62,Mid,0,0,0,35-44,0,0
CUST00365,40,Female,Colorado,Outerwear,Fall,3,47.78,1,15,Apple Pay,Free Shipping,1.0,0.13,0.825,143.34,Low,0,0,0,35-44,0,1
CUST00366,19,Female,Arizona,Footwear,Winter,3,117.9,1,20,Debit Card,Free Shipping,4.8,0.07,0.733,353.70000000000005,Mid,1,0,0,18-24,1,0
CUST00367,44,Male,New York,Outerwear,Winter,18,94.91,0,0,Credit Card,Free Shipping,4.2,0.11,0.0,1708.3799999999999,High,1,1,1,35-44,1,0
CUST00368,59,Male,California,Clothing,Fall,5,80.63,1,20,Credit Card,Standard,4.5,0.26,0.733,403.15,Mid,1,0,0,55-64,0,0
CUST00369,19,Female,Florida,Footwear,Summer,3,89.91,0,0,Debit Card,Standard,1.9,0.51,0.15,269.73,Mid,0,0,0,18-24,1,0
CUST00370,43,Male,California,Footwear,Summer,7,95.06,1,15,Credit Card,Overnight,2.7,0.15,0.825,665.4200000000001,High,0,0,0,35-44,1,0
CUST00371,34,Male,Tennessee,Clothing,Summer,4,87.02,0,0,Debit Card,Express,1.2,0.66,0.15,348.08,Mid,0,0,0,25-34,1,0
CUST00372,57,Male,Florida,Accessories,Summer,7,50.31,0,0,Buy Now Pay Later,Standard,5.0,0.07,0.0,352.17,Mid,1,1,0,55-64,0,0
CUST00373,50,Male,New York,Footwear,Spring,3,77.57,1,20,Debit Card,Standard,3.9,0.25,0.733,232.70999999999998,Mid,0,0,0,45-54,0,0
CUST00374,26,Non-binary,Georgia,Accessories,Summer,3,53.96,1,10,Apple Pay,Free Shipping,1.6,0.09,0.767,161.88,Low,0,0,0,25-34,0,1
CUST00375,60,Male,Illinois,Footwear,Summer,1,89.99,1,10,PayPal,Free Shipping,1.3,0.06,0.767,89.99,Low,0,0,0,55-64,1,1
CUST00376,56,Female,New York,Footwear,Winter,21,136.34,1,25,Debit Card,Standard,4.0,0.02,0.792,2863.14,High,1,0,1,55-64,1,0
CUST00377,46,Male,North Carolina,Outerwear,Summer,6,50.32,1,20,Apple Pay,Free Shipping,5.0,0.17,0.733,301.92,Mid,1,0,0,45-54,0,0
CUST00378,59,Non-binary,Virginia,Footwear,Summer,4,157.05,0,0,Debit Card,Express,2.9,0.24,0.15,628.2,High,0,0,0,55-64,1,0
CUST00379,43,Male,Colorado,Accessories,Winter,2,90.73,1,30,Apple Pay,Free Shipping,3.9,0.3,0.85,181.46,Low,0,0,0,35-44,1,1
CUST00380,52,Male,California,Clothing,Winter,1,78.92,1,5,Credit Card,Express,4.1,0.19,0.558,78.92,Low,1,0,0,45-54,0,1
CUST00381,42,Female,Washington,Footwear,Fall,2,102.76,0,0,Credit Card,Standard,4.9,0.05,0.0,205.52,Low,1,0,0,35-44,1,0
CUST00382,41,Female,Georgia,Accessories,Spring,4,91.86,1,5,Apple Pay,Express,1.0,0.08,0.708,367.44,Mid,0,0,0,35-44,1,0
CUST00383,30,Male,California,Clothing,Summer,3,62.76,1,5,Debit Card,Express,1.8,0.05,0.708,188.28,Low,0,0,0,25-34,0,1
CUST00384,24,Male,Texas,Accessories,Fall,6,83.99,1,20,Apple Pay,Express,3.0,0.23,0.733,503.93999999999994,High,0,0,0,18-24,0,0
CUST00385,53,Male,Virginia,Clothing,Spring,3,78.12,0,0,Buy Now Pay Later,Standard,1.1,0.35,0.15,234.36,Mid,0,0,0,45-54,0,0
CUST00386,62,Male,California,Footwear,Fall,7,26.91,1,25,Credit Card,Free Shipping,3.9,0.22,0.792,188.37,Low,0,0,0,55-64,0,1
CUST00387,37,Male,Georgia,Clothing,Summer,6,57.04,1,15,Debit Card,Standard,3.7,0.28,0.675,342.24,Mid,0,0,0,35-44,0,0
CUST00388,18,Female,Florida,Clothing,Fall,2,60.58,1,10,Debit Card,Standard,1.1,0.17,0.767,121.16,Low,0,0,0,18-24,0,1
CUST00389,25,Male,Florida,Outerwear,Fall,7,19.0,1,5,PayPal,Express,1.3,0.2,0.708,133.0,Low,0,0,0,25-34,0,1
CUST00390,63,Male,California,Footwear,Winter,4,111.97,1,15,PayPal,Express,3.9,0.19,0.675,447.88,Mid,0,0,0,55-64,1,0
CUST00391,33,Female,North Carolina,Footwear,Winter,4,59.94,1,10,Credit Card,Express,3.3,0.56,0.617,239.76,Mid,0,0,0,25-34,0,0
CUST00392,31,Non-binary,New York,Footwear,Fall,1,68.2,1,5,Debit Card,Free Shipping,3.2,0.39,0.558,68.2,Low,0,0,0,25-34,0,1
CUST00393,29,Female,Illinois,Footwear,Spring,18,109.5,1,20,PayPal,Express,2.8,0.0,0.883,1971.0,High,0,0,0,25-34,1,0
CUST00394,40,Male,Colorado,Footwear,Winter,6,35.62,1,30,Credit Card,Express,4.9,0.07,0.85,213.71999999999997,Low,1,0,0,35-44,0,1
CUST00395,32,Male,Colorado,Accessories,Fall,1,73.53,1,10,Apple Pay,Overnight,3.9,0.1,0.617,73.53,Low,0,0,0,25-34,0,1
CUST00396,45,Female,Tennessee,Outerwear,Spring,2,29.37,0,0,PayPal,Standard,2.0,0.07,0.15,58.74,Low,0,0,0,45-54,0,0
CUST00397,51,Male,Illinois,Clothing,Fall,7,59.47,1,5,Buy Now Pay Later,Express,3.5,0.28,0.558,416.28999999999996,Mid,0,0,0,45-54,0,0
CUST00398,19,Male,Florida,Outerwear,Summer,1,60.08,1,10,Credit Card,Free Shipping,2.8,0.43,0.767,60.08,Low,0,0,0,18-24,0,1
CUST00399,49,Female,Tennessee,Accessories,Summer,1,124.2,0,0,Credit Card,Standard,2.9,0.28,0.15,124.2,Low,0,0,0,45-54,1,0
CUST00400,40,Female,Arizona,Accessories,Fall,4,50.23,1,10,Debit Card,Express,2.4,0.34,0.767,200.92,Low,0,0,0,35-44,0,1
CUST00401,39,Female,New York,Clothing,Spring,4,97.55,1,15,Credit Card,Free Shipping,3.0,0.47,0.675,390.2,Mid,0,0,0,35-44,1,0
CUST00402,42,Male,California,Accessories,Winter,3,170.53,1,5,Buy Now Pay Later,Standard,1.8,0.47,0.708,511.59000000000003,High,0,0,0,35-44,1,0
CUST00403,39,Male,North Carolina,Footwear,Fall,20,169.0,0,0,Credit Card,Express,2.9,0.06,0.15,3380.0,High,0,1,0,35-44,1,0
CUST00404,39,Non-binary,New York,Outerwear,Fall,18,134.01,1,25,PayPal,Free Shipping,4.1,0.21,0.792,2412.18,High,1,0,1,35-44,1,0
CUST00405,59,Male,Arizona,Outerwear,Summer,16,223.73,0,0,Debit Card,Standard,3.9,0.05,0.0,3579.68,High,0,1,0,55-64,1,0
CUST00406,23,Female,Florida,Outerwear,Fall,7,140.0,0,0,Debit Card,Standard,3.9,0.15,0.0,980.0,High,0,1,0,18-24,1,0
CUST00407,32,Female,Texas,Clothing,Fall,1,47.61,1,15,Credit Card,Free Shipping,2.9,0.32,0.825,47.61,Low,0,0,0,25-34,0,1
CUST00408,60,Female,Washington,Outerwear,Summer,3,69.72,1,15,PayPal,Free Shipping,1.1,0.46,0.825,209.16,Low,0,0,0,55-64,0,1
CUST00409,54,Male,California,Accessories,Summer,4,59.24,1,20,Debit Card,Express,1.7,0.18,0.883,236.96,Mid,0,0,0,45-54,0,0
CUST00410,50,Male,Florida,Outerwear,Summer,2,88.81,1,25,Credit Card,Express,1.8,0.35,0.942,177.62,Low,0,0,0,45-54,1,1
CUST00411,25,Female,Illinois,Clothing,Fall,2,61.49,1,10,Apple Pay,Free Shipping,1.8,0.39,0.767,122.98,Low,0,0,0,25-34,0,1
CUST00412,61,Female,Florida,Accessories,Fall,3,151.89,0,0,Credit Card,Overnight,2.8,0.26,0.15,455.66999999999996,Mid,0,0,0,55-64,1,0
CUST00413,61,Female,Georgia,Outerwear,Winter,2,128.02,0,0,Debit Card,Standard,3.8,0.31,0.0,256.04,Mid,0,0,0,55-64,1,0
CUST00414,22,Male,North Carolina,Outerwear,Fall,6,24.09,1,20,Debit Card,Standard,1.2,0.13,0.883,144.54,Low,0,0,0,18-24,0,1
CUST00415,56,Male,Ohio,Footwear,Spring,1,30.54,0,0,Credit Card,Express,2.2,0.19,0.15,30.54,Low,0,0,0,55-64,0,0
CUST00416,21,Female,California,Footwear,Spring,3,78.5,1,15,Buy Now Pay Later,Free Shipping,2.1,0.13,0.825,235.5,Mid,0,0,0,18-24,0,0
CUST00417,23,Female,Texas,Clothing,Summer,6,77.49,0,0,Debit Card,Free Shipping,2.0,0.14,0.15,464.93999999999994,Mid,0,0,0,18-24,0,0
CUST00418,62,Female,Illinois,Footwear,Summer,4,61.77,1,25,Credit Card,Free Shipping,1.9,0.05,0.942,247.08,Mid,0,0,0,55-64,0,0
CUST00419,49,Male,Tennessee,Footwear,Fall,20,169.35,0,0,Debit Card,Free Shipping,2.6,0.02,0.15,3387.0,High,0,1,0,45-54,1,0
CUST00420,47,Female,North Carolina,Clothing,Winter,7,45.41,1,5,PayPal,Express,2.0,0.52,0.708,317.87,Mid,0,0,0,45-54,0,0
CUST00421,64,Female,North Carolina,Clothing,Fall,6,68.76,1,20,Debit Card,Express,1.1,0.46,0.883,412.56000000000006,Mid,0,0,0,55-64,0,0
CUST00422,52,Female,New York,Clothing,Summer,2,81.2,1,20,PayPal,Free Shipping,1.0,0.34,0.883,162.4,Low,0,0,0,45-54,0,1
CUST00423,57,Male,Florida,Footwear,Summer,1,109.29,1,10,Credit Card,Overnight,1.8,0.63,0.767,109.29,Low,0,0,0,55-64,1,1
CUST00424,33,Male,Florida,Clothing,Spring,4,114.42,1,10,Credit Card,Express,4.7,0.11,0.617,457.68,Mid,1,0,0,25-34,1,0
CUST00425,30,Female,Texas,Accessories,Spring,5,60.51,1,30,Apple Pay,Standard,1.0,0.26,1.0,302.55,Mid,0,0,0,25-34,0,0
CUST00426,59,Male,California,Clothing,Summer,1,97.5,0,0,Credit Card,Free Shipping,5.0,0.23,0.0,97.5,Low,1,0,0,55-64,1,0
CUST00427,47,Male,Tennessee,Accessories,Fall,2,22.33,1,15,Apple Pay,Express,1.2,0.14,0.825,44.66,Low,0,0,0,45-54,0,1
CUST00428,36,Female,Texas,Footwear,Winter,1,82.59,1,25,Credit Card,Standard,2.8,0.14,0.942,82.59,Low,0,0,0,35-44,0,1
CUST00429,34,Male,Texas,Footwear,Summer,7,112.08,1,15,Apple Pay,Express,1.9,0.25,0.825,784.56,High,0,0,0,25-34,1,0
CUST00430,36,Female,California,Accessories,Spring,5,86.34,1,20,Debit Card,Overnight,3.0,0.13,0.733,431.70000000000005,Mid,0,0,0,35-44,1,0
CUST00431,45,Male,Massachusetts,Accessories,Summer,5,66.66,1,20,PayPal,Standard,1.0,0.26,0.883,333.29999999999995,Mid,0,0,0,45-54,0,0
CUST00432,43,Female,Washington,Clothing,Summer,21,273.78,0,0,Credit Card,Free Shipping,3.2,0.12,0.0,5749.379999999999,High,0,1,0,35-44,1,0
CUST00433,54,Non-binary,Arizona,Outerwear,Fall,7,51.55,0,0,Credit Card,Standard,2.2,0.59,0.15,360.84999999999997,Mid,0,1,0,45-54,0,0
CUST00434,43,Male,Massachusetts,Clothing,Fall,4,58.68,1,25,Credit Card,Standard,1.8,0.5,0.942,234.72,Mid,0,0,0,35-44,0,0
CUST00435,40,Male,New York,Clothing,Winter,7,85.9,1,15,Credit Card,Express,1.0,0.02,0.825,601.3000000000001,High,0,0,0,35-44,1,0
CUST00436,26,Male,Arizona,Footwear,Spring,6,20.0,0,0,Credit Card,Overnight,1.3,0.16,0.15,120.0,Low,0,0,0,25-34,0,0
CUST00437,29,Male,California,Clothing,Winter,4,38.69,0,0,Debit Card,Free Shipping,5.0,0.1,0.0,154.76,Low,1,0,0,25-34,0,0
CUST00438,18,Female,Texas,Footwear,Winter,5,100.19,1,15,Debit Card,Free Shipping,4.0,0.46,0.675,500.95,High,1,0,0,18-24,1,0
CUST00439,18,Female,North Carolina,Clothing,Spring,3,123.65,1,15,PayPal,Free Shipping,3.1,0.33,0.675,370.95000000000005,Mid,0,0,0,18-24,1,0
CUST00440,64,Male,Georgia,Footwear,Spring,3,78.88,0,0,PayPal,Standard,5.0,0.27,0.0,236.64,Mid,1,0,0,55-64,0,0
CUST00441,51,Male,New York,Clothing,Fall,4,86.35,1,20,PayPal,Standard,3.1,0.31,0.733,345.4,Mid,0,0,0,45-54,1,0
CUST00442,49,Male,New York,Clothing,Fall,3,80.95,0,0,Debit Card,Express,2.0,0.25,0.15,242.85000000000002,Mid,0,0,0,45-54,0,0
CUST00443,42,Female,Illinois,Clothing,Summer,4,71.46,1,20,Debit Card,Standard,1.0,0.45,0.883,285.84,Mid,0,0,0,35-44,0,0
CUST00444,57,Male,California,Footwear,Summer,2,46.65,0,0,Debit Card,Free Shipping,3.3,0.05,0.0,93.3,Low,0,0,0,55-64,0,0
CUST00445,62,Female,Texas,Outerwear,Fall,4,104.48,0,0,Apple Pay,Overnight,3.9,0.5,0.0,417.92,Mid,0,0,0,55-64,1,0
CUST00446,18,Female,Texas,Accessories,Fall,2,53.12,1,10,Credit Card,Free Shipping,2.0,0.12,0.767,106.24,Low,0,0,0,18-24,0,1
CUST00447,33,Female,Texas,Footwear,Spring,6,88.86,1,5,Credit Card,Standard,2.3,0.25,0.708,533.16,High,0,0,0,25-34,1,0
CUST00448,56,Male,Ohio,Footwear,Winter,5,100.21,1,10,PayPal,Express,5.0,0.31,0.617,501.04999999999995,High,1,0,0,55-64,1,0
CUST00449,22,Female,Texas,Outerwear,Fall,3,106.98,0,0,Credit Card,Express,4.0,0.32,0.0,320.94,Mid,1,0,0,18-24,1,0
CUST00450,39,Male,Texas,Footwear,Spring,13,94.17,0,0,Apple Pay,Standard,4.1,0.02,0.0,1224.21,High,1,1,1,35-44,1,0
CUST00451,46,Male,Illinois,Clothing,Summer,6,94.45,0,0,Apple Pay,Express,4.0,0.2,0.0,566.7,High,1,0,1,45-54,1,0
CUST00452,20,Female,Virginia,Footwear,Summer,7,58.38,1,10,Credit Card,Express,1.0,0.05,0.767,408.66,Mid,0,0,0,18-24,0,0
CUST00453,29,Female,Texas,Accessories,Summer,7,110.89,0,0,Credit Card,Express,4.0,0.08,0.0,776.23,High,1,1,1,25-34,1,0
CUST00454,43,Male,California,Clothing,Summer,23,154.94,1,10,Debit Card,Standard,4.8,0.14,0.617,3563.62,High,1,0,1,35-44,1,0
CUST00455,33,Male,New York,Clothing,Fall,1,112.31,0,0,PayPal,Standard,5.0,0.26,0.0,112.31,Low,1,0,0,25-34,1,0
CUST00456,54,Male,Georgia,Outerwear,Summer,1,123.68,1,10,Credit Card,Express,3.0,0.36,0.617,123.68,Low,0,0,0,45-54,1,1
CUST00457,39,Male,Illinois,Outerwear,Summer,6,93.4,1,10,PayPal,Standard,1.0,0.2,0.767,560.4000000000001,High,0,0,0,35-44,1,0
CUST00458,46,Male,North Carolina,Footwear,Spring,6,125.48,1,10,Debit Card,Standard,1.0,0.05,0.767,752.88,High,0,0,0,45-54,1,0
CUST00459,31,Male,Tennessee,Outerwear,Spring,7,89.01,1,20,Credit Card,Standard,4.2,0.42,0.733,623.07,High,1,0,0,25-34,1,0
CUST00460,45,Male,Ohio,Footwear,Spring,15,183.6,0,0,Credit Card,Standard,3.8,0.0,0.0,2754.0,High,0,1,0,45-54,1,0
CUST00461,22,Female,Washington,Clothing,Spring,28,107.92,1,10,PayPal,Standard,3.5,0.03,0.617,3021.76,High,0,0,0,18-24,1,0
CUST00462,64,Female,Illinois,Clothing,Spring,4,123.69,0,0,Credit Card,Standard,4.7,0.21,0.0,494.76,High,1,0,1,55-64,1,0
CUST00463,47,Female,California,Clothing,Spring,3,126.31,0,0,Apple Pay,Express,1.2,0.44,0.15,378.93,Mid,0,0,0,45-54,1,0
CUST00464,63,Male,Michigan,Clothing,Winter,5,71.59,0,0,Debit Card,Overnight,4.9,0.09,0.0,357.95000000000005,Mid,1,0,0,55-64,0,0
CUST00465,22,Female,New York,Clothing,Spring,1,71.17,0,0,Debit Card,Express,2.8,0.43,0.15,71.17,Low,0,0,0,18-24,0,0
CUST00466,29,Female,Texas,Accessories,Summer,15,241.38,0,0,Apple Pay,Free Shipping,4.1,0.1,0.0,3620.7,High,1,1,1,25-34,1,0
CUST00467,33,Female,Arizona,Footwear,Summer,5,53.99,1,10,Apple Pay,Express,4.9,0.15,0.617,269.95,Mid,1,0,0,25-34,0,0
CUST00468,43,Female,New York,Outerwear,Summer,7,72.19,1,10,Debit Card,Express,3.3,0.18,0.617,505.33,High,0,0,0,35-44,0,0
CUST00469,43,Female,Washington,Footwear,Winter,3,72.94,1,20,Credit Card,Free Shipping,2.7,0.55,0.883,218.82,Mid,0,0,0,35-44,0,0
CUST00470,38,Female,Washington,Outerwear,Summer,4,61.63,1,25,PayPal,Express,2.1,0.28,0.942,246.52,Mid,0,0,0,35-44,0,0
CUST00471,56,Male,Florida,Accessories,Summer,6,110.35,1,5,Debit Card,Overnight,1.0,0.44,0.708,662.0999999999999,High,0,0,0,55-64,1,0
CUST00472,53,Female,North Carolina,Outerwear,Summer,1,90.89,1,20,Credit Card,Express,5.0,0.29,0.733,90.89,Low,1,0,0,45-54,1,1
CUST00473,50,Female,Texas,Accessories,Summer,3,79.0,1,15,Apple Pay,Express,3.1,0.59,0.675,237.0,Mid,0,0,0,45-54,0,0
CUST00474,47,Female,Florida,Clothing,Fall,29,201.82,1,20,Credit Card,Free Shipping,4.7,0.07,0.733,5852.78,High,1,0,1,45-54,1,0
CUST00475,54,Female,Illinois,Outerwear,Spring,1,115.82,1,15,Credit Card,Standard,2.0,0.6,0.825,115.82,Low,0,0,0,45-54,1,1
CUST00476,40,Male,Arizona,Clothing,Summer,20,162.51,0,0,Credit Card,Standard,3.2,0.09,0.0,3250.2,High,0,1,0,35-44,1,0
CUST00477,27,Male,Ohio,Accessories,Fall,6,54.32,1,20,PayPal,Standard,5.0,0.2,0.733,325.92,Mid,1,0,0,25-34,0,0
CUST00478,22,Female,Florida,Clothing,Spring,6,46.48,1,20,PayPal,Standard,1.0,0.17,0.883,278.88,Mid,0,0,0,18-24,0,0
CUST00479,53,Female,Arizona,Footwear,Spring,7,25.86,1,25,Credit Card,Standard,2.7,0.1,0.942,181.01999999999998,Low,0,0,0,45-54,0,1
CUST00480,51,Female,Texas,Outerwear,Summer,26,194.31,0,0,Credit Card,Express,5.0,0.1,0.0,5052.06,High,1,1,1,45-54,1,0
CUST00481,48,Male,Tennessee,Clothing,Summer,3,142.4,1,5,Credit Card,Free Shipping,3.4,0.07,0.558,427.20000000000005,Mid,0,0,0,45-54,1,0
CUST00482,27,Male,New York,Outerwear,Fall,28,168.93,0,0,PayPal,Free Shipping,3.1,0.01,0.0,4730.04,High,0,1,0,25-34,1,0
CUST00483,36,Female,Georgia,Clothing,Fall,3,17.65,1,20,Credit Card,Standard,5.0,0.31,0.733,52.949999999999996,Low,1,0,0,35-44,0,1
CUST00484,49,Female,California,Clothing,Spring,3,77.23,1,15,Buy Now Pay Later,Free Shipping,1.2,0.18,0.825,231.69,Mid,0,0,0,45-54,0,0
CUST00485,18,Female,Texas,Clothing,Summer,2,78.25,1,20,Credit Card,Express,3.9,0.16,0.733,156.5,Low,0,0,0,18-24,0,1
CUST00486,22,Male,Florida,Footwear,Winter,1,20.0,0,0,Buy Now Pay Later,Standard,5.0,0.07,0.0,20.0,Low,1,0,0,18-24,0,0
CUST00487,62,Female,Virginia,Clothing,Summer,16,122.48,0,0,Credit Card,Free Shipping,4.2,0.09,0.0,1959.68,High,1,1,1,55-64,1,0
CUST00488,21,Male,Illinois,Accessories,Spring,2,105.35,1,20,PayPal,Overnight,1.0,0.68,0.883,210.7,Low,0,0,0,18-24,1,1
CUST00489,33,Female,Massachusetts,Clothing,Fall,5,106.71,0,0,Credit Card,Overnight,1.1,0.18,0.15,533.55,High,0,0,0,25-34,1,0
CUST00490,41,Male,Florida,Clothing,Summer,1,118.27,1,10,Credit Card,Standard,4.3,0.11,0.617,118.27,Low,1,0,0,35-44,1,1
CUST00491,33,Male,Illinois,Footwear,Spring,2,41.48,1,15,Apple Pay,Express,5.0,0.2,0.675,82.96,Low,1,0,0,25-34,0,1
CUST00492,19,Female,California,Clothing,Summer,28,132.89,0,0,Apple Pay,Free Shipping,5.0,0.09,0.0,3720.9199999999996,High,1,1,1,18-24,1,0
CUST00493,45,Female,Ohio,Clothing,Fall,3,83.04,0,0,Debit Card,Express,2.9,0.26,0.15,249.12,Mid,0,0,0,45-54,0,0
CUST00494,49,Male,Texas,Clothing,Summer,2,116.75,1,5,PayPal,Overnight,2.0,0.24,0.708,233.5,Mid,0,0,0,45-54,1,0
CUST00495,44,Female,Massachusetts,Accessories,Winter,18,136.26,0,0,Debit Card,Express,4.9,0.31,0.0,2452.68,High,1,1,0,35-44,1,0
CUST00496,37,Male,Massachusetts,Footwear,Summer,1,67.36,0,0,Apple Pay,Free Shipping,3.1,0.14,0.0,67.36,Low,0,0,0,35-44,0,0
CUST00497,41,Male,Tennessee,Clothing,Fall,4,92.68,1,10,Credit Card,Standard,4.0,0.33,0.617,370.72,Mid,1,0,0,35-44,1,0
CUST00498,29,Male,Illinois,Clothing,Spring,2,90.07,1,20,Debit Card,Express,1.0,0.17,0.883,180.14,Low,0,0,0,25-34,1,1
CUST00499,52,Male,Colorado,Accessories,Fall,4,69.19,0,0,Debit Card,Standard,1.9,0.69,0.15,276.76,Mid,0,0,0,45-54,0,0
CUST00500,50,Female,Ohio,Clothing,Summer,5,93.31,0,0,Debit Card,Overnight,2.4,0.73,0.15,466.55,Mid,0,0,0,45-54,1,0
CUST00501,50,Male,California,Outerwear,Summer,2,118.08,0,0,Apple Pay,Overnight,3.1,0.29,0.0,236.16,Mid,0,0,0,45-54,1,0
CUST00502,60,Female,Washington,Footwear,Summer,4,67.3,1,30,Credit Card,Standard,3.6,0.24,0.85,269.2,Mid,0,0,0,55-64,0,0
CUST00503,54,Female,California,Footwear,Spring,3,59.16,1,15,Credit Card,Overnight,4.2,0.21,0.675,177.48,Low,1,0,0,45-54,0,1
CUST00504,29,Male,Illinois,Clothing,Winter,1,95.73,0,0,Debit Card,Express,3.8,0.07,0.0,95.73,Low,0,0,0,25-34,1,0
CUST00505,20,Female,Texas,Footwear,Winter,8,98.18,0,0,PayPal,Standard,5.0,0.0,0.0,785.44,High,1,1,1,18-24,1,0
CUST00506,18,Male,Texas,Footwear,Winter,4,65.94,1,25,Credit Card,Express,4.3,0.35,0.792,263.76,Mid,1,0,0,18-24,0,0
CUST00507,50,Female,New York,Accessories,Winter,1,98.64,1,5,Debit Card,Standard,2.0,0.71,0.708,98.64,Low,0,0,0,45-54,1,1
CUST00508,57,Male,Florida,Footwear,Fall,6,118.57,0,0,Buy Now Pay Later,Express,1.8,0.11,0.15,711.42,High,0,0,0,55-64,1,0
CUST00509,27,Male,Arizona,Footwear,Summer,2,99.76,0,0,Credit Card,Standard,4.9,0.15,0.0,199.52,Low,1,0,0,25-34,1,0
CUST00510,60,Male,California,Accessories,Spring,2,92.29,1,20,PayPal,Overnight,4.1,0.45,0.733,184.58,Low,1,0,0,55-64,1,1
CUST00511,61,Male,Illinois,Clothing,Winter,5,71.47,1,10,PayPal,Free Shipping,3.8,0.31,0.617,357.35,Mid,0,0,0,55-64,0,0
CUST00512,46,Male,Texas,Footwear,Spring,1,58.07,1,15,Debit Card,Express,1.9,0.46,0.825,58.07,Low,0,0,0,45-54,0,1
CUST00513,30,Female,Washington,Clothing,Spring,3,114.58,1,15,Buy Now Pay Later,Standard,2.1,0.06,0.825,343.74,Mid,0,0,0,25-34,1,0
CUST00514,29,Female,Arizona,Footwear,Summer,7,20.0,0,0,PayPal,Free Shipping,1.0,0.39,0.15,140.0,Low,0,1,0,25-34,0,0
CUST00515,48,Female,Illinois,Footwear,Spring,3,99.84,0,0,Debit Card,Overnight,1.3,0.21,0.15,299.52,Mid,0,0,0,45-54,1,0
CUST00516,63,Female,Georgia,Footwear,Fall,4,59.58,1,20,Debit Card,Standard,4.8,0.13,0.733,238.32,Mid,1,0,0,55-64,0,0
CUST00517,19,Male,New York,Accessories,Fall,3,98.1,1,10,PayPal,Free Shipping,1.3,0.57,0.767,294.29999999999995,Mid,0,0,0,18-24,1,0
CUST00518,52,Male,Georgia,Clothing,Winter,11,148.26,0,0,Debit Card,Standard,3.8,0.17,0.0,1630.86,High,0,1,0,45-54,1,0
CUST00519,40,Male,Florida,Clothing,Spring,1,97.83,0,0,Apple Pay,Express,4.1,0.31,0.0,97.83,Low,1,0,0,35-44,1,0
CUST00520,34,Male,Florida,Footwear,Summer,2,89.9,1,15,Debit Card,Express,4.2,0.41,0.675,179.8,Low,1,0,0,25-34,1,1
CUST00521,43,Female,Arizona,Outerwear,Fall,1,84.22,1,15,Credit Card,Express,1.9,0.08,0.825,84.22,Low,0,0,0,35-44,0,1
CUST00522,25,Female,California,Footwear,Spring,1,51.84,1,5,Credit Card,Free Shipping,2.9,0.21,0.708,51.84,Low,0,0,0,25-34,0,1
CUST00523,46,Male,Arizona,Clothing,Summer,2,60.82,1,5,Credit Card,Express,5.0,0.11,0.558,121.64,Low,1,0,0,45-54,0,1
CUST00524,43,Male,Washington,Outerwear,Fall,21,168.64,0,0,Credit Card,Standard,4.3,0.08,0.0,3541.4399999999996,High,1,1,1,35-44,1,0
CUST00525,27,Female,New York,Outerwear,Summer,25,160.08,1,15,Apple Pay,Free Shipping,4.1,0.01,0.675,4002.0000000000005,High,1,0,1,25-34,1,0
CUST00526,43,Female,California,Accessories,Spring,3,20.0,0,0,PayPal,Free Shipping,4.9,0.38,0.0,60.0,Low,1,0,0,35-44,0,0
CUST00527,51,Male,California,Accessories,Summer,4,54.73,1,20,PayPal,Overnight,4.4,0.21,0.733,218.92,Mid,1,0,0,45-54,0,0
CUST00528,58,Female,Massachusetts,Footwear,Spring,7,120.17,1,5,PayPal,Express,1.0,0.88,0.708,841.19,High,0,0,0,55-64,1,0
CUST00529,24,Female,Colorado,Footwear,Fall,4,63.96,1,20,Apple Pay,Standard,1.6,0.35,0.883,255.84,Mid,0,0,0,18-24,0,0
CUST00530,21,Male,California,Outerwear,Spring,1,38.84,0,0,Debit Card,Free Shipping,1.0,0.48,0.15,38.84,Low,0,0,0,18-24,0,0
CUST00531,62,Male,New York,Clothing,Fall,6,61.66,1,15,Apple Pay,Standard,5.0,0.1,0.675,369.96,Mid,1,0,0,55-64,0,0
CUST00532,28,Female,Washington,Accessories,Winter,2,75.96,1,10,Debit Card,Standard,1.0,0.08,0.767,151.92,Low,0,0,0,25-34,0,1
CUST00533,46,Female,North Carolina,Footwear,Winter,22,212.41,0,0,Buy Now Pay Later,Express,5.0,0.11,0.0,4673.0199999999995,High,1,1,1,45-54,1,0
CUST00534,53,Female,California,Outerwear,Spring,6,132.18,0,0,PayPal,Standard,2.8,0.14,0.15,793.08,High,0,0,0,45-54,1,0
CUST00535,42,Male,Texas,Outerwear,Fall,1,67.08,1,10,Credit Card,Standard,2.2,0.3,0.767,67.08,Low,0,0,0,35-44,0,1
CUST00536,38,Male,Virginia,Outerwear,Fall,1,77.19,0,0,Debit Card,Express,3.0,0.5,0.0,77.19,Low,0,0,0,35-44,0,0
CUST00537,53,Female,California,Accessories,Summer,9,167.7,0,0,Debit Card,Standard,4.7,0.13,0.0,1509.3,High,1,1,1,45-54,1,0
CUST00538,27,Female,Texas,Footwear,Spring,4,18.57,1,15,Credit Card,Standard,2.2,0.24,0.825,74.28,Low,0,0,0,25-34,0,1
CUST00539,54,Male,Tennessee,Accessories,Winter,6,98.2,0,0,Debit Card,Standard,1.3,0.22,0.15,589.2,High,0,0,0,45-54,1,0
CUST00540,26,Female,Washington,Accessories,Fall,4,51.46,1,20,Credit Card,Standard,4.7,0.38,0.733,205.84,Low,1,0,0,25-34,0,1
CUST00541,41,Female,Texas,Clothing,Fall,7,19.0,1,5,Credit Card,Overnight,1.8,0.11,0.708,133.0,Low,0,0,0,35-44,0,1
CUST00542,52,Female,California,Footwear,Summer,5,32.53,0,0,Buy Now Pay Later,Free Shipping,4.1,0.17,0.0,162.65,Low,1,0,0,45-54,0,0
CUST00543,52,Female,California,Outerwear,Summer,2,66.55,1,20,PayPal,Express,3.1,0.06,0.733,133.1,Low,0,0,0,45-54,0,1
CUST00544,53,Female,Texas,Clothing,Summer,7,128.05,0,0,Apple Pay,Express,4.5,0.35,0.0,896.3500000000001,High,1,1,0,45-54,1,0
CUST00545,35,Male,Virginia,Clothing,Fall,15,116.6,1,25,PayPal,Standard,4.2,0.15,0.792,1749.0,High,1,0,1,35-44,1,0
CUST00546,56,Female,Florida,Footwear,Summer,3,104.44,0,0,Debit Card,Standard,5.0,0.47,0.0,313.32,Mid,1,0,0,55-64,1,0
CUST00547,49,Male,Georgia,Footwear,Summer,4,88.56,0,0,Debit Card,Standard,5.0,0.19,0.0,354.24,Mid,1,0,0,45-54,1,0
CUST00548,41,Female,Massachusetts,Outerwear,Spring,4,98.38,0,0,PayPal,Express,1.1,0.55,0.15,393.52,Mid,0,0,0,35-44,1,0
CUST00549,40,Male,Florida,Clothing,Winter,6,88.44,0,0,Buy Now Pay Later,Overnight,4.9,0.4,0.0,530.64,High,1,0,0,35-44,1,0
CUST00550,49,Female,Texas,Clothing,Fall,7,47.38,1,20,Credit Card,Express,1.9,0.34,0.883,331.66,Mid,0,0,0,45-54,0,0
CUST00551,54,Male,Illinois,Accessories,Spring,12,214.77,0,0,Apple Pay,Standard,4.0,0.01,0.0,2577.2400000000002,High,1,1,1,45-54,1,0
CUST00552,29,Male,Massachusetts,Clothing,Spring,15,134.98,1,15,Buy Now Pay Later,Standard,2.9,0.08,0.825,2024.6999999999998,High,0,0,0,25-34,1,0
CUST00553,30,Male,Ohio,Clothing,Summer,2,58.27,0,0,PayPal,Free Shipping,1.0,0.41,0.15,116.54,Low,0,0,0,25-34,0,0
CUST00554,40,Male,California,Clothing,Spring,5,26.06,0,0,Buy Now Pay Later,Standard,3.9,0.38,0.0,130.29999999999998,Low,0,0,0,35-44,0,0
CUST00555,42,Female,Colorado,Clothing,Summer,16,97.42,1,30,Debit Card,Overnight,4.2,0.09,0.85,1558.72,High,1,0,1,35-44,1,0
CUST00556,52,Female,Washington,Clothing,Winter,4,95.33,1,5,Buy Now Pay Later,Express,3.0,0.57,0.558,381.32,Mid,0,0,0,45-54,1,0
CUST00557,58,Female,Massachusetts,Outerwear,Winter,6,21.5,1,15,PayPal,Overnight,1.0,0.18,0.825,129.0,Low,0,0,0,55-64,0,1
CUST00558,47,Male,California,Clothing,Winter,1,29.33,1,30,Credit Card,Free Shipping,3.8,0.26,0.85,29.33,Low,0,0,0,45-54,0,1
CUST00559,34,Male,Illinois,Accessories,Spring,4,82.28,1,15,Apple Pay,Free Shipping,1.1,0.09,0.825,329.12,Mid,0,0,0,25-34,0,0
CUST00560,37,Male,Virginia,Outerwear,Summer,1,44.89,0,0,Debit Card,Express,1.3,0.44,0.15,44.89,Low,0,0,0,35-44,0,0
CUST00561,42,Male,Florida,Footwear,Fall,6,85.97,0,0,Debit Card,Express,2.3,0.11,0.15,515.8199999999999,High,0,0,0,35-44,1,0
CUST00562,39,Female,Florida,Footwear,Fall,1,103.01,1,10,Debit Card,Standard,5.0,0.32,0.617,103.01,Low,1,0,0,35-44,1,1
CUST00563,30,Male,California,Footwear,Summer,4,68.84,0,0,Credit Card,Free Shipping,1.0,0.53,0.15,275.36,Mid,0,0,0,25-34,0,0
CUST00564,36,Male,Texas,Footwear,Summer,28,121.32,1,30,Debit Card,Express,5.0,0.13,0.85,3396.96,High,1,0,1,35-44,1,0
CUST00565,53,Male,New York,Outerwear,Summer,1,53.85,1,20,Apple Pay,Standard,4.2,0.42,0.733,53.85,Low,1,0,0,45-54,0,1
CUST00566,29,Male,Tennessee,Footwear,Winter,23,189.06,0,0,Credit Card,Express,3.7,0.13,0.0,4348.38,High,0,1,0,25-34,1,0
CUST00567,58,Female,New York,Outerwear,Summer,2,99.56,0,0,Credit Card,Standard,2.6,0.13,0.15,199.12,Low,0,0,0,55-64,1,0
CUST00568,36,Female,Florida,Accessories,Spring,13,221.36,0,0,Credit Card,Express,3.7,0.02,0.0,2877.6800000000003,High,0,1,0,35-44,1,0
CUST00569,29,Male,Colorado,Clothing,Fall,2,32.89,1,20,Debit Card,Express,2.9,0.36,0.883,65.78,Low,0,0,0,25-34,0,1
CUST00570,26,Male,Texas,Outerwear,Spring,7,33.02,1,15,PayPal,Standard,2.2,0.05,0.825,231.14000000000001,Mid,0,0,0,25-34,0,0
CUST00571,24,Male,Florida,Accessories,Fall,3,31.63,0,0,PayPal,Standard,1.2,0.19,0.15,94.89,Low,0,0,0,18-24,0,0
CUST00572,45,Male,Georgia,Outerwear,Spring,20,170.2,1,10,Buy Now Pay Later,Free Shipping,3.1,0.05,0.617,3404.0,High,0,0,0,45-54,1,0
CUST00573,31,Male,Virginia,Clothing,Summer,3,66.27,1,5,PayPal,Free Shipping,5.0,0.06,0.558,198.81,Low,1,0,0,25-34,0,1
CUST00574,48,Female,Arizona,Clothing,Summer,19,149.72,0,0,Credit Card,Free Shipping,4.5,0.11,0.0,2844.68,High,1,1,1,45-54,1,0
CUST00575,36,Female,Arizona,Outerwear,Winter,8,129.53,1,5,Buy Now Pay Later,Standard,5.0,0.18,0.558,1036.24,High,1,0,1,35-44,1,0
CUST00576,64,Female,California,Clothing,Spring,1,27.06,0,0,PayPal,Free Shipping,3.0,0.2,0.0,27.06,Low,0,0,0,55-64,0,0
CUST00577,33,Male,Tennessee,Outerwear,Fall,3,61.12,1,15,Debit Card,Express,3.9,0.09,0.675,183.35999999999999,Low,0,0,0,25-34,0,1
CUST00578,22,Male,California,Outerwear,Winter,16,115.71,1,10,PayPal,Standard,4.4,0.04,0.617,1851.36,High,1,0,1,18-24,1,0
CUST00579,52,Female,Ohio,Outerwear,Summer,6,50.98,0,0,Buy Now Pay Later,Standard,4.1,0.1,0.0,305.88,Mid,1,0,0,45-54,0,0
CUST00580,29,Female,Texas,Accessories,Summer,1,44.54,0,0,PayPal,Standard,1.8,0.35,0.15,44.54,Low,0,0,0,25-34,0,0
CUST00581,42,Female,Tennessee,Footwear,Winter,5,64.62,1,10,Debit Card,Standard,4.8,0.42,0.617,323.1,Mid,1,0,0,35-44,0,0
CUST00582,38,Male,Colorado,Outerwear,Summer,5,67.83,0,0,PayPal,Free Shipping,4.7,0.09,0.0,339.15,Mid,1,0,0,35-44,0,0
CUST00583,53,Female,Georgia,Footwear,Winter,7,56.8,1,15,Credit Card,Standard,4.0,0.35,0.675,397.59999999999997,Mid,1,0,0,45-54,0,0
CUST00584,40,Male,Texas,Footwear,Winter,1,27.82,1,15,Debit Card,Express,3.7,0.1,0.675,27.82,Low,0,0,0,35-44,0,1
CUST00585,33,Female,Florida,Outerwear,Summer,1,30.85,1,5,Debit Card,Express,1.8,0.41,0.708,30.85,Low,0,0,0,25-34,0,1
CUST00586,56,Female,Washington,Footwear,Spring,1,129.05,0,0,Credit Card,Standard,5.0,0.35,0.0,129.05,Low,1,0,0,55-64,1,0
CUST00587,62,Female,Georgia,Outerwear,Fall,2,39.13,0,0,Credit Card,Express,4.2,0.4,0.0,78.26,Low,1,0,0,55-64,0,0
CUST00588,59,Male,California,Clothing,Summer,1,69.99,1,10,Credit Card,Standard,2.3,0.28,0.767,69.99,Low,0,0,0,55-64,0,1
CUST00589,56,Female,Tennessee,Clothing,Summer,6,79.25,0,0,PayPal,Free Shipping,1.7,0.23,0.15,475.5,Mid,0,0,0,55-64,0,0
CUST00590,31,Male,Massachusetts,Accessories,Fall,6,57.97,1,15,Apple Pay,Standard,3.8,0.26,0.675,347.82,Mid,0,0,0,25-34,0,0
CUST00591,48,Male,Texas,Clothing,Spring,4,63.43,1,20,Buy Now Pay Later,Express,2.9,0.12,0.883,253.72,Mid,0,0,0,45-54,0,0
CUST00592,22,Male,North Carolina,Footwear,Spring,5,72.53,0,0,Credit Card,Overnight,1.3,0.36,0.15,362.65,Mid,0,0,0,18-24,0,0
CUST00593,52,Female,Illinois,Clothing,Summer,5,56.37,1,20,Debit Card,Free Shipping,2.0,0.41,0.883,281.84999999999997,Mid,0,0,0,45-54,0,0
CUST00594,40,Male,Florida,Outerwear,Summer,7,121.87,0,0,Buy Now Pay Later,Free Shipping,5.0,0.27,0.0,853.09,High,1,1,0,35-44,1,0
CUST00595,46,Male,New York,Clothing,Fall,9,197.5,0,0,Credit Card,Express,5.0,0.13,0.0,1777.5,High,1,1,1,45-54,1,0
CUST00596,60,Female,Washington,Accessories,Summer,5,47.07,1,25,PayPal,Standard,2.0,0.25,0.942,235.35,Mid,0,0,0,55-64,0,0
CUST00597,28,Male,Georgia,Clothing,Summer,1,116.95,0,0,PayPal,Express,3.1,0.25,0.0,116.95,Low,0,0,0,25-34,1,0
CUST00598,35,Female,Florida,Accessories,Fall,1,61.13,1,5,Credit Card,Free Shipping,1.0,0.13,0.708,61.13,Low,0,0,0,35-44,0,1
CUST00599,64,Male,Arizona,Clothing,Fall,5,65.84,1,5,Apple Pay,Free Shipping,4.6,0.31,0.558,329.20000000000005,Mid,1,0,0,55-64,0,0
CUST00600,29,Male,Colorado,Clothing,Summer,5,60.69,1,5,Apple Pay,Standard,1.1,0.09,0.708,303.45,Mid,0,0,0,25-34,0,0
CUST00601,26,Female,Colorado,Footwear,Fall,4,103.43,1,15,Credit Card,Standard,4.0,0.31,0.675,413.72,Mid,1,0,0,25-34,1,0
CUST00602,27,Male,California,Clothing,Fall,7,92.86,1,20,Credit Card,Free Shipping,2.4,0.15,0.883,650.02,High,0,0,0,25-34,1,0
CUST00603,61,Male,Virginia,Clothing,Summer,24,269.13,0,0,Credit Card,Express,2.7,0.0,0.15,6459.12,High,0,1,0,55-64,1,0
CUST00604,34,Female,Florida,Footwear,Summer,24,224.81,0,0,Credit Card,Standard,5.0,0.16,0.0,5395.4400000000005,High,1,1,1,25-34,1,0
CUST00605,55,Female,Texas,Clothing,Winter,4,16.0,1,20,Debit Card,Express,1.1,0.23,0.883,64.0,Low,0,0,0,55-64,0,1
CUST00606,24,Female,Texas,Accessories,Fall,5,22.41,1,15,Debit Card,Express,4.1,0.26,0.675,112.05,Low,1,0,0,18-24,0,1
CUST00607,63,Male,Florida,Clothing,Summer,7,26.62,1,10,Credit Card,Free Shipping,3.2,0.1,0.617,186.34,Low,0,0,0,55-64,0,1
CUST00608,30,Male,Virginia,Clothing,Fall,6,37.13,1,20,Apple Pay,Express,3.9,0.53,0.733,222.78000000000003,Mid,0,0,0,25-34,0,0
CUST00609,57,Female,New York,Footwear,Fall,7,69.88,0,0,Debit Card,Standard,5.0,0.09,0.0,489.15999999999997,Mid,1,1,0,55-64,0,0
CUST00610,59,Female,Georgia,Clothing,Spring,4,37.99,1,20,Credit Card,Standard,4.1,0.42,0.733,151.96,Low,1,0,0,55-64,0,1
CUST00611,26,Female,California,Outerwear,Winter,6,42.67,0,0,Credit Card,Standard,2.2,0.4,0.15,256.02,Mid,0,0,0,25-34,0,0
CUST00612,44,Female,Florida,Outerwear,Fall,5,91.05,1,10,Debit Card,Express,3.9,0.61,0.617,455.25,Mid,0,0,0,35-44,1,0
CUST00613,19,Female,Michigan,Clothing,Summer,2,57.8,1,20,Debit Card,Express,3.8,0.41,0.733,115.6,Low,0,0,0,18-24,0,1
CUST00614,22,Female,Ohio,Outerwear,Winter,1,110.67,0,0,Credit Card,Standard,3.9,0.37,0.0,110.67,Low,0,0,0,18-24,1,0
CUST00615,46,Male,Texas,Clothing,Spring,3,92.13,1,20,Credit Card,Overnight,3.8,0.2,0.733,276.39,Mid,0,0,0,45-54,1,0
CUST00616,54,Female,Illinois,Clothing,Fall,6,88.35,0,0,Apple Pay,Overnight,3.9,0.09,0.0,530.0999999999999,High,0,0,0,45-54,1,0
CUST00617,55,Male,Texas,Clothing,Fall,2,107.15,0,0,Buy Now Pay Later,Standard,1.0,0.07,0.15,214.3,Low,0,0,0,55-64,1,0
CUST00618,36,Male,Florida,Accessories,Fall,22,219.39,0,0,Credit Card,Standard,2.8,0.02,0.15,4826.58,High,0,1,0,35-44,1,0
CUST00619,25,Female,Ohio,Footwear,Summer,1,37.21,1,5,Debit Card,Free Shipping,5.0,0.22,0.558,37.21,Low,1,0,0,25-34,0,1
CUST00620,62,Female,Ohio,Clothing,Spring,15,199.79,0,0,PayPal,Standard,2.8,0.1,0.15,2996.85,High,0,1,0,55-64,1,0
CUST00621,18,Male,Texas,Footwear,Summer,7,20.0,0,0,PayPal,Free Shipping,3.0,0.35,0.0,140.0,Low,0,1,0,18-24,0,0
CUST00622,39,Male,Massachusetts,Footwear,Summer,3,109.34,0,0,Debit Card,Express,1.9,0.1,0.15,328.02,Mid,0,0,0,35-44,1,0
CUST00623,34,Male,Washington,Clothing,Winter,4,83.42,1,5,Apple Pay,Free Shipping,4.0,0.37,0.558,333.68,Mid,1,0,0,25-34,0,0
CUST00624,24,Female,New York,Footwear,Spring,1,20.0,0,0,Debit Card,Free Shipping,4.1,0.17,0.0,20.0,Low,1,0,0,18-24,0,0
CUST00625,42,Female,Illinois,Outerwear,Spring,3,94.4,1,10,Debit Card,Overnight,3.9,0.08,0.617,283.20000000000005,Mid,0,0,0,35-44,1,0
CUST00626,62,Male,Washington,Clothing,Spring,6,76.15,1,10,PayPal,Free Shipping,4.8,0.13,0.617,456.90000000000003,Mid,1,0,0,55-64,0,0
CUST00627,21,Male,Illinois,Clothing,Fall,6,43.02,1,15,Buy Now Pay Later,Free Shipping,4.9,0.3,0.675,258.12,Mid,1,0,0,18-24,0,0
CUST00628,53,Female,Florida,Accessories,Summer,6,45.15,1,10,PayPal,Express,3.2,0.4,0.617,270.9,Mid,0,0,0,45-54,0,0
CUST00629,23,Male,Illinois,Accessories,Spring,7,65.27,1,10,Credit Card,Standard,4.3,0.07,0.617,456.89,Mid,1,0,0,18-24,0,0
CUST00630,48,Female,Texas,Accessories,Spring,6,124.06,0,0,Credit Card,Standard,4.9,0.04,0.0,744.36,High,1,0,1,45-54,1,0
CUST00631,36,Non-binary,North Carolina,Clothing,Fall,6,83.78,0,0,Debit Card,Free Shipping,4.0,0.54,0.0,502.68,High,1,0,0,35-44,0,0
CUST00632,61,Male,Illinois,Footwear,Summer,5,40.08,1,30,Credit Card,Overnight,1.0,0.09,1.0,200.39999999999998,Low,0,0,0,55-64,0,1
CUST00633,56,Female,California,Footwear,Winter,1,152.15,1,5,PayPal,Standard,4.0,0.29,0.558,152.15,Low,1,0,0,55-64,1,1
CUST00634,44,Male,Georgia,Accessories,Summer,14,107.76,0,0,Apple Pay,Standard,4.7,0.07,0.0,1508.64,High,1,1,1,35-44,1,0
CUST00635,27,Male,Tennessee,Clothing,Fall,1,93.15,1,20,PayPal,Overnight,2.9,0.38,0.883,93.15,Low,0,0,0,25-34,1,1
CUST00636,43,Female,Tennessee,Accessories,Winter,4,106.96,1,10,Buy Now Pay Later,Standard,5.0,0.15,0.617,427.84,Mid,1,0,0,35-44,1,0
CUST00637,36,Male,New York,Clothing,Winter,27,196.53,0,0,Credit Card,Express,4.7,0.23,0.0,5306.31,High,1,1,1,35-44,1,0
CUST00638,56,Non-binary,California,Accessories,Winter,4,99.72,0,0,Apple Pay,Overnight,2.8,0.09,0.15,398.88,Mid,0,0,0,55-64,1,0
CUST00639,20,Female,Illinois,Outerwear,Fall,7,68.57,1,20,PayPal,Express,1.0,0.13,0.883,479.98999999999995,Mid,0,0,0,18-24,0,0
CUST00640,62,Male,California,Accessories,Summer,5,79.86,1,10,Debit Card,Standard,4.7,0.17,0.617,399.3,Mid,1,0,0,55-64,0,0
CUST00641,30,Male,Tennessee,Clothing,Winter,1,34.85,1,5,PayPal,Standard,1.2,0.26,0.708,34.85,Low,0,0,0,25-34,0,1
CUST00642,45,Male,Texas,Accessories,Summer,7,15.0,1,25,Credit Card,Standard,3.1,0.12,0.792,105.0,Low,0,0,0,45-54,0,1
CUST00643,37,Male,Texas,Footwear,Fall,4,93.35,1,15,PayPal,Standard,5.0,0.2,0.675,373.4,Mid,1,0,0,35-44,1,0
CUST00644,45,Male,Florida,Footwear,Spring,7,133.83,1,10,Debit Card,Express,3.8,0.23,0.617,936.8100000000001,High,0,0,0,45-54,1,0
CUST00645,25,Male,New York,Accessories,Fall,3,71.76,0,0,Credit Card,Express,1.6,0.47,0.15,215.28000000000003,Low,0,0,0,25-34,0,0
CUST00646,58,Male,Ohio,Clothing,Fall,6,133.58,0,0,PayPal,Standard,4.2,0.19,0.0,801.48,High,1,0,1,55-64,1,0
CUST00647,56,Female,Florida,Accessories,Spring,6,117.93,1,15,PayPal,Standard,3.9,0.21,0.675,707.58,High,0,0,0,55-64,1,0
CUST00648,18,Female,Texas,Accessories,Summer,27,167.05,1,20,Credit Card,Standard,2.9,0.16,0.883,4510.35,High,0,0,0,18-24,1,0
CUST00649,20,Female,Texas,Outerwear,Fall,18,161.3,0,0,Credit Card,Free Shipping,3.3,0.01,0.0,2903.4,High,0,1,0,18-24,1,0
CUST00650,30,Male,Illinois,Footwear,Fall,6,101.79,1,5,Debit Card,Express,2.0,0.15,0.708,610.74,High,0,0,0,25-34,1,0
CUST00651,45,Male,California,Footwear,Fall,3,55.22,1,25,Debit Card,Free Shipping,5.0,0.08,0.792,165.66,Low,1,0,0,45-54,0,1
CUST00652,42,Female,Washington,Accessories,Spring,2,103.61,0,0,Apple Pay,Free Shipping,4.9,0.44,0.0,207.22,Low,1,0,0,35-44,1,0
CUST00653,50,Female,Washington,Clothing,Summer,5,95.01,0,0,Buy Now Pay Later,Express,1.9,0.38,0.15,475.05,Mid,0,0,0,45-54,1,0
CUST00654,55,Male,Colorado,Footwear,Winter,18,208.32,0,0,Debit Card,Overnight,4.9,0.04,0.0,3749.7599999999998,High,1,1,1,55-64,1,0
CUST00655,23,Female,Tennessee,Accessories,Winter,2,129.08,1,25,PayPal,Standard,2.1,0.47,0.942,258.16,Mid,0,0,0,18-24,1,0
CUST00656,61,Female,Massachusetts,Outerwear,Spring,4,40.3,1,15,Debit Card,Overnight,5.0,0.24,0.675,161.2,Low,1,0,0,55-64,0,1
CUST00657,62,Female,Tennessee,Accessories,Winter,28,105.28,1,15,PayPal,Standard,4.1,0.14,0.675,2947.84,High,1,0,1,55-64,1,0
CUST00658,49,Male,Texas,Clothing,Fall,6,126.82,1,15,Credit Card,Free Shipping,1.0,0.78,0.825,760.92,High,0,0,0,45-54,1,0
CUST00659,62,Female,California,Footwear,Fall,4,75.48,0,0,Debit Card,Standard,3.6,0.3,0.0,301.92,Mid,0,0,0,55-64,0,0
CUST00660,64,Female,New York,Clothing,Spring,5,47.22,1,20,PayPal,Free Shipping,3.6,0.19,0.733,236.1,Mid,0,0,0,55-64,0,0
CUST00661,38,Female,Massachusetts,Clothing,Fall,16,266.31,0,0,Credit Card,Standard,3.9,0.0,0.0,4260.96,High,0,1,0,35-44,1,0
CUST00662,33,Female,Michigan,Clothing,Spring,3,65.61,1,10,PayPal,Free Shipping,1.0,0.28,0.767,196.82999999999998,Low,0,0,0,25-34,0,1
CUST00663,38,Female,Virginia,Footwear,Fall,2,108.66,1,15,Apple Pay,Standard,4.3,0.3,0.675,217.32,Low,1,0,0,35-44,1,1
CUST00664,28,Female,California,Accessories,Fall,3,52.95,1,5,Debit Card,Overnight,4.0,0.22,0.558,158.85000000000002,Low,1,0,0,25-34,0,1
CUST00665,54,Male,Tennessee,Clothing,Fall,3,55.23,1,15,Debit Card,Express,4.0,0.23,0.675,165.69,Low,1,0,0,45-54,0,1
CUST00666,53,Female,Florida,Footwear,Spring,4,73.71,1,10,Apple Pay,Standard,2.8,0.03,0.767,294.84,Mid,0,0,0,45-54,0,0
CUST00667,52,Female,California,Accessories,Summer,1,33.92,1,15,PayPal,Express,3.8,0.2,0.675,33.92,Low,0,0,0,45-54,0,1
CUST00668,36,Female,Florida,Outerwear,Fall,4,65.7,0,0,Credit Card,Free Shipping,3.3,0.39,0.0,262.8,Mid,0,0,0,35-44,0,0
CUST00669,37,Male,California,Accessories,Winter,3,66.0,0,0,Credit Card,Standard,2.4,0.22,0.15,198.0,Low,0,0,0,35-44,0,0
CUST00670,35,Male,Illinois,Footwear,Summer,6,32.51,1,20,PayPal,Free Shipping,5.0,0.13,0.733,195.06,Low,1,0,0,35-44,0,1
CUST00671,64,Female,New York,Clothing,Spring,12,139.76,0,0,Debit Card,Express,2.6,0.14,0.15,1677.12,High,0,1,0,55-64,1,0
CUST00672,58,Female,Florida,Footwear,Summer,5,99.8,1,10,Credit Card,Free Shipping,2.9,0.4,0.767,499.0,High,0,0,0,55-64,1,0
CUST00673,31,Female,Washington,Footwear,Fall,16,239.36,0,0,Credit Card,Standard,5.0,0.2,0.0,3829.76,High,1,1,1,25-34,1,0
CUST00674,32,Female,Virginia,Outerwear,Winter,11,149.08,0,0,Apple Pay,Express,5.0,0.08,0.0,1639.88,High,1,1,1,25-34,1,0
CUST00675,48,Female,Arizona,Clothing,Fall,6,66.64,0,0,PayPal,Free Shipping,3.6,0.67,0.0,399.84000000000003,Mid,0,0,0,45-54,0,0
CUST00676,18,Female,Florida,Accessories,Winter,14,206.56,0,0,Buy Now Pay Later,Express,4.4,0.01,0.0,2891.84,High,1,1,1,18-24,1,0
CUST00677,20,Female,North Carolina,Footwear,Summer,4,90.06,1,25,PayPal,Express,4.8,0.33,0.792,360.24,Mid,1,0,0,18-24,1,0
CUST00678,33,Female,Massachusetts,Clothing,Winter,6,49.52,1,5,Buy Now Pay Later,Standard,1.7,0.26,0.708,297.12,Mid,0,0,0,25-34,0,0
CUST00679,40,Female,California,Accessories,Fall,5,100.75,0,0,Credit Card,Standard,2.0,0.25,0.15,503.75,High,0,0,0,35-44,1,0
CUST00680,28,Male,Illinois,Outerwear,Fall,2,39.17,0,0,PayPal,Express,3.2,0.12,0.0,78.34,Low,0,0,0,25-34,0,0
CUST00681,29,Male,New York,Accessories,Summer,4,36.08,0,0,Credit Card,Overnight,3.1,0.29,0.0,144.32,Low,0,0,0,25-34,0,0
CUST00682,27,Female,California,Outerwear,Spring,1,76.4,0,0,PayPal,Express,2.7,0.3,0.15,76.4,Low,0,0,0,25-34,0,0
CUST00683,49,Male,Arizona,Clothing,Fall,6,63.52,1,20,Debit Card,Standard,2.7,0.22,0.883,381.12,Mid,0,0,0,45-54,0,0
CUST00684,33,Male,Virginia,Footwear,Winter,24,144.47,0,0,Credit Card,Express,2.6,0.03,0.15,3467.2799999999997,High,0,1,0,25-34,1,0
CUST00685,25,Male,Texas,Accessories,Summer,2,33.37,0,0,Apple Pay,Standard,3.9,0.6,0.0,66.74,Low,0,0,0,25-34,0,0
CUST00686,55,Male,North Carolina,Accessories,Summer,7,84.53,1,20,Apple Pay,Express,4.9,0.14,0.733,591.71,High,1,0,1,55-64,0,0
CUST00687,29,Male,Virginia,Outerwear,Winter,7,70.4,0,0,Credit Card,Free Shipping,2.1,0.54,0.15,492.80000000000007,Mid,0,1,0,25-34,0,0
CUST00688,41,Male,Massachusetts,Clothing,Spring,13,103.51,1,20,PayPal,Free Shipping,4.9,0.06,0.733,1345.63,High,1,0,1,35-44,1,0
CUST00689,45,Female,Texas,Outerwear,Summer,7,19.0,1,5,Debit Card,Standard,2.2,0.44,0.708,133.0,Low,0,0,0,45-54,0,1
CUST00690,25,Female,Massachusetts,Footwear,Fall,7,69.19,1,10,Debit Card,Free Shipping,4.1,0.2,0.617,484.33,Mid,1,0,0,25-34,0,0
CUST00691,45,Male,New York,Clothing,Fall,6,110.74,0,0,Apple Pay,Express,3.9,0.04,0.0,664.4399999999999,High,0,0,0,45-54,1,0
CUST00692,53,Male,Illinois,Outerwear,Spring,5,55.31,1,25,Credit Card,Overnight,1.1,0.23,0.942,276.55,Mid,0,0,0,45-54,0,0
CUST00693,43,Female,California,Accessories,Fall,2,57.25,1,20,Buy Now Pay Later,Standard,4.3,0.43,0.733,114.5,Low,1,0,0,35-44,0,1
CUST00694,25,Male,California,Footwear,Spring,2,149.11,0,0,Credit Card,Overnight,1.8,0.15,0.15,298.22,Mid,0,0,0,25-34,1,0
CUST00695,45,Female,Georgia,Clothing,Summer,23,101.59,0,0,PayPal,Standard,5.0,0.2,0.0,2336.57,High,1,1,1,45-54,1,0
CUST00696,45,Female,Florida,Outerwear,Spring,3,21.85,0,0,PayPal,Express,4.0,0.11,0.0,65.55000000000001,Low,1,0,0,45-54,0,0
CUST00697,54,Female,Texas,Footwear,Summer,1,26.21,1,10,Credit Card,Standard,3.9,0.21,0.617,26.21,Low,0,0,0,45-54,0,1
CUST00698,58,Male,Texas,Clothing,Spring,10,287.76,0,0,Credit Card,Standard,4.2,0.18,0.0,2877.6,High,1,1,1,55-64,1,0
CUST00699,53,Female,Arizona,Footwear,Spring,4,66.58,0,0,Apple Pay,Standard,4.2,0.2,0.0,266.32,Mid,1,0,0,45-54,0,0
CUST00700,44,Male,California,Clothing,Summer,2,112.49,0,0,PayPal,Standard,3.1,0.25,0.0,224.98,Mid,0,0,0,35-44,1,0
CUST00701,34,Female,Ohio,Accessories,Spring,27,150.16,0,0,Credit Card,Standard,5.0,0.0,0.0,4054.3199999999997,High,1,1,1,25-34,1,0
CUST00702,26,Female,California,Clothing,Fall,1,98.18,0,0,Debit Card,Overnight,1.0,0.73,0.15,98.18,Low,0,0,0,25-34,1,0
CUST00703,50,Male,Texas,Clothing,Spring,1,58.19,1,15,Credit Card,Standard,5.0,0.3,0.675,58.19,Low,1,0,0,45-54,0,1
CUST00704,37,Male,New York,Clothing,Fall,2,75.33,1,5,Credit Card,Express,1.0,0.09,0.708,150.66,Low,0,0,0,35-44,0,1
CUST00705,30,Male,Florida,Accessories,Winter,6,75.21,1,25,Debit Card,Standard,5.0,0.19,0.792,451.26,Mid,1,0,0,25-34,0,0
CUST00706,45,Female,New York,Accessories,Fall,18,199.86,0,0,Credit Card,Free Shipping,4.3,0.07,0.0,3597.4800000000005,High,1,1,1,45-54,1,0
CUST00707,46,Male,New York,Accessories,Fall,5,85.02,1,10,Apple Pay,Free Shipping,3.2,0.29,0.617,425.09999999999997,Mid,0,0,0,45-54,0,0
CUST00708,30,Female,Tennessee,Clothing,Fall,2,81.92,1,10,PayPal,Standard,4.1,0.17,0.617,163.84,Low,1,0,0,25-34,0,1
CUST00709,63,Male,Arizona,Footwear,Summer,7,25.83,1,15,Buy Now Pay Later,Express,3.1,0.31,0.675,180.81,Low,0,0,0,55-64,0,1
CUST00710,52,Female,California,Footwear,Summer,4,142.63,1,20,PayPal,Standard,4.7,0.21,0.733,570.52,High,1,0,1,45-54,1,0
CUST00711,23,Female,Florida,Clothing,Fall,3,61.05,1,15,Buy Now Pay Later,Free Shipping,3.7,0.33,0.675,183.14999999999998,Low,0,0,0,18-24,0,1
CUST00712,35,Female,Virginia,Outerwear,Summer,3,42.87,1,10,Debit Card,Express,4.8,0.27,0.617,128.60999999999999,Low,1,0,0,35-44,0,1
CUST00713,22,Female,New York,Footwear,Summer,23,216.44,0,0,PayPal,Standard,3.0,0.06,0.0,4978.12,High,0,1,0,18-24,1,0
CUST00714,64,Male,California,Footwear,Spring,6,40.81,0,0,Buy Now Pay Later,Standard,3.9,0.46,0.0,244.86,Mid,0,0,0,55-64,0,0
CUST00715,42,Male,Georgia,Clothing,Winter,3,50.5,1,20,PayPal,Standard,1.2,0.1,0.883,151.5,Low,0,0,0,35-44,0,1
CUST00716,19,Female,Washington,Clothing,Fall,3,89.91,0,0,Credit Card,Standard,1.0,0.18,0.15,269.73,Mid,0,0,0,18-24,1,0
CUST00717,27,Male,Washington,Outerwear,Summer,4,63.96,0,0,PayPal,Overnight,5.0,0.41,0.0,255.84,Mid,1,0,0,25-34,0,0
CUST00718,47,Male,California,Footwear,Summer,6,103.33,0,0,Apple Pay,Express,1.8,0.03,0.15,619.98,High,0,0,0,45-54,1,0
CUST00719,62,Male,California,Clothing,Fall,4,83.17,1,20,PayPal,Standard,2.9,0.22,0.883,332.68,Mid,0,0,0,55-64,0,0
CUST00720,22,Male,Arizona,Clothing,Spring,5,57.51,0,0,Debit Card,Standard,1.2,0.1,0.15,287.55,Mid,0,0,0,18-24,0,0
CUST00721,50,Male,Texas,Footwear,Spring,4,109.07,1,20,PayPal,Standard,4.1,0.22,0.733,436.28,Mid,1,0,0,45-54,1,0
CUST00722,18,Female,Illinois,Footwear,Fall,7,59.29,1,20,Buy Now Pay Later,Standard,4.7,0.3,0.733,415.03,Mid,1,0,0,18-24,0,0
CUST00723,35,Male,Illinois,Outerwear,Fall,5,73.58,1,20,Credit Card,Free Shipping,3.2,0.14,0.733,367.9,Mid,0,0,0,35-44,0,0
CUST00724,49,Female,New York,Clothing,Fall,22,213.43,0,0,PayPal,Standard,5.0,0.17,0.0,4695.46,High,1,1,1,45-54,1,0
CUST00725,64,Male,Tennessee,Accessories,Summer,5,62.45,1,10,Credit Card,Express,4.6,0.31,0.617,312.25,Mid,1,0,0,55-64,0,0
CUST00726,28,Female,North Carolina,Clothing,Spring,6,65.98,1,20,PayPal,Standard,2.8,0.35,0.883,395.88,Mid,0,0,0,25-34,0,0
CUST00727,38,Male,Georgia,Clothing,Summer,4,149.62,0,0,PayPal,Standard,1.9,0.11,0.15,598.48,High,0,0,0,35-44,1,0
CUST00728,43,Female,California,Clothing,Summer,27,167.09,0,0,Credit Card,Express,2.8,0.11,0.15,4511.43,High,0,1,0,35-44,1,0
CUST00729,42,Female,California,Outerwear,Fall,2,48.11,0,0,Credit Card,Express,3.3,0.3,0.0,96.22,Low,0,0,0,35-44,0,0
CUST00730,39,Male,Illinois,Accessories,Spring,4,74.6,1,15,PayPal,Express,2.9,0.19,0.825,298.4,Mid,0,0,0,35-44,0,0
CUST00731,44,Female,Texas,Footwear,Winter,5,65.33,0,0,Credit Card,Express,1.1,0.42,0.15,326.65,Mid,0,0,0,35-44,0,0
CUST00732,30,Non-binary,Michigan,Clothing,Spring,2,89.23,1,25,Credit Card,Express,3.0,0.25,0.792,178.46,Low,0,0,0,25-34,1,1
CUST00733,50,Female,Texas,Clothing,Summer,5,64.86,1,20,Apple Pay,Standard,3.1,0.14,0.733,324.3,Mid,0,0,0,45-54,0,0
CUST00734,51,Female,Florida,Clothing,Fall,4,31.7,1,10,Credit Card,Express,1.3,0.33,0.767,126.8,Low,0,0,0,45-54,0,1
CUST00735,58,Male,New York,Clothing,Fall,13,206.75,0,0,Debit Card,Overnight,5.0,0.08,0.0,2687.75,High,1,1,1,55-64,1,0
CUST00736,52,Female,Arizona,Footwear,Fall,5,53.16,1,5,Buy Now Pay Later,Standard,1.3,0.08,0.708,265.79999999999995,Mid,0,0,0,45-54,0,0
CUST00737,18,Male,California,Clothing,Spring,18,172.45,0,0,Credit Card,Express,4.1,0.23,0.0,3104.1,High,1,1,1,18-24,1,0
CUST00738,38,Male,Florida,Clothing,Winter,6,112.56,1,5,Debit Card,Standard,4.0,0.61,0.558,675.36,High,1,0,0,35-44,1,0
CUST00739,23,Non-binary,Texas,Clothing,Fall,7,56.25,1,25,PayPal,Standard,2.1,0.02,0.942,393.75,Mid,0,0,0,18-24,0,0
CUST00740,45,Male,Virginia,Clothing,Fall,6,79.34,0,0,PayPal,Express,2.5,0.36,0.15,476.04,Mid,0,0,0,45-54,0,0
CUST00741,34,Female,California,Footwear,Summer,3,81.87,1,10,Apple Pay,Free Shipping,3.9,0.31,0.617,245.61,Mid,0,0,0,25-34,0,0
CUST00742,22,Female,Massachusetts,Accessories,Summer,2,61.81,0,0,Apple Pay,Free Shipping,5.0,0.1,0.0,123.62,Low,1,0,0,18-24,0,0
CUST00743,48,Female,North Carolina,Footwear,Fall,2,70.51,1,20,PayPal,Standard,5.0,0.25,0.733,141.02,Low,1,0,0,45-54,0,1
CUST00744,22,Non-binary,New York,Footwear,Winter,6,73.84,1,20,Credit Card,Express,4.0,0.2,0.733,443.04,Mid,1,0,0,18-24,0,0
CUST00745,55,Male,Ohio,Clothing,Winter,4,48.57,1,10,Credit Card,Express,1.1,0.32,0.767,194.28,Low,0,0,0,55-64,0,1
CUST00746,20,Male,California,Clothing,Fall,17,135.45,1,10,Debit Card,Standard,2.7,0.03,0.767,2302.6499999999996,High,0,0,0,18-24,1,0
CUST00747,40,Male,Tennessee,Footwear,Spring,5,17.33,1,30,Credit Card,Free Shipping,1.0,0.22,1.0,86.64999999999999,Low,0,0,0,35-44,0,1
CUST00748,54,Male,Illinois,Footwear,Summer,4,101.93,1,10,PayPal,Overnight,1.8,0.23,0.767,407.72,Mid,0,0,0,45-54,1,0
CUST00749,54,Male,New York,Clothing,Summer,2,106.63,1,20,PayPal,Free Shipping,4.3,0.1,0.733,213.26,Low,1,0,0,45-54,1,1
CUST00750,27,Male,New York,Clothing,Summer,1,95.72,1,15,Credit Card,Standard,1.0,0.31,0.825,95.72,Low,0,0,0,25-34,1,1
CUST00751,27,Female,California,Clothing,Summer,2,38.39,1,20,Apple Pay,Standard,3.8,0.09,0.733,76.78,Low,0,0,0,25-34,0,1
CUST00752,36,Female,Michigan,Clothing,Winter,6,97.99,1,15,Credit Card,Free Shipping,2.0,0.37,0.825,587.9399999999999,High,0,0,0,35-44,1,0
CUST00753,34,Male,California,Clothing,Spring,5,158.65,0,0,Debit Card,Overnight,4.7,0.73,0.0,793.25,High,1,0,0,25-34,1,0
CUST00754,38,Female,Arizona,Clothing,Winter,2,78.7,0,0,PayPal,Free Shipping,1.0,0.19,0.15,157.4,Low,0,0,0,35-44,0,0
CUST00755,31,Male,Florida,Accessories,Spring,7,76.48,1,10,Debit Card,Standard,4.1,0.21,0.617,535.36,High,1,0,1,25-34,0,0
CUST00756,26,Male,Tennessee,Clothing,Summer,3,95.19,1,15,Debit Card,Express,1.9,0.16,0.825,285.57,Mid,0,0,0,25-34,1,0
CUST00757,63,Female,Texas,Clothing,Spring,6,51.74,1,5,Credit Card,Express,5.0,0.47,0.558,310.44,Mid,1,0,0,55-64,0,0
CUST00758,18,Female,Illinois,Outerwear,Fall,7,23.48,1,25,Debit Card,Standard,1.0,0.33,0.942,164.36,Low,0,0,0,18-24,0,1
CUST00759,62,Female,Florida,Accessories,Fall,28,209.0,1,5,PayPal,Express,4.9,0.2,0.558,5852.0,High,1,0,1,55-64,1,0
CUST00760,30,Male,Colorado,Outerwear,Summer,3,81.96,1,5,Apple Pay,Express,1.0,0.32,0.708,245.88,Mid,0,0,0,25-34,0,0
CUST00761,21,Female,California,Clothing,Summer,4,41.42,1,15,Debit Card,Standard,1.0,0.3,0.825,165.68,Low,0,0,0,18-24,0,1
CUST00762,18,Female,Texas,Footwear,Fall,3,83.71,1,15,Debit Card,Standard,2.8,0.27,0.825,251.13,Mid,0,0,0,18-24,0,0
CUST00763,57,Female,Texas,Clothing,Fall,22,191.55,0,0,PayPal,Express,2.9,0.0,0.15,4214.1,High,0,1,0,55-64,1,0
CUST00764,49,Female,Georgia,Footwear,Summer,1,98.15,0,0,Buy Now Pay Later,Express,3.2,0.1,0.0,98.15,Low,0,0,0,45-54,1,0
CUST00765,51,Female,Texas,Clothing,Winter,1,68.7,1,25,Credit Card,Free Shipping,1.0,0.26,0.942,68.7,Low,0,0,0,45-54,0,1
CUST00766,45,Female,Washington,Clothing,Spring,4,76.25,1,15,Debit Card,Standard,1.8,0.02,0.825,305.0,Mid,0,0,0,45-54,0,0
CUST00767,48,Female,Texas,Outerwear,Winter,4,71.82,1,15,PayPal,Standard,4.4,0.1,0.675,287.28,Mid,1,0,0,45-54,0,0
CUST00768,25,Non-binary,Virginia,Accessories,Fall,14,206.92,0,0,PayPal,Free Shipping,5.0,0.23,0.0,2896.8799999999997,High,1,1,1,25-34,1,0
CUST00769,56,Female,Tennessee,Outerwear,Fall,7,32.39,0,0,Credit Card,Free Shipping,2.1,0.57,0.15,226.73000000000002,Mid,0,1,0,55-64,0,0
CUST00770,43,Male,Illinois,Clothing,Spring,5,125.72,1,15,PayPal,Standard,5.0,0.12,0.675,628.6,High,1,0,1,35-44,1,0
CUST00771,51,Female,New York,Clothing,Fall,3,133.45,0,0,Credit Card,Free Shipping,1.0,0.25,0.15,400.34999999999997,Mid,0,0,0,45-54,1,0
CUST00772,20,Male,Texas,Accessories,Winter,5,75.3,0,0,Debit Card,Standard,1.8,0.12,0.15,376.5,Mid,0,0,0,18-24,0,0
CUST00773,29,Male,California,Footwear,Summer,24,226.34,0,0,Debit Card,Standard,3.0,0.24,0.0,5432.16,High,0,1,0,25-34,1,0
CUST00774,18,Female,Texas,Accessories,Spring,1,26.54,0,0,Apple Pay,Standard,2.9,0.12,0.15,26.54,Low,0,0,0,18-24,0,0
CUST00775,61,Female,Arizona,Outerwear,Summer,24,152.18,0,0,Debit Card,Standard,5.0,0.02,0.0,3652.32,High,1,1,1,55-64,1,0
CUST00776,22,Female,Illinois,Clothing,Summer,5,18.0,1,10,Credit Card,Free Shipping,2.0,0.64,0.767,90.0,Low,0,0,0,18-24,0,1
CUST00777,47,Male,Tennessee,Footwear,Summer,2,47.23,0,0,Credit Card,Overnight,1.2,0.42,0.15,94.46,Low,0,0,0,45-54,0,0
CUST00778,47,Female,Florida,Clothing,Fall,5,56.02,1,10,Apple Pay,Free Shipping,4.8,0.06,0.617,280.1,Mid,1,0,0,45-54,0,0
CUST00779,34,Male,Colorado,Clothing,Spring,1,109.75,0,0,Credit Card,Overnight,4.1,0.07,0.0,109.75,Low,1,0,0,25-34,1,0
CUST00780,64,Non-binary,Florida,Accessories,Fall,6,76.84,0,0,Debit Card,Express,3.1,0.33,0.0,461.04,Mid,0,0,0,55-64,0,0
CUST00781,40,Non-binary,Illinois,Accessories,Spring,3,94.3,0,0,Credit Card,Overnight,3.0,0.23,0.0,282.9,Mid,0,0,0,35-44,1,0
CUST00782,32,Female,Texas,Clothing,Winter,5,72.05,0,0,PayPal,Free Shipping,5.0,0.2,0.0,360.25,Mid,1,0,0,25-34,0,0
CUST00783,54,Female,Florida,Clothing,Fall,2,72.25,1,10,Debit Card,Overnight,2.1,0.25,0.767,144.5,Low,0,0,0,45-54,0,1
CUST00784,38,Female,Florida,Accessories,Winter,4,61.39,1,15,Debit Card,Free Shipping,3.1,0.05,0.675,245.56,Mid,0,0,0,35-44,0,0
CUST00785,31,Female,Colorado,Accessories,Winter,3,79.96,1,15,Debit Card,Free Shipping,3.1,0.25,0.675,239.88,Mid,0,0,0,25-34,0,0
CUST00786,19,Male,Tennessee,Clothing,Winter,4,20.0,0,0,Apple Pay,Standard,4.0,0.66,0.0,80.0,Low,1,0,0,18-24,0,0
CUST00787,28,Male,New York,Clothing,Spring,2,84.85,0,0,Debit Card,Overnight,4.9,0.04,0.0,169.7,Low,1,0,0,25-34,0,0
CUST00788,56,Female,California,Clothing,Fall,1,63.64,1,20,PayPal,Free Shipping,4.9,0.27,0.733,63.64,Low,1,0,0,55-64,0,1
CUST00789,55,Female,Illinois,Outerwear,Summer,6,143.34,0,0,Apple Pay,Free Shipping,1.0,0.64,0.15,860.04,High,0,0,0,55-64,1,0
CUST00790,51,Male,Illinois,Outerwear,Summer,7,83.66,1,10,Apple Pay,Standard,5.0,0.3,0.617,585.62,High,1,0,0,45-54,0,0
CUST00791,55,Female,Texas,Accessories,Summer,1,140.64,0,0,Credit Card,Express,4.1,0.3,0.0,140.64,Low,1,0,0,55-64,1,0
CUST00792,51,Male,Georgia,Outerwear,Spring,6,51.71,1,10,Buy Now Pay Later,Overnight,5.0,0.56,0.617,310.26,Mid,1,0,0,45-54,0,0
CUST00793,35,Female,Michigan,Footwear,Summer,7,58.6,0,0,Credit Card,Standard,1.2,0.38,0.15,410.2,Mid,0,1,0,35-44,0,0
CUST00794,47,Female,Tennessee,Clothing,Fall,3,129.37,1,10,Debit Card,Express,4.0,0.15,0.617,388.11,Mid,1,0,0,45-54,1,0
CUST00795,32,Female,Texas,Clothing,Summer,13,138.5,1,15,Apple Pay,Standard,4.4,0.02,0.675,1800.5,High,1,0,1,25-34,1,0
CUST00796,44,Female,Virginia,Outerwear,Fall,5,42.54,1,25,Credit Card,Standard,2.0,0.36,0.942,212.7,Low,0,0,0,35-44,0,1
CUST00797,51,Male,Colorado,Footwear,Winter,4,72.88,1,15,Credit Card,Express,2.9,0.21,0.825,291.52,Mid,0,0,0,45-54,0,0
CUST00798,55,Male,Florida,Footwear,Spring,1,91.67,0,0,Credit Card,Express,1.1,0.2,0.15,91.67,Low,0,0,0,55-64,1,0
CUST00799,50,Female,Illinois,Outerwear,Spring,5,128.19,0,0,PayPal,Express,4.1,0.08,0.0,640.95,High,1,0,1,45-54,1,0
CUST00800,41,Female,North Carolina,Accessories,Winter,6,48.37,1,15,Debit Card,Express,2.9,0.19,0.825,290.21999999999997,Mid,0,0,0,35-44,0,0
CUST00801,32,Male,Florida,Clothing,Winter,29,193.63,1,15,PayPal,Standard,4.0,0.24,0.675,5615.2699999999995,High,1,0,1,25-34,1,0
CUST00802,47,Female,New York,Clothing,Summer,27,199.27,0,0,Apple Pay,Standard,4.9,0.13,0.0,5380.29,High,1,1,1,45-54,1,0
CUST00803,59,Male,Illinois,Clothing,Spring,1,105.5,1,15,PayPal,Standard,2.0,0.41,0.825,105.5,Low,0,0,0,55-64,1,1
CUST00804,34,Female,Washington,Clothing,Winter,1,148.29,0,0,Credit Card,Standard,3.2,0.23,0.0,148.29,Low,0,0,0,25-34,1,0
CUST00805,22,Female,Texas,Accessories,Summer,14,164.59,0,0,Buy Now Pay Later,Express,3.9,0.23,0.0,2304.26,High,0,1,0,18-24,1,0
CUST00806,46,Male,Massachusetts,Clothing,Summer,7,106.15,0,0,Credit Card,Free Shipping,3.1,0.09,0.0,743.0500000000001,High,0,1,0,45-54,1,0
CUST00807,21,Male,Colorado,Clothing,Spring,4,46.33,1,20,Credit Card,Standard,1.0,0.14,0.883,185.32,Low,0,0,0,18-24,0,1
CUST00808,27,Female,Arizona,Accessories,Summer,7,145.51,1,15,Credit Card,Standard,4.2,0.3,0.675,1018.5699999999999,High,1,0,0,25-34,1,0
CUST00809,34,Female,California,Clothing,Winter,11,111.67,0,0,Debit Card,Overnight,4.9,0.07,0.0,1228.3700000000001,High,1,1,1,25-34,1,0
CUST00810,27,Female,Washington,Accessories,Fall,7,74.44,1,20,Credit Card,Standard,1.0,0.39,0.883,521.0799999999999,High,0,0,0,25-34,0,0
CUST00811,34,Female,California,Accessories,Spring,2,70.63,1,15,Credit Card,Free Shipping,5.0,0.24,0.675,141.26,Low,1,0,0,25-34,0,1
CUST00812,37,Female,California,Footwear,Winter,7,17.0,1,15,Credit Card,Overnight,5.0,0.29,0.675,119.0,Low,1,0,0,35-44,0,1
CUST00813,41,Non-binary,Illinois,Outerwear,Fall,1,19.0,1,5,Credit Card,Standard,3.0,0.05,0.558,19.0,Low,0,0,0,35-44,0,1
CUST00814,22,Female,Florida,Clothing,Summer,3,39.73,1,15,PayPal,Standard,1.8,0.21,0.825,119.19,Low,0,0,0,18-24,0,1
CUST00815,51,Female,Washington,Clothing,Winter,6,66.04,0,0,Apple Pay,Express,4.9,0.16,0.0,396.24,Mid,1,0,0,45-54,0,0
CUST00816,23,Male,California,Outerwear,Fall,6,91.55,1,15,PayPal,Standard,5.0,0.14,0.675,549.3,High,1,0,1,18-24,1,0
CUST00817,19,Male,Florida,Accessories,Winter,3,90.64,1,20,Credit Card,Standard,3.1,0.27,0.733,271.92,Mid,0,0,0,18-24,1,0
CUST00818,30,Female,Texas,Footwear,Fall,3,84.99,0,0,Credit Card,Standard,1.8,0.61,0.15,254.96999999999997,Mid,0,0,0,25-34,0,0
CUST00819,60,Male,Michigan,Clothing,Fall,1,77.05,1,20,Buy Now Pay Later,Free Shipping,2.9,0.42,0.883,77.05,Low,0,0,0,55-64,0,1
CUST00820,60,Female,Washington,Footwear,Summer,13,244.98,0,0,Credit Card,Express,4.1,0.19,0.0,3184.74,High,1,1,1,55-64,1,0
CUST00821,28,Female,Colorado,Outerwear,Winter,13,156.48,1,25,Apple Pay,Standard,5.0,0.24,0.792,2034.2399999999998,High,1,0,1,25-34,1,0
CUST00822,64,Female,New York,Footwear,Fall,3,59.44,0,0,Credit Card,Overnight,5.0,0.37,0.0,178.32,Low,1,0,0,55-64,0,0
CUST00823,40,Male,California,Clothing,Summer,4,74.0,0,0,Buy Now Pay Later,Express,1.0,0.18,0.15,296.0,Mid,0,0,0,35-44,0,0
CUST00824,33,Male,Michigan,Outerwear,Spring,10,157.14,0,0,Credit Card,Express,4.9,0.01,0.0,1571.3999999999999,High,1,1,1,25-34,1,0
CUST00825,48,Male,New York,Footwear,Fall,2,49.28,1,15,Debit Card,Standard,2.2,0.2,0.825,98.56,Low,0,0,0,45-54,0,1
CUST00826,28,Male,Florida,Footwear,Fall,3,26.24,1,20,PayPal,Express,3.9,0.52,0.733,78.72,Low,0,0,0,25-34,0,1
CUST00827,33,Male,Arizona,Clothing,Summer,20,140.65,1,30,Debit Card,Free Shipping,4.1,0.15,0.85,2813.0,High,1,0,1,25-34,1,0
CUST00828,25,Female,California,Footwear,Spring,2,163.85,0,0,Credit Card,Standard,4.8,0.33,0.0,327.7,Mid,1,0,0,25-34,1,0
CUST00829,21,Female,North Carolina,Clothing,Winter,11,118.52,0,0,Debit Card,Standard,2.7,0.04,0.15,1303.72,High,0,1,0,18-24,1,0
CUST00830,57,Female,Illinois,Clothing,Fall,23,137.9,0,0,PayPal,Standard,4.1,0.05,0.0,3171.7000000000003,High,1,1,1,55-64,1,0
CUST00831,21,Female,Texas,Accessories,Fall,3,54.86,1,25,Credit Card,Standard,1.0,0.2,0.942,164.57999999999998,Low,0,0,0,18-24,0,1
CUST00832,42,Male,California,Clothing,Summer,28,243.17,0,0,Credit Card,Standard,2.9,0.15,0.15,6808.759999999999,High,0,1,0,35-44,1,0
CUST00833,20,Female,Texas,Footwear,Spring,4,35.49,0,0,Debit Card,Free Shipping,3.2,0.23,0.0,141.96,Low,0,0,0,18-24,0,0
CUST00834,49,Female,Massachusetts,Footwear,Summer,6,47.22,0,0,Credit Card,Free Shipping,2.9,0.5,0.15,283.32,Mid,0,0,0,45-54,0,0
CUST00835,20,Male,Colorado,Clothing,Summer,3,85.09,1,20,PayPal,Standard,4.9,0.07,0.733,255.27,Mid,1,0,0,18-24,0,0
CUST00836,44,Female,Texas,Footwear,Winter,2,76.7,0,0,Credit Card,Express,3.9,0.33,0.0,153.4,Low,0,0,0,35-44,0,0
CUST00837,46,Male,California,Outerwear,Fall,6,24.05,1,10,Debit Card,Express,4.8,0.26,0.617,144.3,Low,1,0,0,45-54,0,1
CUST00838,49,Female,Colorado,Clothing,Spring,11,263.04,0,0,Credit Card,Express,4.1,0.07,0.0,2893.44,High,1,1,1,45-54,1,0
CUST00839,36,Non-binary,Washington,Accessories,Spring,7,105.57,1,10,Debit Card,Express,1.0,0.29,0.767,738.99,High,0,0,0,35-44,1,0
CUST00840,38,Male,Florida,Clothing,Winter,1,50.49,1,20,Credit Card,Standard,4.2,0.13,0.733,50.49,Low,1,0,0,35-44,0,1
CUST00841,22,Female,New York,Accessories,Fall,6,18.0,1,10,Credit Card,Express,4.4,0.24,0.617,108.0,Low,1,0,0,18-24,0,1
CUST00842,35,Female,Texas,Clothing,Summer,16,114.48,1,15,Credit Card,Express,3.2,0.04,0.675,1831.68,High,0,0,0,35-44,1,0
CUST00843,45,Non-binary,Arizona,Clothing,Fall,2,75.66,1,15,Buy Now Pay Later,Free Shipping,4.1,0.08,0.675,151.32,Low,1,0,0,45-54,0,1
CUST00844,59,Male,Michigan,Clothing,Winter,3,106.51,1,25,Credit Card,Free Shipping,3.0,0.36,0.792,319.53000000000003,Mid,0,0,0,55-64,1,0
CUST00845,39,Female,Texas,Outerwear,Spring,5,87.6,1,10,PayPal,Standard,3.7,0.08,0.617,438.0,Mid,0,0,0,35-44,1,0
CUST00846,38,Male,Washington,Footwear,Winter,3,52.92,1,15,Credit Card,Standard,2.7,0.45,0.825,158.76,Low,0,0,0,35-44,0,1
CUST00847,23,Male,Florida,Accessories,Winter,4,87.67,1,10,Credit Card,Free Shipping,2.2,0.15,0.767,350.68,Mid,0,0,0,18-24,1,0
CUST00848,18,Male,Florida,Clothing,Spring,6,81.69,1,15,Debit Card,Express,1.0,0.12,0.825,490.14,Mid,0,0,0,18-24,0,0
CUST00849,22,Non-binary,Texas,Accessories,Summer,1,119.36,1,20,Debit Card,Free Shipping,4.0,0.27,0.733,119.36,Low,1,0,0,18-24,1,1
CUST00850,58,Female,North Carolina,Clothing,Spring,2,129.98,0,0,Buy Now Pay Later,Standard,2.0,0.06,0.15,259.96,Mid,0,0,0,55-64,1,0
CUST00851,29,Female,Florida,Clothing,Summer,24,143.68,0,0,Buy Now Pay Later,Express,3.2,0.2,0.0,3448.32,High,0,1,0,25-34,1,0
CUST00852,43,Female,Illinois,Accessories,Summer,7,83.66,1,15,PayPal,Express,1.0,0.22,0.825,585.62,High,0,0,0,35-44,0,0
CUST00853,63,Male,New York,Clothing,Summer,3,79.04,1,10,PayPal,Free Shipping,1.0,0.12,0.767,237.12,Mid,0,0,0,55-64,0,0
CUST00854,51,Male,Texas,Clothing,Summer,4,51.77,1,20,Debit Card,Standard,3.0,0.25,0.733,207.08,Low,0,0,0,45-54,0,1
CUST00855,31,Male,California,Accessories,Spring,3,104.26,1,15,Debit Card,Standard,1.0,0.12,0.825,312.78000000000003,Mid,0,0,0,25-34,1,0
CUST00856,43,Male,Colorado,Footwear,Spring,7,70.2,0,0,Buy Now Pay Later,Express,1.3,0.47,0.15,491.40000000000003,Mid,0,1,0,35-44,0,0
CUST00857,62,Male,Texas,Clothing,Summer,4,76.5,0,0,PayPal,Free Shipping,1.0,0.21,0.15,306.0,Mid,0,0,0,55-64,0,0
CUST00858,44,Male,Colorado,Clothing,Summer,8,148.08,0,0,Debit Card,Free Shipping,4.6,0.01,0.0,1184.64,High,1,1,1,35-44,1,0
CUST00859,26,Male,Florida,Clothing,Spring,5,47.32,1,25,Credit Card,Free Shipping,4.7,0.58,0.792,236.6,Mid,1,0,0,25-34,0,0
CUST00860,43,Male,Florida,Outerwear,Fall,5,69.34,0,0,Credit Card,Free Shipping,1.1,0.5,0.15,346.70000000000005,Mid,0,0,0,35-44,0,0
CUST00861,64,Male,Florida,Footwear,Spring,2,85.08,0,0,Buy Now Pay Later,Standard,5.0,0.75,0.0,170.16,Low,1,0,0,55-64,0,0
CUST00862,39,Male,New York,Accessories,Summer,5,82.23,0,0,Credit Card,Standard,3.7,0.13,0.0,411.15000000000003,Mid,0,0,0,35-44,0,0
CUST00863,64,Non-binary,California,Outerwear,Summer,4,122.36,1,10,Debit Card,Standard,2.0,0.26,0.767,489.44,Mid,0,0,0,55-64,1,0
CUST00864,47,Female,New York,Accessories,Winter,2,31.52,0,0,Credit Card,Standard,1.9,0.2,0.15,63.04,Low,0,0,0,45-54,0,0
CUST00865,60,Non-binary,Arizona,Outerwear,Fall,19,164.63,0,0,Apple Pay,Free Shipping,5.0,0.06,0.0,3127.97,High,1,1,1,55-64,1,0
CUST00866,34,Male,Arizona,Clothing,Winter,21,276.43,0,0,Credit Card,Free Shipping,4.2,0.2,0.0,5805.03,High,1,1,1,25-34,1,0
CUST00867,43,Male,New York,Clothing,Winter,1,69.18,1,5,Apple Pay,Standard,5.0,0.71,0.558,69.18,Low,1,0,0,35-44,0,1
CUST00868,53,Female,Florida,Footwear,Spring,7,15.0,1,25,Credit Card,Express,2.8,0.44,0.942,105.0,Low,0,0,0,45-54,0,1
CUST00869,18,Male,Texas,Clothing,Spring,16,139.58,1,20,Apple Pay,Free Shipping,2.6,0.24,0.883,2233.28,High,0,0,0,18-24,1,0
CUST00870,25,Male,Texas,Footwear,Fall,7,82.53,1,20,PayPal,Express,2.1,0.24,0.883,577.71,High,0,0,0,25-34,0,0
CUST00871,52,Male,California,Clothing,Fall,9,109.07,0,0,Credit Card,Standard,5.0,0.04,0.0,981.6299999999999,High,1,1,1,45-54,1,0
CUST00872,32,Male,Massachusetts,Footwear,Fall,2,68.33,0,0,Debit Card,Express,1.7,0.1,0.15,136.66,Low,0,0,0,25-34,0,0
CUST00873,64,Male,Texas,Clothing,Summer,4,66.92,1,10,Credit Card,Standard,3.7,0.2,0.617,267.68,Mid,0,0,0,55-64,0,0
CUST00874,39,Male,Texas,Clothing,Spring,2,78.28,1,15,Credit Card,Express,4.1,0.86,0.675,156.56,Low,1,0,0,35-44,0,1
CUST00875,31,Female,Texas,Outerwear,Fall,21,104.04,0,0,Apple Pay,Express,4.3,0.12,0.0,2184.84,High,1,1,1,25-34,1,0
CUST00876,43,Male,California,Outerwear,Fall,1,82.44,0,0,Debit Card,Standard,1.0,0.14,0.15,82.44,Low,0,0,0,35-44,0,0
CUST00877,45,Male,Arizona,Outerwear,Summer,7,186.17,0,0,Debit Card,Free Shipping,5.0,0.26,0.0,1303.1899999999998,High,1,1,0,45-54,1,0
CUST00878,40,Female,California,Footwear,Fall,5,175.5,0,0,Credit Card,Express,2.6,0.28,0.15,877.5,High,0,0,0,35-44,1,0
CUST00879,31,Male,California,Footwear,Winter,3,128.13,1,10,Debit Card,Express,5.0,0.18,0.617,384.39,Mid,1,0,0,25-34,1,0
CUST00880,41,Male,Arizona,Accessories,Fall,7,120.62,0,0,Apple Pay,Free Shipping,5.0,0.22,0.0,844.34,High,1,1,1,35-44,1,0
CUST00881,19,Female,New York,Clothing,Winter,3,97.12,0,0,Debit Card,Standard,5.0,0.12,0.0,291.36,Mid,1,0,0,18-24,1,0
CUST00882,62,Male,Colorado,Clothing,Summer,3,110.52,1,20,Buy Now Pay Later,Standard,1.9,0.34,0.883,331.56,Mid,0,0,0,55-64,1,0
CUST00883,43,Male,Illinois,Clothing,Winter,7,135.09,1,15,Buy Now Pay Later,Free Shipping,2.1,0.34,0.825,945.63,High,0,0,0,35-44,1,0
CUST00884,31,Female,Texas,Outerwear,Fall,2,88.91,0,0,Credit Card,Standard,2.8,0.52,0.15,177.82,Low,0,0,0,25-34,1,0
CUST00885,24,Male,Arizona,Clothing,Summer,5,94.35,0,0,Credit Card,Free Shipping,1.0,0.19,0.15,471.75,Mid,0,0,0,18-24,1,0
CUST00886,20,Female,California,Outerwear,Summer,7,89.59,1,20,Apple Pay,Standard,4.4,0.33,0.733,627.13,High,1,0,0,18-24,1,0
CUST00887,64,Female,Illinois,Accessories,Spring,6,73.32,1,10,Debit Card,Standard,1.4,0.16,0.767,439.91999999999996,Mid,0,0,0,55-64,0,0
CUST00888,40,Male,Florida,Footwear,Spring,2,123.04,1,10,Credit Card,Express,4.4,0.48,0.617,246.08,Mid,1,0,0,35-44,1,0
CUST00889,63,Female,Texas,Clothing,Summer,7,37.7,1,10,Credit Card,Standard,2.1,0.37,0.767,263.90000000000003,Mid,0,0,0,55-64,0,0
CUST00890,60,Female,Washington,Clothing,Winter,7,92.22,1,5,Debit Card,Free Shipping,5.0,0.09,0.558,645.54,High,1,0,1,55-64,1,0
CUST00891,64,Male,Virginia,Outerwear,Winter,26,178.25,0,0,PayPal,Express,4.1,0.25,0.0,4634.5,High,1,1,0,55-64,1,0
CUST00892,62,Female,Michigan,Clothing,Spring,7,58.55,1,30,Credit Card,Free Shipping,3.1,0.26,0.85,409.84999999999997,Mid,0,0,0,55-64,0,0
CUST00893,35,Male,Washington,Clothing,Winter,2,47.39,1,20,Credit Card,Free Shipping,3.1,0.45,0.733,94.78,Low,0,0,0,35-44,0,1
CUST00894,55,Female,Florida,Clothing,Summer,7,70.59,1,15,Buy Now Pay Later,Standard,1.0,0.43,0.825,494.13,High,0,0,0,55-64,0,0
CUST00895,52,Male,Texas,Clothing,Spring,6,23.7,1,10,PayPal,Free Shipping,1.8,0.29,0.767,142.2,Low,0,0,0,45-54,0,1
CUST00896,32,Male,Texas,Clothing,Winter,29,118.5,1,20,Debit Card,Express,3.9,0.27,0.733,3436.5,High,0,0,0,25-34,1,0
CUST00897,42,Male,Florida,Footwear,Winter,2,60.8,1,15,PayPal,Overnight,5.0,0.12,0.675,121.6,Low,1,0,0,35-44,0,1
CUST00898,54,Female,New York,Accessories,Winter,5,91.64,1,25,Debit Card,Free Shipping,1.2,0.29,0.942,458.2,Mid,0,0,0,45-54,1,0
CUST00899,45,Male,Massachusetts,Accessories,Fall,7,74.78,1,10,PayPal,Express,5.0,0.09,0.617,523.46,High,1,0,1,45-54,0,0
CUST00900,27,Male,New York,Clothing,Summer,3,114.44,0,0,Debit Card,Express,4.1,0.2,0.0,343.32,Mid,1,0,0,25-34,1,0
CUST00901,56,Male,New York,Footwear,Summer,27,189.7,0,0,Credit Card,Express,3.8,0.0,0.0,5121.9,High,0,1,0,55-64,1,0
CUST00902,34,Female,New York,Footwear,Winter,24,132.31,1,30,PayPal,Standard,4.9,0.12,0.85,3175.44,High,1,0,1,25-34,1,0
CUST00903,56,Female,North Carolina,Clothing,Summer,7,119.11,1,25,Debit Card,Standard,5.0,0.42,0.792,833.77,High,1,0,0,55-64,1,0
CUST00904,39,Female,Arizona,Clothing,Summer,15,101.48,0,0,Buy Now Pay Later,Express,3.3,0.03,0.0,1522.2,High,0,1,0,35-44,1,0
CUST00905,43,Female,Washington,Clothing,Fall,1,113.38,0,0,Credit Card,Standard,3.1,0.22,0.0,113.38,Low,0,0,0,35-44,1,0
CUST00906,61,Female,New York,Footwear,Winter,21,122.73,0,0,Buy Now Pay Later,Standard,2.7,0.1,0.15,2577.33,High,0,1,0,55-64,1,0
CUST00907,42,Male,North Carolina,Footwear,Summer,2,72.18,1,10,Buy Now Pay Later,Standard,5.0,0.44,0.617,144.36,Low,1,0,0,35-44,0,1
CUST00908,34,Female,California,Outerwear,Summer,2,20.33,0,0,Credit Card,Express,4.7,0.08,0.0,40.66,Low,1,0,0,25-34,0,0
CUST00909,30,Female,Virginia,Clothing,Summer,7,81.18,1,25,PayPal,Standard,5.0,0.34,0.792,568.26,High,1,0,0,25-34,0,0
CUST00910,37,Non-binary,Illinois,Accessories,Summer,4,61.1,1,5,Debit Card,Free Shipping,1.9,0.2,0.708,244.4,Mid,0,0,0,35-44,0,0
CUST00911,42,Female,Florida,Clothing,Fall,4,111.15,0,0,Apple Pay,Standard,1.0,0.04,0.15,444.6,Mid,0,0,0,35-44,1,0
CUST00912,21,Male,Illinois,Clothing,Spring,2,95.66,0,0,Debit Card,Express,4.6,0.35,0.0,191.32,Low,1,0,0,18-24,1,0
CUST00913,27,Male,Arizona,Accessories,Winter,5,65.09,1,15,PayPal,Express,2.2,0.28,0.825,325.45000000000005,Mid,0,0,0,25-34,0,0
CUST00914,20,Female,California,Clothing,Spring,1,100.99,1,10,Debit Card,Overnight,1.2,0.51,0.767,100.99,Low,0,0,0,18-24,1,1
CUST00915,58,Female,Virginia,Footwear,Spring,7,122.17,0,0,Credit Card,Standard,3.9,0.22,0.0,855.19,High,0,1,0,55-64,1,0
CUST00916,62,Female,Florida,Accessories,Spring,5,52.75,1,25,Credit Card,Free Shipping,1.0,0.18,0.942,263.75,Mid,0,0,0,55-64,0,0
CUST00917,35,Female,New York,Footwear,Summer,6,104.99,1,15,Debit Card,Free Shipping,1.9,0.19,0.825,629.9399999999999,High,0,0,0,35-44,1,0
CUST00918,64,Female,California,Clothing,Winter,3,77.07,0,0,PayPal,Free Shipping,2.0,0.21,0.15,231.20999999999998,Mid,0,0,0,55-64,0,0
CUST00919,53,Male,Florida,Outerwear,Fall,3,18.0,1,10,PayPal,Free Shipping,1.0,0.11,0.767,54.0,Low,0,0,0,45-54,0,1
CUST00920,64,Female,Illinois,Outerwear,Summer,3,87.93,1,5,PayPal,Express,1.0,0.09,0.708,263.79,Mid,0,0,0,55-64,1,0
CUST00921,39,Male,Florida,Outerwear,Spring,2,56.09,1,10,Credit Card,Express,2.3,0.38,0.767,112.18,Low,0,0,0,35-44,0,1
CUST00922,51,Male,Colorado,Footwear,Fall,26,134.17,0,0,Debit Card,Overnight,3.5,0.03,0.0,3488.4199999999996,High,0,1,0,45-54,1,0
CUST00923,64,Male,Florida,Footwear,Summer,7,19.0,1,5,Credit Card,Overnight,4.1,0.33,0.558,133.0,Low,1,0,0,55-64,0,1
CUST00924,25,Female,Tennessee,Accessories,Spring,1,95.47,0,0,Apple Pay,Free Shipping,2.1,0.02,0.15,95.47,Low,0,0,0,25-34,1,0
CUST00925,57,Male,Washington,Clothing,Summer,1,51.74,1,15,Buy Now Pay Later,Overnight,2.3,0.18,0.825,51.74,Low,0,0,0,55-64,0,1
CUST00926,61,Male,Ohio,Footwear,Summer,7,53.36,1,20,Debit Card,Free Shipping,3.0,0.3,0.733,373.52,Mid,0,0,0,55-64,0,0
CUST00927,36,Female,California,Footwear,Summer,6,122.0,0,0,Credit Card,Standard,2.9,0.11,0.15,732.0,High,0,0,0,35-44,1,0
CUST00928,59,Male,Florida,Outerwear,Summer,17,141.16,0,0,Credit Card,Free Shipping,2.8,0.22,0.15,2399.72,High,0,1,0,55-64,1,0
CUST00929,58,Female,New York,Accessories,Summer,2,98.01,0,0,PayPal,Overnight,5.0,0.04,0.0,196.02,Low,1,0,0,55-64,1,0
CUST00930,54,Female,Washington,Clothing,Fall,2,93.76,1,5,PayPal,Overnight,4.9,0.12,0.558,187.52,Low,1,0,0,45-54,1,1
CUST00931,23,Female,Virginia,Footwear,Winter,1,83.98,1,10,PayPal,Standard,1.8,0.5,0.767,83.98,Low,0,0,0,18-24,0,1
CUST00932,43,Female,California,Outerwear,Spring,20,178.64,1,5,Credit Card,Free Shipping,2.9,0.04,0.708,3572.7999999999997,High,0,0,0,35-44,1,0
CUST00933,51,Male,California,Clothing,Fall,4,115.95,0,0,PayPal,Free Shipping,3.8,0.04,0.0,463.8,Mid,0,0,0,45-54,1,0
CUST00934,62,Female,Virginia,Clothing,Spring,4,85.07,1,5,PayPal,Standard,3.8,0.4,0.558,340.28,Mid,0,0,0,55-64,0,0
CUST00935,23,Male,Texas,Accessories,Spring,4,55.75,1,5,Credit Card,Express,4.0,0.38,0.558,223.0,Mid,1,0,0,18-24,0,0
CUST00936,54,Female,Arizona,Clothing,Fall,2,69.31,0,0,Debit Card,Standard,2.0,0.15,0.15,138.62,Low,0,0,0,45-54,0,0
CUST00937,50,Male,Illinois,Clothing,Winter,4,84.19,0,0,Credit Card,Free Shipping,3.1,0.12,0.0,336.76,Mid,0,0,0,45-54,0,0
CUST00938,39,Female,North Carolina,Clothing,Summer,7,16.0,1,20,Debit Card,Express,2.0,0.61,0.883,112.0,Low,0,0,0,35-44,0,1
CUST00939,38,Male,California,Outerwear,Winter,6,60.74,1,10,Apple Pay,Standard,1.8,0.19,0.767,364.44,Mid,0,0,0,35-44,0,0
CUST00940,23,Male,California,Clothing,Fall,21,149.64,1,10,Debit Card,Standard,4.6,0.13,0.617,3142.4399999999996,High,1,0,1,18-24,1,0
CUST00941,23,Male,Illinois,Accessories,Spring,6,71.31,0,0,Apple Pay,Overnight,2.8,0.24,0.15,427.86,Mid,0,0,0,18-24,0,0
CUST00942,21,Male,Tennessee,Footwear,Fall,4,101.93,1,10,Debit Card,Standard,5.0,0.42,0.617,407.72,Mid,1,0,0,18-24,1,0
CUST00943,47,Female,Florida,Outerwear,Summer,2,115.54,0,0,Credit Card,Express,1.1,0.2,0.15,231.08,Mid,0,0,0,45-54,1,0
CUST00944,28,Male,New York,Outerwear,Fall,5,127.4,0,0,Debit Card,Free Shipping,2.2,0.23,0.15,637.0,High,0,0,0,25-34,1,0
CUST00945,47,Female,Washington,Accessories,Summer,3,62.79,1,15,Debit Card,Free Shipping,3.2,0.4,0.675,188.37,Low,0,0,0,45-54,0,1
CUST00946,48,Non-binary,Tennessee,Outerwear,Spring,5,76.15,0,0,Debit Card,Standard,1.2,0.17,0.15,380.75,Mid,0,0,0,45-54,0,0
CUST00947,41,Female,North Carolina,Clothing,Fall,29,174.97,0,0,Credit Card,Free Shipping,4.1,0.08,0.0,5074.13,High,1,1,1,35-44,1,0
CUST00948,26,Male,Michigan,Footwear,Fall,3,51.44,1,10,Debit Card,Overnight,5.0,0.26,0.617,154.32,Low,1,0,0,25-34,0,1
CUST00949,20,Male,California,Footwear,Fall,4,60.47,0,0,Credit Card,Standard,5.0,0.46,0.0,241.88,Mid,1,0,0,18-24,0,0
CUST00950,48,Female,California,Clothing,Summer,3,96.02,1,20,Credit Card,Standard,2.4,0.14,0.883,288.06,Mid,0,0,0,45-54,1,0
CUST00951,57,Male,Washington,Accessories,Spring,3,45.5,1,25,Debit Card,Standard,1.9,0.01,0.942,136.5,Low,0,0,0,55-64,0,1
CUST00952,54,Male,North Carolina,Clothing,Winter,28,168.88,0,0,Credit Card,Free Shipping,3.9,0.17,0.0,4728.639999999999,High,0,1,0,45-54,1,0
CUST00953,53,Female,New York,Outerwear,Fall,3,84.07,1,15,Buy Now Pay Later,Standard,5.0,0.63,0.675,252.20999999999998,Mid,1,0,0,45-54,0,0
CUST00954,41,Female,Texas,Clothing,Summer,2,71.96,1,15,Debit Card,Standard,5.0,0.16,0.675,143.92,Low,1,0,0,35-44,0,1
CUST00955,48,Female,Ohio,Footwear,Winter,6,84.91,1,10,PayPal,Free Shipping,2.9,0.38,0.767,509.46,High,0,0,0,45-54,0,0
CUST00956,23,Male,California,Clothing,Spring,7,108.87,0,0,Debit Card,Express,5.0,0.24,0.0,762.09,High,1,1,1,18-24,1,0
CUST00957,19,Female,New York,Clothing,Fall,6,121.8,1,10,PayPal,Free Shipping,4.0,0.13,0.617,730.8,High,1,0,1,18-24,1,0
CUST00958,37,Male,Illinois,Outerwear,Spring,2,46.89,1,10,Credit Card,Overnight,1.0,0.18,0.767,93.78,Low,0,0,0,35-44,0,1
CUST00959,45,Male,Washington,Footwear,Summer,12,266.39,1,5,Buy Now Pay Later,Standard,3.9,0.23,0.558,3196.68,High,0,0,0,45-54,1,0
CUST00960,28,Female,Georgia,Outerwear,Fall,4,73.38,1,10,Debit Card,Free Shipping,1.2,0.26,0.767,293.52,Mid,0,0,0,25-34,0,0
CUST00961,21,Male,New York,Clothing,Summer,8,194.56,0,0,Apple Pay,Standard,4.1,0.07,0.0,1556.48,High,1,1,1,18-24,1,0
CUST00962,32,Male,Washington,Clothing,Fall,7,71.15,1,25,Debit Card,Express,2.7,0.08,0.942,498.05000000000007,High,0,0,0,25-34,0,0
CUST00963,23,Male,Washington,Accessories,Summer,12,183.44,0,0,Credit Card,Express,4.3,0.19,0.0,2201.2799999999997,High,1,1,1,18-24,1,0
CUST00964,47,Female,Illinois,Accessories,Summer,7,46.3,1,10,PayPal,Standard,1.1,0.4,0.767,324.09999999999997,Mid,0,0,0,45-54,0,0
CUST00965,55,Female,Arizona,Clothing,Winter,7,24.46,1,10,Credit Card,Free Shipping,1.1,0.23,0.767,171.22,Low,0,0,0,55-64,0,1
CUST00966,19,Female,Texas,Footwear,Fall,1,102.98,0,0,Debit Card,Express,1.2,0.2,0.15,102.98,Low,0,0,0,18-24,1,0
CUST00967,32,Female,California,Clothing,Summer,6,78.89,1,15,Credit Card,Standard,2.2,0.22,0.825,473.34000000000003,Mid,0,0,0,25-34,0,0
CUST00968,28,Male,California,Clothing,Summer,5,56.15,1,30,PayPal,Free Shipping,4.8,0.23,0.85,280.75,Mid,1,0,0,25-34,0,0
CUST00969,25,Male,Texas,Clothing,Summer,24,199.14,0,0,Buy Now Pay Later,Express,4.8,0.16,0.0,4779.36,High,1,1,1,25-34,1,0
CUST00970,43,Male,Illinois,Accessories,Spring,10,219.37,0,0,Debit Card,Overnight,4.5,0.05,0.0,2193.7,High,1,1,1,35-44,1,0
CUST00971,62,Male,North Carolina,Footwear,Summer,3,19.51,1,20,Apple Pay,Express,1.9,0.22,0.883,58.53,Low,0,0,0,55-64,0,1
CUST00972,61,Female,Colorado,Accessories,Summer,1,18.0,1,10,Debit Card,Free Shipping,1.1,0.36,0.767,18.0,Low,0,0,0,55-64,0,1
CUST00973,22,Female,Ohio,Accessories,Summer,20,135.28,0,0,Debit Card,Standard,5.0,0.0,0.0,2705.6,High,1,1,1,18-24,1,0
CUST00974,23,Male,New York,Clothing,Summer,6,114.98,1,10,Buy Now Pay Later,Standard,1.0,0.1,0.767,689.88,High,0,0,0,18-24,1,0
CUST00975,43,Male,Florida,Outerwear,Spring,7,24.82,1,25,Apple Pay,Express,4.9,0.18,0.792,173.74,Low,1,0,0,35-44,0,1
CUST00976,21,Male,Florida,Outerwear,Spring,5,73.4,1,15,PayPal,Standard,1.2,0.19,0.825,367.0,Mid,0,0,0,18-24,0,0
CUST00977,36,Male,Texas,Footwear,Fall,5,95.67,0,0,Credit Card,Overnight,5.0,0.28,0.0,478.35,Mid,1,0,0,35-44,1,0
CUST00978,37,Female,California,Clothing,Spring,4,125.23,1,10,Debit Card,Standard,1.1,0.15,0.767,500.92,High,0,0,0,35-44,1,0
CUST00979,50,Male,Washington,Accessories,Summer,6,54.83,0,0,Credit Card,Standard,3.0,0.1,0.0,328.98,Mid,0,0,0,45-54,0,0
CUST00980,37,Male,Michigan,Footwear,Fall,4,48.08,1,10,Debit Card,Standard,4.9,0.28,0.617,192.32,Low,1,0,0,35-44,0,1
CUST00981,29,Female,Texas,Outerwear,Winter,7,90.92,1,25,Debit Card,Overnight,2.9,0.26,0.942,636.44,High,0,0,0,25-34,1,0
CUST00982,64,Male,California,Outerwear,Spring,6,47.47,0,0,Apple Pay,Free Shipping,2.2,0.15,0.15,284.82,Mid,0,0,0,55-64,0,0
CUST00983,18,Female,Ohio,Outerwear,Fall,7,108.23,1,15,Apple Pay,Standard,1.0,0.24,0.825,757.61,High,0,0,0,18-24,1,0
CUST00984,43,Male,Texas,Clothing,Summer,3,82.87,1,15,Debit Card,Express,2.1,0.72,0.825,248.61,Mid,0,0,0,35-44,0,0
CUST00985,31,Female,North Carolina,Outerwear,Spring,6,20.88,1,10,Credit Card,Standard,1.0,0.43,0.767,125.28,Low,0,0,0,25-34,0,1
CUST00986,55,Non-binary,Colorado,Footwear,Spring,6,97.08,1,10,Apple Pay,Express,5.0,0.2,0.617,582.48,High,1,0,1,55-64,1,0
CUST00987,54,Female,Tennessee,Footwear,Fall,3,95.77,1,5,Credit Card,Standard,1.1,0.41,0.708,287.31,Mid,0,0,0,45-54,1,0
CUST00988,28,Male,Florida,Accessories,Winter,2,68.87,1,10,PayPal,Express,4.1,0.12,0.617,137.74,Low,1,0,0,25-34,0,1
CUST00989,53,Female,Arizona,Clothing,Spring,7,56.78,1,10,Credit Card,Express,4.2,0.06,0.617,397.46000000000004,Mid,1,0,0,45-54,0,0
CUST00990,30,Male,Florida,Accessories,Summer,2,141.54,0,0,Debit Card,Free Shipping,3.9,0.22,0.0,283.08,Mid,0,0,0,25-34,1,0
CUST00991,60,Male,Arizona,Clothing,Summer,6,18.0,1,10,Buy Now Pay Later,Standard,3.2,0.48,0.617,108.0,Low,0,0,0,55-64,0,1
CUST00992,20,Male,Florida,Clothing,Winter,2,22.44,1,30,Credit Card,Free Shipping,3.7,0.23,0.85,44.88,Low,0,0,0,18-24,0,1
CUST00993,50,Male,Texas,Outerwear,Fall,5,63.18,1,5,Debit Card,Express,1.0,0.6,0.708,315.9,Mid,0,0,0,45-54,0,0
CUST00994,23,Female,Illinois,Clothing,Summer,6,96.83,1,5,Credit Card,Free Shipping,1.8,0.3,0.708,580.98,High,0,0,0,18-24,1,0
CUST00995,27,Female,Illinois,Clothing,Spring,1,84.91,0,0,Apple Pay,Standard,2.6,0.54,0.15,84.91,Low,0,0,0,25-34,0,0
CUST00996,22,Female,North Carolina,Clothing,Summer,27,171.52,0,0,Apple Pay,Standard,2.9,0.19,0.15,4631.04,High,0,1,0,18-24,1,0
CUST00997,40,Female,Georgia,Accessories,Spring,4,72.48,1,30,Credit Card,Free Shipping,3.0,0.31,0.85,289.92,Mid,0,0,0,35-44,0,0
CUST00998,27,Female,Arizona,Outerwear,Winter,3,20.56,1,15,Credit Card,Standard,1.8,0.16,0.825,61.67999999999999,Low,0,0,0,25-34,0,1
CUST00999,61,Male,California,Clothing,Winter,6,87.95,1,10,PayPal,Standard,3.8,0.83,0.617,527.7,High,0,0,0,55-64,1,0
CUST01000,19,Male,Georgia,Clothing,Spring,1,74.5,0,0,Credit Card,Standard,2.0,0.18,0.15,74.5,Low,0,0,0,18-24,0,0
CUST01001,30,Female,Illinois,Outerwear,Summer,3,108.49,0,0,PayPal,Free Shipping,3.0,0.01,0.0,325.46999999999997,Mid,0,0,0,25-34,1,0
CUST01002,57,Male,Massachusetts,Outerwear,Spring,4,102.28,0,0,Credit Card,Standard,2.9,0.23,0.15,409.12,Mid,0,0,0,55-64,1,0
CUST01003,19,Female,Massachusetts,Clothing,Summer,4,83.75,1,25,Credit Card,Free Shipping,2.7,0.55,0.942,335.0,Mid,0,0,0,18-24,0,0
CUST01004,37,Male,California,Footwear,Winter,1,60.44,1,5,PayPal,Express,1.9,0.29,0.708,60.44,Low,0,0,0,35-44,0,1
CUST01005,18,Male,North Carolina,Footwear,Winter,19,208.19,0,0,Credit Card,Standard,2.9,0.04,0.15,3955.61,High,0,1,0,18-24,1,0
CUST01006,54,Male,California,Footwear,Fall,5,91.81,0,0,Apple Pay,Express,1.0,0.22,0.15,459.05,Mid,0,0,0,45-54,1,0
CUST01007,26,Male,New York,Accessories,Winter,4,28.88,1,15,Credit Card,Standard,3.9,0.65,0.675,115.52,Low,0,0,0,25-34,0,1
CUST01008,34,Male,Illinois,Outerwear,Fall,7,130.03,1,20,Credit Card,Express,5.0,0.69,0.733,910.21,High,1,0,0,25-34,1,0
CUST01009,26,Female,California,Clothing,Summer,1,113.02,1,20,Buy Now Pay Later,Overnight,1.7,0.16,0.883,113.02,Low,0,0,0,25-34,1,1
CUST01010,28,Male,Georgia,Clothing,Winter,1,27.47,1,10,Debit Card,Express,1.0,0.66,0.767,27.47,Low,0,0,0,25-34,0,1
CUST01011,32,Female,California,Clothing,Summer,3,92.98,0,0,PayPal,Standard,4.1,0.17,0.0,278.94,Mid,1,0,0,25-34,1,0
CUST01012,41,Male,Texas,Accessories,Summer,4,94.78,1,25,Credit Card,Overnight,5.0,0.13,0.792,379.12,Mid,1,0,0,35-44,1,0
CUST01013,55,Male,Washington,Outerwear,Winter,4,71.26,0,0,PayPal,Free Shipping,3.9,0.03,0.0,285.04,Mid,0,0,0,55-64,0,0
CUST01014,52,Male,Colorado,Accessories,Fall,6,58.75,0,0,PayPal,Overnight,4.0,0.21,0.0,352.5,Mid,1,0,0,45-54,0,0
CUST01015,47,Female,Massachusetts,Clothing,Summer,6,126.32,0,0,Credit Card,Free Shipping,4.9,0.17,0.0,757.92,High,1,0,1,45-54,1,0
CUST01016,48,Male,Colorado,Accessories,Winter,1,119.12,1,10,Apple Pay,Standard,3.2,0.4,0.617,119.12,Low,0,0,0,45-54,1,1
CUST01017,22,Female,Colorado,Accessories,Spring,6,28.58,0,0,PayPal,Free Shipping,1.0,0.34,0.15,171.48,Low,0,0,0,18-24,0,0
CUST01018,61,Male,Florida,Outerwear,Fall,3,75.74,1,15,Debit Card,Standard,1.0,0.1,0.825,227.21999999999997,Mid,0,0,0,55-64,0,0
CUST01019,31,Female,California,Accessories,Winter,14,197.61,1,10,Debit Card,Standard,5.0,0.42,0.617,2766.54,High,1,0,0,25-34,1,0
CUST01020,28,Male,California,Footwear,Spring,21,119.01,0,0,Debit Card,Free Shipping,4.8,0.03,0.0,2499.21,High,1,1,1,25-34,1,0
CUST01021,26,Female,Illinois,Footwear,Summer,11,154.12,0,0,Credit Card,Free Shipping,5.0,0.07,0.0,1695.3200000000002,High,1,1,1,25-34,1,0
CUST01022,51,Female,Colorado,Footwear,Summer,7,52.77,0,0,Debit Card,Overnight,1.8,0.45,0.15,369.39000000000004,Mid,0,1,0,45-54,0,0
CUST01023,29,Female,Florida,Footwear,Winter,5,72.72,1,15,Credit Card,Standard,2.1,0.4,0.825,363.6,Mid,0,0,0,25-34,0,0
CUST01024,52,Male,Georgia,Clothing,Fall,28,224.41,0,0,Debit Card,Standard,3.2,0.05,0.0,6283.48,High,0,1,0,45-54,1,0
CUST01025,52,Male,Illinois,Outerwear,Spring,27,130.47,1,15,PayPal,Express,3.7,0.01,0.675,3522.69,High,0,0,0,45-54,1,0
CUST01026,18,Male,California,Footwear,Winter,3,80.24,1,10,Debit Card,Free Shipping,3.7,0.52,0.617,240.71999999999997,Mid,0,0,0,18-24,0,0
CUST01027,57,Female,Texas,Footwear,Summer,5,43.91,1,15,Buy Now Pay Later,Standard,3.1,0.29,0.675,219.54999999999998,Mid,0,0,0,55-64,0,0
CUST01028,39,Female,North Carolina,Outerwear,Fall,9,134.86,0,0,Credit Card,Free Shipping,5.0,0.04,0.0,1213.7400000000002,High,1,1,1,35-44,1,0
CUST01029,46,Female,Georgia,Footwear,Summer,6,120.64,0,0,Debit Card,Standard,2.2,0.16,0.15,723.84,High,0,0,0,45-54,1,0
CUST01030,25,Male,Massachusetts,Footwear,Spring,5,121.68,0,0,PayPal,Free Shipping,2.0,0.53,0.15,608.4000000000001,High,0,0,0,25-34,1,0
CUST01031,28,Male,California,Outerwear,Fall,1,65.27,1,20,Debit Card,Free Shipping,4.8,0.12,0.733,65.27,Low,1,0,0,25-34,0,1
CUST01032,58,Male,Michigan,Clothing,Summer,7,69.58,1,5,Debit Card,Express,1.8,0.24,0.708,487.06,Mid,0,0,0,55-64,0,0
CUST01033,54,Non-binary,Texas,Accessories,Summer,3,131.65,0,0,Credit Card,Standard,2.1,0.05,0.15,394.95000000000005,Mid,0,0,0,45-54,1,0
CUST01034,31,Female,California,Accessories,Spring,1,73.41,0,0,Debit Card,Free Shipping,2.2,0.31,0.15,73.41,Low,0,0,0,25-34,0,0
CUST01035,47,Female,Michigan,Clothing,Winter,5,78.27,1,10,Credit Card,Express,1.0,0.06,0.767,391.34999999999997,Mid,0,0,0,45-54,0,0
CUST01036,52,Male,New York,Footwear,Spring,22,130.52,1,5,Buy Now Pay Later,Overnight,4.0,0.07,0.558,2871.44,High,1,0,1,45-54,1,0
CUST01037,38,Female,Arizona,Footwear,Spring,5,87.06,1,10,Credit Card,Express,1.0,0.15,0.767,435.3,Mid,0,0,0,35-44,1,0
CUST01038,54,Female,Texas,Footwear,Summer,3,29.73,1,20,Apple Pay,Standard,2.4,0.3,0.883,89.19,Low,0,0,0,45-54,0,1
CUST01039,22,Male,Washington,Outerwear,Spring,1,63.52,1,15,PayPal,Free Shipping,2.0,0.31,0.825,63.52,Low,0,0,0,18-24,0,1
CUST01040,36,Female,Massachusetts,Clothing,Spring,6,88.23,0,0,Credit Card,Standard,1.0,0.33,0.15,529.38,High,0,0,0,35-44,1,0
CUST01041,31,Female,New York,Footwear,Fall,6,121.19,0,0,Debit Card,Free Shipping,1.0,0.36,0.15,727.14,High,0,0,0,25-34,1,0
CUST01042,43,Female,Colorado,Accessories,Winter,3,78.99,0,0,Apple Pay,Standard,4.8,0.32,0.0,236.96999999999997,Mid,1,0,0,35-44,0,0
CUST01043,21,Female,Texas,Clothing,Winter,5,17.0,1,15,Apple Pay,Overnight,5.0,0.18,0.675,85.0,Low,1,0,0,18-24,0,1
CUST01044,42,Male,Arizona,Clothing,Spring,5,61.12,1,5,Credit Card,Standard,2.1,0.45,0.708,305.59999999999997,Mid,0,0,0,35-44,0,0
CUST01045,62,Male,New York,Outerwear,Fall,2,102.05,1,25,Credit Card,Standard,1.0,0.31,0.942,204.1,Low,0,0,0,55-64,1,1
CUST01046,59,Non-binary,Texas,Accessories,Winter,5,85.97,1,5,Credit Card,Standard,4.4,0.04,0.558,429.85,Mid,1,0,0,55-64,1,0
CUST01047,42,Male,New York,Footwear,Spring,12,220.98,0,0,Credit Card,Overnight,4.8,0.19,0.0,2651.7599999999998,High,1,1,1,35-44,1,0
CUST01048,35,Female,Texas,Accessories,Spring,7,42.23,1,15,Debit Card,Express,1.1,0.32,0.825,295.60999999999996,Mid,0,0,0,35-44,0,0
CUST01049,57,Female,Massachusetts,Clothing,Winter,7,93.17,1,5,Apple Pay,Free Shipping,4.1,0.48,0.558,652.19,High,1,0,0,55-64,1,0
CUST01050,25,Female,Florida,Clothing,Summer,1,60.95,0,0,Debit Card,Standard,3.1,0.23,0.0,60.95,Low,0,0,0,25-34,0,0
CUST01051,56,Non-binary,Texas,Clothing,Summer,1,81.66,1,5,PayPal,Overnight,2.7,0.68,0.708,81.66,Low,0,0,0,55-64,0,1
CUST01052,57,Male,Florida,Outerwear,Spring,2,52.36,1,10,PayPal,Free Shipping,1.0,0.42,0.767,104.72,Low,0,0,0,55-64,0,1
CUST01053,31,Male,New York,Clothing,Spring,6,45.7,1,15,Debit Card,Standard,1.8,0.31,0.825,274.20000000000005,Mid,0,0,0,25-34,0,0
CUST01054,49,Male,Georgia,Outerwear,Summer,3,71.5,0,0,Credit Card,Express,4.0,0.18,0.0,214.5,Low,1,0,0,45-54,0,0
CUST01055,55,Male,Michigan,Outerwear,Summer,18,201.12,1,5,PayPal,Express,3.8,0.05,0.558,3620.16,High,0,0,0,55-64,1,0
CUST01056,50,Male,Florida,Outerwear,Fall,4,83.05,0,0,Apple Pay,Standard,5.0,0.17,0.0,332.2,Mid,1,0,0,45-54,0,0
CUST01057,40,Male,Virginia,Accessories,Winter,1,75.26,0,0,PayPal,Standard,2.1,0.08,0.15,75.26,Low,0,0,0,35-44,0,0
CUST01058,32,Female,Washington,Outerwear,Spring,3,117.24,1,5,Credit Card,Overnight,4.0,0.41,0.558,351.71999999999997,Mid,1,0,0,25-34,1,0
CUST01059,50,Female,Texas,Clothing,Spring,16,165.63,0,0,Credit Card,Standard,4.3,0.06,0.0,2650.08,High,1,1,1,45-54,1,0
CUST01060,42,Male,Colorado,Clothing,Winter,2,94.77,1,30,Credit Card,Overnight,2.9,0.42,1.0,189.54,Low,0,0,0,35-44,1,1
CUST01061,34,Male,Illinois,Clothing,Summer,4,79.34,0,0,Debit Card,Free Shipping,2.7,0.17,0.15,317.36,Mid,0,0,0,25-34,0,0
CUST01062,50,Female,Arizona,Outerwear,Winter,6,61.84,0,0,PayPal,Express,4.2,0.53,0.0,371.04,Mid,1,0,0,45-54,0,0
CUST01063,64,Male,Virginia,Clothing,Summer,3,76.31,1,20,Credit Card,Express,1.1,0.37,0.883,228.93,Mid,0,0,0,55-64,0,0
CUST01064,19,Male,Florida,Accessories,Summer,13,239.5,0,0,Apple Pay,Standard,3.9,0.02,0.0,3113.5,High,0,1,0,18-24,1,0
CUST01065,31,Male,Massachusetts,Clothing,Fall,18,227.37,0,0,Debit Card,Free Shipping,4.9,0.23,0.0,4092.66,High,1,1,1,25-34,1,0
CUST01066,57,Female,Georgia,Clothing,Spring,17,258.66,0,0,PayPal,Standard,5.0,0.15,0.0,4397.22,High,1,1,1,55-64,1,0
CUST01067,57,Male,Florida,Clothing,Summer,1,119.88,0,0,Buy Now Pay Later,Express,5.0,0.17,0.0,119.88,Low,1,0,0,55-64,1,0
CUST01068,56,Non-binary,Washington,Outerwear,Summer,11,99.55,1,5,Credit Card,Free Shipping,4.8,0.21,0.558,1095.05,High,1,0,1,55-64,1,0
CUST01069,23,Male,New York,Accessories,Spring,5,103.82,0,0,Apple Pay,Express,5.0,0.51,0.0,519.0999999999999,High,1,0,0,18-24,1,0
CUST01070,23,Female,Michigan,Outerwear,Summer,2,55.97,1,5,Credit Card,Overnight,1.1,0.33,0.708,111.94,Low,0,0,0,18-24,0,1
CUST01071,20,Male,Arizona,Footwear,Summer,1,79.69,0,0,Debit Card,Express,3.8,0.63,0.0,79.69,Low,0,0,0,18-24,0,0
CUST01072,24,Male,California,Outerwear,Spring,4,40.89,1,5,Apple Pay,Standard,1.0,0.16,0.708,163.56,Low,0,0,0,18-24,0,1
CUST01073,25,Female,New York,Accessories,Spring,1,121.05,0,0,Apple Pay,Free Shipping,4.9,0.28,0.0,121.05,Low,1,0,0,25-34,1,0
CUST01074,59,Female,Arizona,Footwear,Fall,7,88.02,1,5,Debit Card,Standard,2.2,0.53,0.708,616.14,High,0,0,0,55-64,1,0
CUST01075,32,Female,California,Accessories,Spring,5,85.61,1,15,Debit Card,Overnight,4.9,0.1,0.675,428.05,Mid,1,0,0,25-34,1,0
CUST01076,64,Female,California,Accessories,Summer,6,80.58,1,10,PayPal,Standard,2.3,0.46,0.767,483.48,Mid,0,0,0,55-64,0,0
CUST01077,46,Female,Florida,Footwear,Spring,3,85.13,0,0,Apple Pay,Free Shipping,5.0,0.41,0.0,255.39,Mid,1,0,0,45-54,0,0
CUST01078,50,Female,New York,Footwear,Spring,7,78.47,1,15,Credit Card,Standard,1.0,0.46,0.825,549.29,High,0,0,0,45-54,0,0
CUST01079,47,Female,Florida,Footwear,Spring,3,84.98,0,0,Apple Pay,Express,1.0,0.04,0.15,254.94,Mid,0,0,0,45-54,0,0
CUST01080,56,Male,Texas,Footwear,Spring,3,125.86,0,0,Debit Card,Express,5.0,0.56,0.0,377.58,Mid,1,0,0,55-64,1,0
CUST01081,44,Male,Texas,Clothing,Fall,7,34.11,1,5,Debit Card,Express,1.3,0.38,0.708,238.76999999999998,Mid,0,0,0,35-44,0,0
CUST01082,53,Male,Colorado,Footwear,Winter,7,54.66,0,0,Debit Card,Standard,1.2,0.29,0.15,382.62,Mid,0,1,0,45-54,0,0
CUST01083,46,Female,Illinois,Clothing,Fall,28,151.99,1,10,Debit Card,Express,4.0,0.04,0.617,4255.72,High,1,0,1,45-54,1,0
CUST01084,55,Male,Texas,Accessories,Winter,2,74.59,1,5,Buy Now Pay Later,Standard,2.9,0.08,0.708,149.18,Low,0,0,0,55-64,0,1
CUST01085,50,Male,New York,Footwear,Spring,2,108.06,1,10,Debit Card,Express,2.9,0.34,0.767,216.12,Low,0,0,0,45-54,1,1
CUST01086,54,Female,Washington,Outerwear,Summer,3,37.29,0,0,Buy Now Pay Later,Standard,5.0,0.67,0.0,111.87,Low,1,0,0,45-54,0,0
CUST01087,44,Female,California,Clothing,Spring,4,103.99,0,0,Credit Card,Express,3.2,0.31,0.0,415.96,Mid,0,0,0,35-44,1,0
CUST01088,50,Female,California,Clothing,Winter,25,130.57,1,10,PayPal,Standard,3.1,0.33,0.617,3264.25,High,0,0,0,45-54,1,0
CUST01089,21,Male,California,Clothing,Spring,4,114.86,0,0,Apple Pay,Free Shipping,5.0,0.21,0.0,459.44,Mid,1,0,0,18-24,1,0
CUST01090,39,Female,North Carolina,Clothing,Summer,7,88.92,1,10,PayPal,Express,5.0,0.09,0.617,622.44,High,1,0,1,35-44,1,0
CUST01091,19,Male,Georgia,Footwear,Spring,11,132.25,0,0,PayPal,Standard,4.2,0.22,0.0,1454.75,High,1,1,1,18-24,1,0
CUST01092,27,Male,Georgia,Footwear,Spring,3,40.17,1,20,Debit Card,Express,2.5,0.54,0.883,120.51,Low,0,0,0,25-34,0,1
CUST01093,22,Male,Colorado,Footwear,Fall,5,72.74,1,25,Apple Pay,Free Shipping,1.8,0.43,0.942,363.7,Mid,0,0,0,18-24,0,0
CUST01094,27,Male,Arizona,Outerwear,Spring,16,235.75,0,0,Apple Pay,Standard,3.8,0.29,0.0,3772.0,High,0,1,0,25-34,1,0
CUST01095,50,Male,Florida,Clothing,Spring,12,225.9,0,0,Credit Card,Overnight,2.8,0.25,0.15,2710.8,High,0,1,0,45-54,1,0
CUST01096,55,Female,Arizona,Clothing,Winter,1,112.39,0,0,Apple Pay,Express,4.0,0.08,0.0,112.39,Low,1,0,0,55-64,1,0
CUST01097,30,Male,California,Clothing,Spring,5,116.15,1,15,Debit Card,Standard,1.7,0.23,0.825,580.75,High,0,0,0,25-34,1,0
CUST01098,48,Female,Arizona,Outerwear,Winter,25,200.81,0,0,Credit Card,Free Shipping,4.8,0.07,0.0,5020.25,High,1,1,1,45-54,1,0
CUST01099,64,Female,Ohio,Footwear,Winter,5,112.54,0,0,Apple Pay,Standard,5.0,0.31,0.0,562.7,High,1,0,0,55-64,1,0
CUST01100,53,Male,Illinois,Footwear,Fall,9,189.05,0,0,Debit Card,Standard,3.7,0.16,0.0,1701.45,High,0,1,0,45-54,1,0
CUST01101,62,Female,New York,Clothing,Spring,7,67.35,1,15,Apple Pay,Free Shipping,3.9,0.24,0.675,471.44999999999993,Mid,0,0,0,55-64,0,0
CUST01102,41,Male,Texas,Clothing,Spring,20,203.57,0,0,Credit Card,Express,4.1,0.11,0.0,4071.3999999999996,High,1,1,1,35-44,1,0
CUST01103,32,Female,Arizona,Outerwear,Spring,4,78.07,1,20,Credit Card,Free Shipping,1.0,0.5,0.883,312.28,Mid,0,0,0,25-34,0,0
CUST01104,46,Male,Colorado,Clothing,Fall,29,148.38,0,0,Debit Card,Express,4.2,0.02,0.0,4303.0199999999995,High,1,1,1,45-54,1,0
CUST01105,25,Male,Virginia,Footwear,Spring,2,207.93,0,0,Credit Card,Overnight,1.0,0.06,0.15,415.86,Mid,0,0,0,25-34,1,0
CUST01106,22,Male,New York,Clothing,Spring,3,87.02,1,10,PayPal,Free Shipping,4.1,0.34,0.617,261.06,Mid,1,0,0,18-24,1,0
CUST01107,46,Female,Georgia,Clothing,Summer,7,68.04,0,0,Credit Card,Standard,2.8,0.23,0.15,476.28000000000003,Mid,0,1,0,45-54,0,0
CUST01108,64,Female,Washington,Footwear,Fall,28,138.34,0,0,Debit Card,Free Shipping,5.0,0.03,0.0,3873.52,High,1,1,1,55-64,1,0
CUST01109,21,Male,Virginia,Clothing,Summer,3,40.78,1,20,Credit Card,Express,1.9,0.16,0.883,122.34,Low,0,0,0,18-24,0,1
CUST01110,29,Female,Illinois,Footwear,Summer,6,116.0,0,0,Credit Card,Standard,3.1,0.56,0.0,696.0,High,0,0,0,25-34,1,0
CUST01111,62,Female,Illinois,Footwear,Summer,12,130.19,0,0,PayPal,Express,3.9,0.14,0.0,1562.28,High,0,1,0,55-64,1,0
CUST01112,19,Female,Washington,Accessories,Summer,12,132.32,0,0,Credit Card,Standard,5.0,0.17,0.0,1587.84,High,1,1,1,18-24,1,0
CUST01113,44,Female,Georgia,Footwear,Winter,11,157.06,0,0,PayPal,Overnight,3.2,0.19,0.0,1727.66,High,0,1,0,35-44,1,0
CUST01114,48,Female,Tennessee,Accessories,Winter,6,68.27,1,5,Apple Pay,Express,5.0,0.24,0.558,409.62,Mid,1,0,0,45-54,0,0
CUST01115,53,Female,California,Clothing,Summer,7,60.55,1,20,PayPal,Free Shipping,1.0,0.22,0.883,423.84999999999997,Mid,0,0,0,45-54,0,0
CUST01116,53,Female,California,Footwear,Spring,4,94.73,1,10,Apple Pay,Standard,4.0,0.39,0.617,378.92,Mid,1,0,0,45-54,1,0
CUST01117,43,Male,Tennessee,Accessories,Winter,5,65.13,1,15,Credit Card,Express,1.0,0.23,0.825,325.65,Mid,0,0,0,35-44,0,0
CUST01118,60,Male,Illinois,Clothing,Fall,7,24.8,1,15,Credit Card,Standard,1.0,0.13,0.825,173.6,Low,0,0,0,55-64,0,1
CUST01119,44,Male,Washington,Outerwear,Spring,7,49.52,1,20,Apple Pay,Express,1.1,0.48,0.883,346.64000000000004,Mid,0,0,0,35-44,0,0
CUST01120,22,Female,Florida,Accessories,Fall,3,91.27,1,10,PayPal,Overnight,4.3,0.14,0.617,273.81,Mid,1,0,0,18-24,1,0
CUST01121,37,Female,California,Outerwear,Summer,2,87.34,0,0,PayPal,Overnight,1.3,0.13,0.15,174.68,Low,0,0,0,35-44,1,0
CUST01122,28,Male,Georgia,Outerwear,Spring,1,109.98,1,20,PayPal,Free Shipping,4.8,0.03,0.733,109.98,Low,1,0,0,25-34,1,1
CUST01123,27,Female,Georgia,Accessories,Fall,27,155.41,0,0,Debit Card,Free Shipping,5.0,0.04,0.0,4196.07,High,1,1,1,25-34,1,0
CUST01124,57,Male,New York,Accessories,Summer,7,49.37,1,10,Credit Card,Standard,3.0,0.25,0.617,345.59,Mid,0,0,0,55-64,0,0
CUST01125,55,Male,New York,Accessories,Winter,7,120.8,1,10,PayPal,Standard,3.2,0.24,0.617,845.6,High,0,0,0,55-64,1,0
CUST01126,23,Non-binary,North Carolina,Accessories,Spring,6,129.74,1,5,PayPal,Overnight,2.9,0.36,0.708,778.44,High,0,0,0,18-24,1,0
CUST01127,25,Male,California,Outerwear,Winter,5,60.36,0,0,Debit Card,Express,3.2,0.07,0.0,301.8,Mid,0,0,0,25-34,0,0
CUST01128,40,Male,Virginia,Footwear,Spring,4,94.23,1,10,Apple Pay,Standard,4.8,0.29,0.617,376.92,Mid,1,0,0,35-44,1,0
CUST01129,64,Female,Texas,Clothing,Spring,7,102.9,1,5,Credit Card,Express,3.0,0.17,0.558,720.3000000000001,High,0,0,0,55-64,1,0
CUST01130,43,Female,Washington,Footwear,Fall,4,96.89,0,0,Credit Card,Express,1.8,0.18,0.15,387.56,Mid,0,0,0,35-44,1,0
CUST01131,63,Male,Tennessee,Outerwear,Fall,1,27.6,1,25,Apple Pay,Standard,3.6,0.5,0.792,27.6,Low,0,0,0,55-64,0,1
CUST01132,60,Female,Colorado,Accessories,Spring,4,189.59,0,0,PayPal,Free Shipping,3.8,0.35,0.0,758.36,High,0,0,0,55-64,1,0
CUST01133,29,Female,Florida,Footwear,Winter,7,63.03,1,10,Debit Card,Express,4.9,0.53,0.617,441.21000000000004,Mid,1,0,0,25-34,0,0
CUST01134,43,Male,Colorado,Footwear,Winter,25,151.37,0,0,Credit Card,Standard,4.3,0.11,0.0,3784.25,High,1,1,1,35-44,1,0
CUST01135,30,Male,New York,Clothing,Summer,6,105.45,1,10,Credit Card,Standard,3.8,0.4,0.617,632.7,High,0,0,0,25-34,1,0
CUST01136,57,Female,Texas,Clothing,Summer,5,70.53,0,0,PayPal,Free Shipping,1.0,0.71,0.15,352.65,Mid,0,0,0,55-64,0,0
CUST01137,35,Male,Michigan,Footwear,Winter,16,183.47,0,0,Debit Card,Free Shipping,2.7,0.07,0.15,2935.52,High,0,1,0,35-44,1,0
CUST01138,42,Female,Georgia,Accessories,Winter,4,67.98,1,20,Apple Pay,Overnight,3.2,0.35,0.733,271.92,Mid,0,0,0,35-44,0,0
CUST01139,50,Female,Arizona,Accessories,Winter,3,62.77,0,0,Buy Now Pay Later,Standard,1.0,0.24,0.15,188.31,Low,0,0,0,45-54,0,0
CUST01140,64,Non-binary,New York,Footwear,Summer,3,26.28,1,25,Apple Pay,Free Shipping,4.9,0.28,0.792,78.84,Low,1,0,0,55-64,0,1
CUST01141,57,Male,California,Footwear,Fall,6,53.84,1,25,Debit Card,Overnight,1.9,0.16,0.942,323.04,Mid,0,0,0,55-64,0,0
CUST01142,60,Non-binary,California,Clothing,Fall,4,92.82,1,5,PayPal,Free Shipping,4.6,0.1,0.558,371.28,Mid,1,0,0,55-64,1,0
CUST01143,29,Male,Illinois,Clothing,Fall,3,51.78,1,30,Debit Card,Free Shipping,1.7,0.29,1.0,155.34,Low,0,0,0,25-34,0,1
CUST01144,61,Male,Georgia,Clothing,Winter,9,221.47,0,0,Credit Card,Standard,4.8,0.09,0.0,1993.23,High,1,1,1,55-64,1,0
CUST01145,53,Male,Illinois,Accessories,Fall,2,142.94,0,0,Credit Card,Express,1.1,0.1,0.15,285.88,Mid,0,0,0,45-54,1,0
CUST01146,21,Male,North Carolina,Clothing,Winter,5,74.38,0,0,Debit Card,Standard,4.5,0.54,0.0,371.9,Mid,1,0,0,18-24,0,0
CUST01147,22,Female,California,Accessories,Fall,9,144.84,0,0,Apple Pay,Standard,4.1,0.28,0.0,1303.56,High,1,1,0,18-24,1,0
CUST01148,54,Male,New York,Clothing,Spring,5,91.27,0,0,Credit Card,Free Shipping,5.0,0.42,0.0,456.34999999999997,Mid,1,0,0,45-54,1,0
CUST01149,25,Male,Texas,Accessories,Summer,13,218.46,0,0,Credit Card,Free Shipping,3.6,0.33,0.0,2839.98,High,0,1,0,25-34,1,0
CUST01150,59,Female,Florida,Clothing,Fall,23,163.78,0,0,Buy Now Pay Later,Overnight,2.9,0.48,0.15,3766.94,High,0,1,0,55-64,1,0
CUST01151,45,Male,California,Accessories,Summer,9,140.21,0,0,Credit Card,Express,4.2,0.1,0.0,1261.89,High,1,1,1,45-54,1,0
CUST01152,48,Female,Tennessee,Accessories,Winter,4,56.35,0,0,PayPal,Standard,2.8,0.12,0.15,225.4,Mid,0,0,0,45-54,0,0
CUST01153,26,Male,Texas,Clothing,Fall,1,59.48,0,0,Credit Card,Standard,2.9,0.39,0.15,59.48,Low,0,0,0,25-34,0,0
CUST01154,46,Female,Massachusetts,Outerwear,Winter,4,63.98,0,0,Credit Card,Standard,2.6,0.43,0.15,255.92,Mid,0,0,0,45-54,0,0
CUST01155,31,Female,Florida,Clothing,Spring,6,21.39,1,10,Apple Pay,Express,5.0,0.19,0.617,128.34,Low,1,0,0,25-34,0,1
CUST01156,57,Male,Michigan,Footwear,Winter,4,42.61,0,0,Credit Card,Express,1.9,0.15,0.15,170.44,Low,0,0,0,55-64,0,0
CUST01157,58,Male,Illinois,Outerwear,Fall,1,77.7,1,5,Debit Card,Standard,3.9,0.28,0.558,77.7,Low,0,0,0,55-64,0,1
CUST01158,39,Male,Tennessee,Accessories,Spring,7,58.39,1,10,Credit Card,Free Shipping,4.1,0.32,0.617,408.73,Mid,1,0,0,35-44,0,0
CUST01159,28,Female,California,Outerwear,Summer,11,244.98,0,0,Credit Card,Standard,4.1,0.29,0.0,2694.7799999999997,High,1,1,0,25-34,1,0
CUST01160,40,Male,Georgia,Clothing,Winter,6,106.9,0,0,Credit Card,Free Shipping,2.6,0.4,0.15,641.4000000000001,High,0,0,0,35-44,1,0
CUST01161,18,Male,Massachusetts,Accessories,Winter,24,228.18,0,0,Credit Card,Express,2.6,0.14,0.15,5476.32,High,0,1,0,18-24,1,0
CUST01162,63,Male,California,Accessories,Spring,14,227.71,0,0,Credit Card,Standard,4.8,0.07,0.0,3187.94,High,1,1,1,55-64,1,0
CUST01163,54,Male,California,Clothing,Summer,6,18.32,1,10,PayPal,Free Shipping,4.0,0.04,0.617,109.92,Low,1,0,0,45-54,0,1
CUST01164,38,Female,Florida,Accessories,Winter,3,86.74,0,0,Debit Card,Overnight,1.0,0.28,0.15,260.21999999999997,Mid,0,0,0,35-44,1,0
CUST01165,43,Female,Tennessee,Clothing,Spring,4,52.13,1,15,Credit Card,Express,2.7,0.23,0.825,208.52,Low,0,0,0,35-44,0,1
CUST01166,63,Male,Illinois,Footwear,Winter,1,109.24,0,0,Debit Card,Express,1.0,0.32,0.15,109.24,Low,0,0,0,55-64,1,0
CUST01167,53,Male,Illinois,Outerwear,Summer,4,51.39,1,10,Buy Now Pay Later,Standard,3.0,0.14,0.617,205.56,Low,0,0,0,45-54,0,1
CUST01168,40,Female,California,Clothing,Spring,7,31.45,1,30,Apple Pay,Overnight,1.0,0.29,1.0,220.15,Mid,0,0,0,35-44,0,0
CUST01169,18,Female,California,Clothing,Summer,1,127.97,1,5,PayPal,Free Shipping,1.0,0.46,0.708,127.97,Low,0,0,0,18-24,1,1
CUST01170,57,Male,North Carolina,Accessories,Winter,5,21.89,0,0,Apple Pay,Standard,1.9,0.21,0.15,109.45,Low,0,0,0,55-64,0,0
CUST01171,32,Male,California,Accessories,Winter,2,144.14,0,0,Credit Card,Standard,3.1,0.06,0.0,288.28,Mid,0,0,0,25-34,1,0
CUST01172,38,Male,Arizona,Footwear,Spring,2,84.27,1,5,Debit Card,Free Shipping,4.0,0.24,0.558,168.54,Low,1,0,0,35-44,0,1
CUST01173,64,Female,Massachusetts,Accessories,Fall,6,62.24,1,15,PayPal,Standard,1.0,0.27,0.825,373.44,Mid,0,0,0,55-64,0,0
CUST01174,26,Male,Texas,Clothing,Winter,1,52.4,1,25,PayPal,Overnight,2.2,0.6,0.942,52.4,Low,0,0,0,25-34,0,1
CUST01175,26,Female,Arizona,Footwear,Winter,2,115.8,0,0,Debit Card,Express,4.7,0.13,0.0,231.6,Mid,1,0,0,25-34,1,0
CUST01176,27,Female,California,Outerwear,Summer,3,64.83,1,30,Debit Card,Express,2.7,0.25,1.0,194.49,Low,0,0,0,25-34,0,1
CUST01177,43,Female,Washington,Accessories,Winter,8,178.88,0,0,Buy Now Pay Later,Express,4.0,0.26,0.0,1431.04,High,1,1,0,35-44,1,0
CUST01178,58,Male,Texas,Accessories,Spring,3,78.57,1,5,Apple Pay,Standard,3.9,0.13,0.558,235.70999999999998,Mid,0,0,0,55-64,0,0
CUST01179,52,Male,Georgia,Clothing,Fall,2,55.1,1,20,Debit Card,Standard,1.0,0.14,0.883,110.2,Low,0,0,0,45-54,0,1
CUST01180,42,Male,New York,Clothing,Fall,1,103.0,1,20,PayPal,Overnight,1.8,0.3,0.883,103.0,Low,0,0,0,35-44,1,1
CUST01181,43,Male,Florida,Clothing,Winter,6,68.38,0,0,Credit Card,Overnight,1.2,0.08,0.15,410.28,Mid,0,0,0,35-44,0,0
CUST01182,28,Female,Washington,Accessories,Summer,12,224.81,0,0,Credit Card,Overnight,5.0,0.11,0.0,2697.7200000000003,High,1,1,1,25-34,1,0
CUST01183,55,Non-binary,Texas,Outerwear,Fall,7,71.78,1,25,Debit Card,Express,4.0,0.17,0.792,502.46000000000004,High,1,0,1,55-64,0,0
CUST01184,19,Female,Georgia,Accessories,Fall,2,27.93,1,20,Debit Card,Standard,1.1,0.32,0.883,55.86,Low,0,0,0,18-24,0,1
CUST01185,24,Female,New York,Clothing,Spring,4,129.76,1,5,Credit Card,Standard,4.6,0.25,0.558,519.04,High,1,0,0,18-24,1,0
CUST01186,35,Male,Arizona,Clothing,Summer,3,99.39,0,0,Apple Pay,Free Shipping,3.9,0.36,0.0,298.17,Mid,0,0,0,35-44,1,0
CUST01187,44,Male,Texas,Clothing,Spring,5,20.0,0,0,Debit Card,Express,3.9,0.11,0.0,100.0,Low,0,0,0,35-44,0,0
CUST01188,51,Male,Colorado,Footwear,Winter,6,88.5,1,10,Debit Card,Standard,2.8,0.26,0.767,531.0,High,0,0,0,45-54,1,0
CUST01189,44,Female,California,Accessories,Winter,3,68.34,1,5,Credit Card,Standard,1.9,0.53,0.708,205.02,Low,0,0,0,35-44,0,1
CUST01190,34,Female,Florida,Clothing,Summer,6,129.6,0,0,Credit Card,Standard,1.0,0.39,0.15,777.5999999999999,High,0,0,0,25-34,1,0
CUST01191,60,Female,Texas,Accessories,Winter,21,154.19,1,20,Apple Pay,Standard,2.7,0.35,0.883,3237.99,High,0,0,0,55-64,1,0
CUST01192,61,Male,Georgia,Clothing,Winter,2,80.87,0,0,PayPal,Free Shipping,3.9,0.4,0.0,161.74,Low,0,0,0,55-64,0,0
CUST01193,41,Male,Texas,Clothing,Winter,26,161.06,0,0,Buy Now Pay Later,Free Shipping,2.8,0.1,0.15,4187.56,High,0,1,0,35-44,1,0
CUST01194,42,Female,Virginia,Clothing,Spring,10,142.87,1,10,Buy Now Pay Later,Free Shipping,3.2,0.17,0.617,1428.7,High,0,0,0,35-44,1,0
CUST01195,24,Male,Massachusetts,Clothing,Fall,1,18.0,1,10,Debit Card,Free Shipping,2.1,0.46,0.767,18.0,Low,0,0,0,18-24,0,1
CUST01196,23,Female,Texas,Clothing,Spring,6,65.08,0,0,Credit Card,Free Shipping,2.1,0.11,0.15,390.48,Mid,0,0,0,18-24,0,0
CUST01197,41,Female,Washington,Clothing,Fall,1,42.38,1,15,Apple Pay,Express,5.0,0.23,0.675,42.38,Low,1,0,0,35-44,0,1
CUST01198,50,Female,California,Footwear,Winter,23,118.66,0,0,Buy Now Pay Later,Standard,2.8,0.16,0.15,2729.18,High,0,1,0,45-54,1,0
CUST01199,46,Male,Florida,Footwear,Spring,4,123.23,0,0,PayPal,Free Shipping,2.1,0.16,0.15,492.92,Mid,0,0,0,45-54,1,0
CUST01200,60,Male,Colorado,Footwear,Fall,4,127.49,1,10,PayPal,Standard,3.2,0.24,0.617,509.96,High,0,0,0,55-64,1,0
CUST01201,39,Male,Arizona,Outerwear,Fall,3,69.24,1,25,PayPal,Standard,2.8,0.26,0.942,207.71999999999997,Low,0,0,0,35-44,0,1
CUST01202,43,Male,Arizona,Clothing,Spring,2,60.71,1,5,Debit Card,Standard,1.0,0.19,0.708,121.42,Low,0,0,0,35-44,0,1
CUST01203,45,Male,New York,Outerwear,Summer,4,28.37,1,20,Debit Card,Express,4.9,0.37,0.733,113.48,Low,1,0,0,45-54,0,1
CUST01204,38,Female,New York,Clothing,Fall,14,212.21,1,5,Apple Pay,Standard,3.2,0.18,0.558,2970.94,High,0,0,0,35-44,1,0
CUST01205,24,Female,California,Accessories,Winter,8,192.48,0,0,PayPal,Standard,4.8,0.01,0.0,1539.84,High,1,1,1,18-24,1,0
CUST01206,34,Male,Colorado,Accessories,Fall,1,69.44,1,10,Credit Card,Express,1.0,0.37,0.767,69.44,Low,0,0,0,25-34,0,1
CUST01207,37,Male,Illinois,Clothing,Spring,11,195.55,0,0,Credit Card,Free Shipping,4.8,0.04,0.0,2151.05,High,1,1,1,35-44,1,0
CUST01208,58,Male,Colorado,Outerwear,Spring,5,86.96,1,5,Credit Card,Express,2.0,0.26,0.708,434.79999999999995,Mid,0,0,0,55-64,1,0
CUST01209,37,Male,Texas,Clothing,Winter,21,180.05,0,0,Credit Card,Free Shipping,2.8,0.27,0.15,3781.05,High,0,1,0,35-44,1,0
CUST01210,39,Female,New York,Clothing,Fall,5,20.0,0,0,Apple Pay,Standard,2.7,0.09,0.15,100.0,Low,0,0,0,35-44,0,0
CUST01211,45,Male,New York,Clothing,Spring,25,159.48,0,0,Credit Card,Standard,2.9,0.2,0.15,3986.9999999999995,High,0,1,0,45-54,1,0
CUST01212,57,Male,California,Clothing,Fall,5,52.06,0,0,Credit Card,Express,1.9,0.17,0.15,260.3,Mid,0,0,0,55-64,0,0
CUST01213,24,Male,New York,Clothing,Spring,10,148.89,1,25,Credit Card,Express,5.0,0.08,0.792,1488.8999999999999,High,1,0,1,18-24,1,0
CUST01214,18,Female,Ohio,Clothing,Winter,5,88.57,0,0,PayPal,Overnight,1.0,0.46,0.15,442.84999999999997,Mid,0,0,0,18-24,1,0
CUST01215,49,Female,Massachusetts,Clothing,Spring,5,58.07,0,0,Debit Card,Free Shipping,4.8,0.34,0.0,290.35,Mid,1,0,0,45-54,0,0
CUST01216,30,Male,Illinois,Outerwear,Spring,19,170.46,1,15,Credit Card,Free Shipping,3.9,0.19,0.675,3238.7400000000002,High,0,0,0,25-34,1,0
CUST01217,47,Female,Florida,Clothing,Fall,5,115.19,1,10,Credit Card,Free Shipping,2.1,0.27,0.767,575.95,High,0,0,0,45-54,1,0
CUST01218,40,Female,California,Clothing,Winter,6,43.84,1,10,Credit Card,Standard,4.9,0.01,0.617,263.04,Mid,1,0,0,35-44,0,0
CUST01219,36,Female,Virginia,Footwear,Summer,6,131.48,0,0,Debit Card,Standard,4.8,0.26,0.0,788.8799999999999,High,1,0,0,35-44,1,0
CUST01220,49,Male,California,Outerwear,Summer,5,114.61,1,20,Credit Card,Express,2.0,0.08,0.883,573.05,High,0,0,0,45-54,1,0
CUST01221,47,Female,Tennessee,Clothing,Summer,7,35.04,1,15,Buy Now Pay Later,Standard,1.0,0.13,0.825,245.28,Mid,0,0,0,45-54,0,0
CUST01222,46,Female,Florida,Clothing,Fall,18,135.46,0,0,Debit Card,Standard,3.1,0.02,0.0,2438.28,High,0,1,0,45-54,1,0
CUST01223,62,Female,New York,Outerwear,Summer,23,214.95,1,20,Credit Card,Standard,3.1,0.1,0.733,4943.849999999999,High,0,0,0,55-64,1,0
CUST01224,46,Female,Massachusetts,Clothing,Spring,6,122.11,0,0,PayPal,Standard,3.8,0.04,0.0,732.66,High,0,0,0,45-54,1,0
CUST01225,47,Female,California,Accessories,Summer,3,81.98,1,15,Credit Card,Standard,1.4,0.34,0.825,245.94,Mid,0,0,0,45-54,0,0
CUST01226,33,Male,Washington,Clothing,Winter,2,21.0,1,15,PayPal,Standard,5.0,0.3,0.675,42.0,Low,1,0,0,25-34,0,1
CUST01227,57,Female,Illinois,Outerwear,Summer,5,51.49,1,10,Credit Card,Overnight,1.0,0.4,0.767,257.45,Mid,0,0,0,55-64,0,0
CUST01228,36,Female,Texas,Outerwear,Fall,1,64.41,0,0,Debit Card,Express,4.1,0.25,0.0,64.41,Low,1,0,0,35-44,0,0
CUST01229,35,Female,Florida,Footwear,Fall,7,80.09,1,30,PayPal,Overnight,4.5,0.44,0.85,560.63,High,1,0,0,35-44,0,0
CUST01230,18,Male,Arizona,Clothing,Fall,7,24.7,1,30,Buy Now Pay Later,Overnight,5.0,0.11,0.85,172.9,Low,1,0,0,18-24,0,1
CUST01231,31,Female,Georgia,Accessories,Fall,7,34.76,1,15,Credit Card,Standard,1.0,0.5,0.825,243.32,Mid,0,0,0,25-34,0,0
CUST01232,64,Female,California,Clothing,Winter,5,74.02,1,15,Credit Card,Standard,5.0,0.13,0.675,370.09999999999997,Mid,1,0,0,55-64,0,0
CUST01233,19,Male,Tennessee,Outerwear,Summer,5,84.87,0,0,Debit Card,Standard,1.0,0.39,0.15,424.35,Mid,0,0,0,18-24,0,0
CUST01234,45,Female,Texas,Outerwear,Spring,3,93.26,1,20,Buy Now Pay Later,Free Shipping,3.1,0.53,0.733,279.78000000000003,Mid,0,0,0,45-54,1,0
CUST01235,47,Female,Texas,Accessories,Spring,7,60.05,1,5,Apple Pay,Overnight,2.9,0.52,0.708,420.34999999999997,Mid,0,0,0,45-54,0,0
CUST01236,55,Female,Texas,Footwear,Winter,16,154.87,1,10,Credit Card,Standard,3.0,0.01,0.617,2477.92,High,0,0,0,55-64,1,0
CUST01237,21,Male,California,Clothing,Fall,7,116.96,0,0,Credit Card,Standard,4.0,0.35,0.0,818.7199999999999,High,1,1,0,18-24,1,0
CUST01238,18,Male,California,Accessories,Fall,2,56.97,1,30,Debit Card,Free Shipping,1.4,0.11,1.0,113.94,Low,0,0,0,18-24,0,1
CUST01239,25,Female,Michigan,Footwear,Winter,3,52.91,1,20,Credit Card,Express,3.1,0.24,0.733,158.73,Low,0,0,0,25-34,0,1
CUST01240,46,Male,New York,Clothing,Fall,4,136.84,1,5,Credit Card,Free Shipping,3.1,0.39,0.558,547.36,High,0,0,0,45-54,1,0
CUST01241,56,Female,California,Clothing,Spring,7,76.02,1,25,Credit Card,Standard,2.1,0.45,0.942,532.14,High,0,0,0,55-64,0,0
CUST01242,20,Female,California,Clothing,Summer,2,56.18,1,25,PayPal,Standard,1.1,0.06,0.942,112.36,Low,0,0,0,18-24,0,1
CUST01243,49,Female,Colorado,Footwear,Spring,6,45.94,1,10,Buy Now Pay Later,Free Shipping,3.3,0.07,0.617,275.64,Mid,0,0,0,45-54,0,0
CUST01244,27,Male,Virginia,Outerwear,Fall,2,130.58,0,0,Buy Now Pay Later,Overnight,3.0,0.21,0.0,261.16,Mid,0,0,0,25-34,1,0
CUST01245,27,Female,Texas,Outerwear,Spring,2,62.39,0,0,Debit Card,Overnight,4.0,0.27,0.0,124.78,Low,1,0,0,25-34,0,0
CUST01246,36,Male,California,Footwear,Fall,3,52.94,1,20,Debit Card,Express,1.9,0.47,0.883,158.82,Low,0,0,0,35-44,0,1
CUST01247,63,Male,Texas,Accessories,Winter,27,161.71,1,20,Apple Pay,Express,2.6,0.15,0.883,4366.17,High,0,0,0,55-64,1,0
CUST01248,51,Male,California,Clothing,Spring,5,61.05,1,15,Credit Card,Overnight,4.1,0.29,0.675,305.25,Mid,1,0,0,45-54,0,0
CUST01249,50,Male,California,Outerwear,Summer,5,99.01,0,0,PayPal,Standard,2.9,0.17,0.15,495.05,High,0,0,0,45-54,1,0
CUST01250,40,Non-binary,Florida,Accessories,Fall,5,56.99,1,15,Debit Card,Standard,4.6,0.32,0.675,284.95,Mid,1,0,0,35-44,0,0
CUST01251,45,Non-binary,Texas,Footwear,Fall,5,77.49,1,5,Credit Card,Free Shipping,2.0,0.54,0.708,387.45,Mid,0,0,0,45-54,0,0
CUST01252,49,Male,Illinois,Footwear,Fall,4,57.29,1,5,Debit Card,Standard,3.0,0.6,0.558,229.16,Mid,0,0,0,45-54,0,0
CUST01253,24,Female,Texas,Footwear,Spring,1,96.98,1,5,Credit Card,Express,1.0,0.31,0.708,96.98,Low,0,0,0,18-24,1,1
CUST01254,46,Male,Tennessee,Clothing,Summer,6,81.47,0,0,PayPal,Overnight,2.0,0.46,0.15,488.82,Mid,0,0,0,45-54,0,0
CUST01255,25,Female,Massachusetts,Clothing,Winter,2,41.9,0,0,Credit Card,Free Shipping,3.7,0.25,0.0,83.8,Low,0,0,0,25-34,0,0
CUST01256,18,Female,Washington,Footwear,Winter,1,60.47,1,25,Credit Card,Express,2.2,0.52,0.942,60.47,Low,0,0,0,18-24,0,1
CUST01257,20,Female,New York,Outerwear,Winter,4,69.87,1,25,Credit Card,Express,4.1,0.15,0.792,279.48,Mid,1,0,0,18-24,0,0
CUST01258,41,Male,New York,Footwear,Summer,25,148.32,0,0,Apple Pay,Free Shipping,4.2,0.11,0.0,3708.0,High,1,1,1,35-44,1,0
CUST01259,40,Female,Florida,Accessories,Summer,7,15.0,1,25,Debit Card,Free Shipping,2.9,0.21,0.942,105.0,Low,0,0,0,35-44,0,1
CUST01260,25,Male,Georgia,Clothing,Summer,5,128.82,0,0,Debit Card,Overnight,4.1,0.32,0.0,644.0999999999999,High,1,0,0,25-34,1,0
CUST01261,64,Non-binary,Florida,Footwear,Fall,7,42.31,1,15,Debit Card,Express,3.6,0.23,0.675,296.17,Mid,0,0,0,55-64,0,0
CUST01262,54,Male,Virginia,Footwear,Winter,4,106.56,0,0,Debit Card,Standard,1.0,0.21,0.15,426.24,Mid,0,0,0,45-54,1,0
CUST01263,20,Female,Tennessee,Footwear,Summer,29,181.34,1,5,Credit Card,Express,2.7,0.28,0.708,5258.86,High,0,0,0,18-24,1,0
CUST01264,50,Female,New York,Clothing,Spring,6,61.24,1,25,PayPal,Free Shipping,2.0,0.39,0.942,367.44,Mid,0,0,0,45-54,0,0
CUST01265,45,Female,Washington,Outerwear,Fall,16,217.64,0,0,Credit Card,Free Shipping,3.8,0.04,0.0,3482.24,High,0,1,0,45-54,1,0
CUST01266,64,Male,California,Accessories,Fall,7,114.1,1,5,Credit Card,Standard,1.9,0.55,0.708,798.6999999999999,High,0,0,0,55-64,1,0
CUST01267,25,Female,Texas,Footwear,Winter,1,83.85,1,10,PayPal,Express,1.0,0.23,0.767,83.85,Low,0,0,0,25-34,0,1
CUST01268,51,Male,Florida,Clothing,Fall,2,90.07,0,0,Credit Card,Express,1.0,0.43,0.15,180.14,Low,0,0,0,45-54,1,0
CUST01269,52,Female,Texas,Clothing,Summer,3,42.37,0,0,Credit Card,Free Shipping,4.7,0.35,0.0,127.10999999999999,Low,1,0,0,45-54,0,0
CUST01270,49,Male,Virginia,Outerwear,Spring,20,205.46,0,0,Debit Card,Overnight,5.0,0.13,0.0,4109.2,High,1,1,1,45-54,1,0
CUST01271,41,Male,Texas,Clothing,Fall,6,25.44,1,20,Debit Card,Express,3.0,0.36,0.733,152.64000000000001,Low,0,0,0,35-44,0,1
CUST01272,31,Female,Florida,Accessories,Winter,2,97.9,1,25,PayPal,Standard,5.0,0.5,0.792,195.8,Low,1,0,0,25-34,1,1
CUST01273,49,Male,Washington,Accessories,Spring,13,169.73,0,0,PayPal,Express,4.8,0.01,0.0,2206.49,High,1,1,1,45-54,1,0
CUST01274,63,Male,Colorado,Footwear,Summer,4,126.16,1,15,PayPal,Standard,3.9,0.34,0.675,504.64,High,0,0,0,55-64,1,0
CUST01275,60,Male,New York,Clothing,Summer,11,157.02,0,0,PayPal,Free Shipping,3.0,0.03,0.0,1727.22,High,0,1,0,55-64,1,0
CUST01276,33,Male,Virginia,Clothing,Summer,5,50.22,1,25,Credit Card,Free Shipping,1.3,0.67,0.942,251.1,Mid,0,0,0,25-34,0,0
CUST01277,21,Female,Washington,Outerwear,Spring,6,29.27,1,20,Credit Card,Express,2.3,0.25,0.883,175.62,Low,0,0,0,18-24,0,1
CUST01278,54,Female,Florida,Accessories,Summer,4,84.44,0,0,Debit Card,Express,4.9,0.2,0.0,337.76,Mid,1,0,0,45-54,0,0
CUST01279,38,Male,California,Clothing,Summer,3,80.85,1,20,Credit Card,Free Shipping,4.8,0.31,0.733,242.54999999999998,Mid,1,0,0,35-44,0,0
CUST01280,31,Male,Florida,Clothing,Spring,6,73.96,1,15,Buy Now Pay Later,Standard,3.0,0.49,0.675,443.76,Mid,0,0,0,25-34,0,0
CUST01281,48,Male,North Carolina,Outerwear,Summer,6,70.75,0,0,Apple Pay,Standard,4.2,0.5,0.0,424.5,Mid,1,0,0,45-54,0,0
CUST01282,35,Male,Washington,Clothing,Spring,2,44.66,1,25,Credit Card,Free Shipping,4.0,0.19,0.792,89.32,Low,1,0,0,35-44,0,1
CUST01283,24,Female,North Carolina,Footwear,Spring,1,126.35,0,0,Credit Card,Free Shipping,3.0,0.5,0.0,126.35,Low,0,0,0,18-24,1,0
CUST01284,27,Female,Illinois,Accessories,Winter,6,73.81,0,0,Credit Card,Free Shipping,2.2,0.47,0.15,442.86,Mid,0,0,0,25-34,0,0
CUST01285,24,Male,California,Outerwear,Fall,1,97.96,0,0,Credit Card,Standard,3.2,0.26,0.0,97.96,Low,0,0,0,18-24,1,0
CUST01286,50,Male,California,Footwear,Summer,28,149.34,0,0,Credit Card,Standard,3.2,0.05,0.0,4181.52,High,0,1,0,45-54,1,0
CUST01287,40,Male,New York,Accessories,Fall,10,144.89,0,0,Debit Card,Standard,4.1,0.02,0.0,1448.8999999999999,High,1,1,1,35-44,1,0
CUST01288,38,Female,Colorado,Clothing,Summer,7,77.38,1,5,Apple Pay,Standard,2.3,0.34,0.708,541.66,High,0,0,0,35-44,0,0
CUST01289,36,Non-binary,Ohio,Outerwear,Fall,22,218.03,0,0,PayPal,Free Shipping,2.8,0.01,0.15,4796.66,High,0,1,0,35-44,1,0
CUST01290,36,Male,New York,Accessories,Spring,3,95.17,0,0,Credit Card,Standard,1.4,0.34,0.15,285.51,Mid,0,0,0,35-44,1,0
CUST01291,53,Male,Illinois,Outerwear,Summer,4,100.6,0,0,Debit Card,Overnight,2.2,0.13,0.15,402.4,Mid,0,0,0,45-54,1,0
CUST01292,46,Female,Florida,Accessories,Winter,7,70.16,0,0,Debit Card,Standard,3.0,0.2,0.0,491.12,Mid,0,1,0,45-54,0,0
CUST01293,35,Female,Florida,Footwear,Spring,1,98.46,1,20,Apple Pay,Standard,3.2,0.07,0.733,98.46,Low,0,0,0,35-44,1,1
CUST01294,19,Male,Texas,Clothing,Spring,3,145.65,1,5,Apple Pay,Free Shipping,2.9,0.3,0.708,436.95000000000005,Mid,0,0,0,18-24,1,0
CUST01295,18,Male,California,Footwear,Summer,7,57.84,0,0,Apple Pay,Standard,1.1,0.21,0.15,404.88,Mid,0,1,0,18-24,0,0
CUST01296,64,Male,Texas,Clothing,Summer,6,112.49,0,0,Debit Card,Standard,2.1,0.1,0.15,674.9399999999999,High,0,0,0,55-64,1,0
CUST01297,22,Female,California,Clothing,Fall,2,29.46,1,20,PayPal,Standard,4.2,0.27,0.733,58.92,Low,1,0,0,18-24,0,1
CUST01298,37,Male,Texas,Clothing,Winter,5,100.98,1,5,Credit Card,Standard,2.9,0.49,0.708,504.90000000000003,High,0,0,0,35-44,1,0
CUST01299,28,Male,California,Clothing,Spring,21,162.65,0,0,Debit Card,Express,5.0,0.11,0.0,3415.65,High,1,1,1,25-34,1,0
CUST01300,59,Female,Arizona,Clothing,Summer,3,44.96,0,0,Credit Card,Standard,4.9,0.3,0.0,134.88,Low,1,0,0,55-64,0,0
CUST01301,19,Male,New York,Clothing,Fall,5,117.39,0,0,Debit Card,Overnight,2.1,0.22,0.15,586.95,High,0,0,0,18-24,1,0
CUST01302,20,Female,Michigan,Outerwear,Spring,12,159.37,0,0,PayPal,Free Shipping,4.0,0.13,0.0,1912.44,High,1,1,1,18-24,1,0
CUST01303,40,Male,Texas,Clothing,Fall,3,152.65,0,0,Credit Card,Express,1.0,0.5,0.15,457.95000000000005,Mid,0,0,0,35-44,1,0
CUST01304,29,Male,New York,Footwear,Summer,1,81.02,1,10,Credit Card,Standard,4.9,0.15,0.617,81.02,Low,1,0,0,25-34,0,1
CUST01305,37,Female,New York,Clothing,Fall,6,79.6,0,0,Credit Card,Express,2.2,0.5,0.15,477.59999999999997,Mid,0,0,0,35-44,0,0
CUST01306,22,Male,California,Accessories,Fall,1,61.64,0,0,Credit Card,Standard,3.9,0.12,0.0,61.64,Low,0,0,0,18-24,0,0
CUST01307,54,Non-binary,North Carolina,Accessories,Summer,1,106.28,0,0,Credit Card,Express,2.2,0.26,0.15,106.28,Low,0,0,0,45-54,1,0
CUST01308,55,Female,California,Outerwear,Summer,3,77.55,1,20,Credit Card,Overnight,1.8,0.38,0.883,232.64999999999998,Mid,0,0,0,55-64,0,0
CUST01309,47,Male,Tennessee,Footwear,Spring,6,71.99,1,20,Credit Card,Standard,3.1,0.17,0.733,431.93999999999994,Mid,0,0,0,45-54,0,0
CUST01310,26,Female,Massachusetts,Accessories,Summer,3,58.74,0,0,Credit Card,Free Shipping,2.0,0.26,0.15,176.22,Low,0,0,0,25-34,0,0
CUST01311,51,Male,Illinois,Footwear,Fall,3,75.63,0,0,Buy Now Pay Later,Free Shipping,5.0,0.33,0.0,226.89,Mid,1,0,0,45-54,0,0
CUST01312,61,Female,Illinois,Clothing,Winter,6,50.3,1,15,Credit Card,Free Shipping,4.8,0.47,0.675,301.79999999999995,Mid,1,0,0,55-64,0,0
CUST01313,52,Male,Arizona,Accessories,Fall,6,23.73,1,5,Credit Card,Standard,2.0,0.34,0.708,142.38,Low,0,0,0,45-54,0,1
CUST01314,39,Female,New York,Clothing,Winter,18,127.27,1,20,Debit Card,Express,3.8,0.09,0.733,2290.86,High,0,0,0,35-44,1,0
CUST01315,61,Male,Arizona,Clothing,Summer,7,43.72,1,5,Apple Pay,Free Shipping,4.9,0.32,0.558,306.03999999999996,Mid,1,0,0,55-64,0,0
CUST01316,41,Male,California,Clothing,Spring,6,155.65,0,0,PayPal,Standard,5.0,0.23,0.0,933.9000000000001,High,1,0,1,35-44,1,0
CUST01317,34,Female,California,Footwear,Fall,8,190.34,1,10,Credit Card,Free Shipping,4.9,0.03,0.617,1522.72,High,1,0,1,25-34,1,0
CUST01318,27,Female,Florida,Accessories,Fall,6,82.75,1,15,Debit Card,Standard,4.2,0.36,0.675,496.5,High,1,0,0,25-34,0,0
CUST01319,47,Male,Illinois,Footwear,Spring,5,17.8,1,15,PayPal,Standard,4.5,0.47,0.675,89.0,Low,1,0,0,45-54,0,1
CUST01320,63,Male,Virginia,Accessories,Summer,6,101.02,0,0,PayPal,Free Shipping,4.0,0.05,0.0,606.12,High,1,0,1,55-64,1,0
CUST01321,40,Female,California,Clothing,Winter,3,77.36,0,0,PayPal,Free Shipping,3.9,0.02,0.0,232.07999999999998,Mid,0,0,0,35-44,0,0
CUST01322,49,Female,North Carolina,Footwear,Winter,5,99.21,1,20,Apple Pay,Free Shipping,5.0,0.43,0.733,496.04999999999995,High,1,0,0,45-54,1,0
CUST01323,34,Male,Texas,Footwear,Summer,7,114.63,1,5,Apple Pay,Free Shipping,2.9,0.68,0.708,802.41,High,0,0,0,25-34,1,0
CUST01324,34,Male,Florida,Outerwear,Fall,4,55.59,1,5,Debit Card,Standard,2.2,0.67,0.708,222.36,Mid,0,0,0,25-34,0,0
CUST01325,31,Male,New York,Accessories,Spring,1,72.22,0,0,Debit Card,Standard,1.0,0.14,0.15,72.22,Low,0,0,0,25-34,0,0
CUST01326,26,Female,Florida,Footwear,Summer,2,59.21,1,15,PayPal,Free Shipping,2.0,0.33,0.825,118.42,Low,0,0,0,25-34,0,1
CUST01327,57,Male,Texas,Footwear,Fall,5,70.4,0,0,Apple Pay,Standard,1.2,0.14,0.15,352.0,Mid,0,0,0,55-64,0,0
CUST01328,19,Male,Illinois,Clothing,Fall,7,29.56,0,0,Credit Card,Overnight,5.0,0.49,0.0,206.92,Low,1,1,0,18-24,0,0
CUST01329,62,Female,Ohio,Clothing,Fall,1,88.55,1,10,Buy Now Pay Later,Express,1.7,0.22,0.767,88.55,Low,0,0,0,55-64,1,1
CUST01330,42,Male,Florida,Clothing,Fall,2,83.46,1,5,Credit Card,Standard,1.9,0.55,0.708,166.92,Low,0,0,0,35-44,0,1
CUST01331,56,Female,Illinois,Clothing,Summer,6,73.57,0,0,Debit Card,Standard,1.0,0.2,0.15,441.41999999999996,Mid,0,0,0,55-64,0,0
CUST01332,26,Male,North Carolina,Accessories,Winter,7,80.42,1,15,Apple Pay,Express,2.7,0.38,0.825,562.94,High,0,0,0,25-34,0,0
CUST01333,39,Male,Colorado,Outerwear,Summer,1,96.42,0,0,Credit Card,Free Shipping,4.9,0.2,0.0,96.42,Low,1,0,0,35-44,1,0
CUST01334,60,Male,Illinois,Accessories,Winter,7,106.93,1,15,Debit Card,Overnight,5.0,0.2,0.675,748.51,High,1,0,1,55-64,1,0
CUST01335,63,Female,Texas,Footwear,Spring,3,98.9,1,15,Credit Card,Express,5.0,0.36,0.675,296.70000000000005,Mid,1,0,0,55-64,1,0
CUST01336,21,Male,Virginia,Footwear,Winter,3,121.12,0,0,Debit Card,Express,2.1,0.58,0.15,363.36,Mid,0,0,0,18-24,1,0
CUST01337,43,Female,Washington,Clothing,Summer,6,53.57,0,0,Credit Card,Standard,4.0,0.19,0.0,321.42,Mid,1,0,0,35-44,0,0
CUST01338,46,Female,Texas,Clothing,Fall,1,45.76,0,0,Debit Card,Standard,1.3,0.22,0.15,45.76,Low,0,0,0,45-54,0,0
CUST01339,62,Female,Texas,Accessories,Spring,6,100.55,1,15,Debit Card,Express,2.1,0.25,0.825,603.3,High,0,0,0,55-64,1,0
CUST01340,51,Male,Ohio,Footwear,Spring,6,108.59,1,25,Buy Now Pay Later,Standard,3.1,0.42,0.792,651.54,High,0,0,0,45-54,1,0
CUST01341,40,Male,California,Outerwear,Spring,20,180.41,0,0,Buy Now Pay Later,Standard,3.9,0.08,0.0,3608.2,High,0,1,0,35-44,1,0
CUST01342,54,Male,Michigan,Clothing,Summer,1,77.24,1,20,Credit Card,Express,1.7,0.24,0.883,77.24,Low,0,0,0,45-54,0,1
CUST01343,28,Male,California,Outerwear,Summer,4,59.67,1,30,PayPal,Express,1.1,0.27,1.0,238.68,Mid,0,0,0,25-34,0,0
CUST01344,23,Male,Ohio,Clothing,Summer,6,185.12,0,0,Credit Card,Standard,5.0,0.18,0.0,1110.72,High,1,0,1,18-24,1,0
CUST01345,35,Female,Florida,Footwear,Summer,2,108.44,1,5,Credit Card,Express,5.0,0.33,0.558,216.88,Low,1,0,0,35-44,1,1
CUST01346,38,Male,Illinois,Accessories,Summer,2,74.1,1,5,Credit Card,Express,4.1,0.41,0.558,148.2,Low,1,0,0,35-44,0,1
CUST01347,59,Male,Virginia,Clothing,Winter,8,146.86,0,0,Buy Now Pay Later,Standard,2.9,0.09,0.15,1174.88,High,0,1,0,55-64,1,0
CUST01348,53,Male,Florida,Clothing,Fall,5,130.75,1,10,Buy Now Pay Later,Free Shipping,3.7,0.33,0.617,653.75,High,0,0,0,45-54,1,0
CUST01349,58,Female,Illinois,Clothing,Summer,7,34.85,0,0,Credit Card,Standard,2.8,0.36,0.15,243.95000000000002,Mid,0,1,0,55-64,0,0
CUST01350,55,Male,California,Clothing,Summer,6,35.73,1,15,Credit Card,Free Shipping,5.0,0.3,0.675,214.38,Low,1,0,0,55-64,0,1
CUST01351,51,Female,California,Footwear,Winter,14,165.55,0,0,Credit Card,Standard,2.9,0.2,0.15,2317.7000000000003,High,0,1,0,45-54,1,0
CUST01352,34,Male,Texas,Clothing,Summer,1,129.65,0,0,Debit Card,Free Shipping,4.2,0.31,0.0,129.65,Low,1,0,0,25-34,1,0
CUST01353,54,Female,Colorado,Footwear,Summer,5,55.0,1,15,Debit Card,Standard,1.7,0.28,0.825,275.0,Mid,0,0,0,45-54,0,0
CUST01354,42,Female,California,Clothing,Summer,2,39.44,1,20,Credit Card,Free Shipping,4.0,0.46,0.733,78.88,Low,1,0,0,35-44,0,1
CUST01355,55,Male,California,Footwear,Summer,7,113.49,0,0,PayPal,Standard,2.8,0.08,0.15,794.43,High,0,1,0,55-64,1,0
CUST01356,29,Male,Florida,Footwear,Summer,3,18.0,1,10,Credit Card,Overnight,2.2,0.29,0.767,54.0,Low,0,0,0,25-34,0,1
CUST01357,40,Male,Arizona,Footwear,Fall,6,69.07,1,5,Buy Now Pay Later,Express,3.1,0.16,0.558,414.41999999999996,Mid,0,0,0,35-44,0,0
CUST01358,59,Male,Colorado,Accessories,Summer,3,47.42,0,0,PayPal,Standard,1.8,0.15,0.15,142.26,Low,0,0,0,55-64,0,0
CUST01359,39,Female,Texas,Clothing,Summer,7,76.24,1,10,Debit Card,Free Shipping,4.2,0.36,0.617,533.68,High,1,0,0,35-44,0,0
CUST01360,38,Female,California,Footwear,Fall,8,229.02,0,0,PayPal,Standard,3.7,0.18,0.0,1832.16,High,0,1,0,35-44,1,0
CUST01361,44,Female,Tennessee,Clothing,Winter,27,230.82,0,0,Apple Pay,Free Shipping,2.6,0.06,0.15,6232.139999999999,High,0,1,0,35-44,1,0
CUST01362,48,Female,Texas,Clothing,Spring,1,89.78,1,10,Credit Card,Standard,1.8,0.23,0.767,89.78,Low,0,0,0,45-54,1,1
CUST01363,23,Male,Virginia,Clothing,Fall,6,80.59,1,10,Credit Card,Express,2.6,0.33,0.767,483.54,Mid,0,0,0,18-24,0,0
CUST01364,44,Male,Virginia,Footwear,Winter,5,59.58,1,10,Buy Now Pay Later,Overnight,4.0,0.12,0.617,297.9,Mid,1,0,0,35-44,0,0
CUST01365,57,Female,Ohio,Footwear,Spring,6,65.73,1,10,Credit Card,Standard,2.0,0.09,0.767,394.38,Mid,0,0,0,55-64,0,0
CUST01366,51,Male,Texas,Footwear,Winter,1,163.91,0,0,Credit Card,Standard,2.9,0.1,0.15,163.91,Low,0,0,0,45-54,1,0
CUST01367,29,Female,North Carolina,Accessories,Spring,9,143.75,0,0,Debit Card,Free Shipping,5.0,0.13,0.0,1293.75,High,1,1,1,25-34,1,0
CUST01368,62,Male,Georgia,Clothing,Winter,4,65.35,1,15,Apple Pay,Free Shipping,2.9,0.23,0.825,261.4,Mid,0,0,0,55-64,0,0
CUST01369,24,Male,Washington,Outerwear,Summer,1,86.68,1,5,PayPal,Free Shipping,1.7,0.11,0.708,86.68,Low,0,0,0,18-24,1,1
CUST01370,27,Non-binary,New York,Accessories,Fall,1,85.68,1,15,Apple Pay,Standard,2.8,0.29,0.825,85.68,Low,0,0,0,25-34,1,1
CUST01371,62,Male,Texas,Accessories,Spring,26,191.52,1,10,Debit Card,Express,2.8,0.06,0.767,4979.52,High,0,0,0,55-64,1,0
CUST01372,34,Non-binary,California,Accessories,Spring,1,85.08,0,0,Credit Card,Standard,3.9,0.38,0.0,85.08,Low,0,0,0,25-34,0,0
CUST01373,43,Non-binary,Illinois,Clothing,Winter,5,37.95,1,20,Debit Card,Standard,3.1,0.24,0.733,189.75,Low,0,0,0,35-44,0,1
CUST01374,38,Female,Washington,Clothing,Winter,6,50.22,0,0,PayPal,Free Shipping,1.0,0.24,0.15,301.32,Mid,0,0,0,35-44,0,0
CUST01375,45,Female,New York,Accessories,Summer,24,144.16,0,0,Credit Card,Standard,4.9,0.1,0.0,3459.84,High,1,1,1,45-54,1,0
CUST01376,63,Female,Florida,Clothing,Summer,5,90.15,1,25,Credit Card,Express,3.2,0.42,0.792,450.75,Mid,0,0,0,55-64,1,0
CUST01377,19,Female,New York,Clothing,Spring,4,125.37,0,0,Credit Card,Express,3.2,0.42,0.0,501.48,High,0,0,0,18-24,1,0
CUST01378,60,Male,Arizona,Outerwear,Winter,4,70.12,1,15,Debit Card,Overnight,4.9,0.21,0.675,280.48,Mid,1,0,0,55-64,0,0
CUST01379,18,Male,Massachusetts,Accessories,Winter,6,67.73,0,0,Apple Pay,Free Shipping,4.4,0.27,0.0,406.38,Mid,1,0,0,18-24,0,0
CUST01380,53,Female,Texas,Accessories,Spring,6,72.57,1,15,PayPal,Overnight,2.8,0.28,0.825,435.41999999999996,Mid,0,0,0,45-54,0,0
CUST01381,43,Male,New York,Footwear,Summer,7,21.22,1,5,Buy Now Pay Later,Express,4.0,0.24,0.558,148.54,Low,1,0,0,35-44,0,1
CUST01382,46,Male,California,Outerwear,Winter,1,106.86,1,20,Credit Card,Free Shipping,3.8,0.13,0.733,106.86,Low,0,0,0,45-54,1,1
CUST01383,38,Male,Arizona,Clothing,Spring,5,19.0,1,5,Apple Pay,Express,1.1,0.08,0.708,95.0,Low,0,0,0,35-44,0,1
CUST01384,28,Female,Georgia,Footwear,Winter,4,107.15,1,10,Apple Pay,Standard,2.6,0.11,0.767,428.6,Mid,0,0,0,25-34,1,0
CUST01385,57,Female,Tennessee,Accessories,Spring,3,45.33,1,10,Credit Card,Standard,1.4,0.24,0.767,135.99,Low,0,0,0,55-64,0,1
CUST01386,28,Male,Texas,Clothing,Spring,1,67.77,1,20,Buy Now Pay Later,Standard,2.2,0.39,0.883,67.77,Low,0,0,0,25-34,0,1
CUST01387,53,Female,Tennessee,Clothing,Spring,7,52.45,1,5,Credit Card,Express,4.9,0.33,0.558,367.15000000000003,Mid,1,0,0,45-54,0,0
CUST01388,56,Female,California,Accessories,Fall,2,47.38,1,15,Apple Pay,Free Shipping,1.0,0.4,0.825,94.76,Low,0,0,0,55-64,0,1
CUST01389,57,Female,Washington,Footwear,Spring,5,17.0,1,15,Apple Pay,Standard,4.2,0.26,0.675,85.0,Low,1,0,0,55-64,0,1
CUST01390,52,Female,California,Clothing,Spring,27,130.01,1,15,PayPal,Standard,4.1,0.02,0.675,3510.2699999999995,High,1,0,1,45-54,1,0
CUST01391,51,Female,Massachusetts,Accessories,Fall,6,116.86,0,0,Debit Card,Free Shipping,5.0,0.28,0.0,701.16,High,1,0,0,45-54,1,0
CUST01392,64,Male,Illinois,Footwear,Fall,1,42.13,0,0,Credit Card,Free Shipping,2.0,0.31,0.15,42.13,Low,0,0,0,55-64,0,0
CUST01393,41,Female,Arizona,Accessories,Winter,2,40.65,0,0,Debit Card,Overnight,1.2,0.31,0.15,81.3,Low,0,0,0,35-44,0,0
CUST01394,39,Male,North Carolina,Outerwear,Fall,6,77.16,1,5,Debit Card,Standard,5.0,0.09,0.558,462.96,Mid,1,0,0,35-44,0,0
CUST01395,22,Female,Texas,Outerwear,Spring,3,15.0,1,25,PayPal,Standard,1.0,0.57,0.942,45.0,Low,0,0,0,18-24,0,1
CUST01396,50,Non-binary,California,Accessories,Spring,4,65.45,1,10,PayPal,Standard,4.0,0.25,0.617,261.8,Mid,1,0,0,45-54,0,0
CUST01397,53,Male,Virginia,Outerwear,Winter,4,79.94,1,15,Apple Pay,Standard,1.1,0.29,0.825,319.76,Mid,0,0,0,45-54,0,0
CUST01398,64,Male,New York,Clothing,Winter,2,97.98,0,0,Credit Card,Standard,1.9,0.55,0.15,195.96,Low,0,0,0,55-64,1,0
CUST01399,37,Female,California,Clothing,Winter,7,48.69,0,0,Apple Pay,Express,2.3,0.47,0.15,340.83,Mid,0,1,0,35-44,0,0
CUST01400,36,Male,Florida,Clothing,Summer,2,127.28,0,0,Buy Now Pay Later,Standard,2.9,0.57,0.15,254.56,Mid,0,0,0,35-44,1,0
CUST01401,52,Female,Washington,Footwear,Fall,7,120.74,0,0,PayPal,Standard,3.3,0.44,0.0,845.18,High,0,1,0,45-54,1,0
CUST01402,60,Male,California,Footwear,Spring,7,24.53,0,0,Credit Card,Standard,1.9,0.33,0.15,171.71,Low,0,1,0,55-64,0,0
CUST01403,34,Male,Texas,Accessories,Fall,4,110.0,0,0,Credit Card,Express,2.1,0.03,0.15,440.0,Mid,0,0,0,25-34,1,0
CUST01404,62,Non-binary,California,Clothing,Summer,3,72.24,1,20,Credit Card,Express,2.0,0.41,0.883,216.71999999999997,Low,0,0,0,55-64,0,1
CUST01405,60,Female,Florida,Clothing,Winter,3,92.56,1,10,PayPal,Express,5.0,0.58,0.617,277.68,Mid,1,0,0,55-64,1,0
CUST01406,51,Female,Massachusetts,Outerwear,Summer,1,63.43,0,0,PayPal,Standard,1.1,0.17,0.15,63.43,Low,0,0,0,45-54,0,0
CUST01407,26,Male,Michigan,Outerwear,Summer,2,35.77,1,10,Buy Now Pay Later,Standard,4.9,0.28,0.617,71.54,Low,1,0,0,25-34,0,1
CUST01408,43,Female,Arizona,Footwear,Summer,2,79.8,0,0,Debit Card,Standard,3.9,0.14,0.0,159.6,Low,0,0,0,35-44,0,0
CUST01409,19,Female,Texas,Footwear,Fall,2,78.59,1,20,Credit Card,Standard,2.9,0.21,0.883,157.18,Low,0,0,0,18-24,0,1
CUST01410,26,Female,Massachusetts,Accessories,Spring,6,98.88,0,0,PayPal,Free Shipping,1.0,0.1,0.15,593.28,High,0,0,0,25-34,1,0
CUST01411,26,Female,Illinois,Clothing,Spring,4,92.14,1,5,Apple Pay,Free Shipping,2.8,0.17,0.708,368.56,Mid,0,0,0,25-34,1,0
CUST01412,57,Female,Texas,Accessories,Fall,4,47.36,0,0,Buy Now Pay Later,Express,4.0,0.15,0.0,189.44,Low,1,0,0,55-64,0,0
CUST01413,34,Male,Massachusetts,Footwear,Winter,4,99.73,1,25,Apple Pay,Free Shipping,2.3,0.37,0.942,398.92,Mid,0,0,0,25-34,1,0
CUST01414,18,Male,Georgia,Accessories,Fall,3,95.06,1,25,Debit Card,Express,3.3,0.03,0.792,285.18,Mid,0,0,0,18-24,1,0
CUST01415,42,Female,Georgia,Clothing,Summer,4,79.59,1,15,PayPal,Standard,1.7,0.47,0.825,318.36,Mid,0,0,0,35-44,0,0
CUST01416,60,Male,Colorado,Outerwear,Summer,1,43.9,1,15,Apple Pay,Free Shipping,2.7,0.23,0.825,43.9,Low,0,0,0,55-64,0,1
CUST01417,57,Female,Texas,Footwear,Spring,17,121.96,1,20,Debit Card,Standard,2.9,0.09,0.883,2073.3199999999997,High,0,0,0,55-64,1,0
CUST01418,59,Male,Texas,Clothing,Fall,4,70.03,0,0,Credit Card,Overnight,2.6,0.28,0.15,280.12,Mid,0,0,0,55-64,0,0
CUST01419,42,Female,Colorado,Footwear,Summer,6,72.67,0,0,Credit Card,Standard,3.7,0.41,0.0,436.02,Mid,0,0,0,35-44,0,0
CUST01420,56,Female,Texas,Outerwear,Fall,6,86.78,1,20,Credit Card,Standard,1.1,0.24,0.883,520.6800000000001,High,0,0,0,55-64,1,0
CUST01421,52,Male,Florida,Clothing,Winter,3,70.33,0,0,PayPal,Express,5.0,0.62,0.0,210.99,Low,1,0,0,45-54,0,0
CUST01422,20,Male,Ohio,Accessories,Summer,25,225.09,0,0,Credit Card,Express,3.7,0.2,0.0,5627.25,High,0,1,0,18-24,1,0
CUST01423,54,Male,Ohio,Accessories,Fall,6,91.01,1,15,Credit Card,Standard,3.2,0.21,0.675,546.0600000000001,High,0,0,0,45-54,1,0
CUST01424,61,Female,Florida,Accessories,Winter,1,102.23,1,15,Credit Card,Standard,1.0,0.23,0.825,102.23,Low,0,0,0,55-64,1,1
CUST01425,61,Female,Ohio,Footwear,Summer,3,53.62,0,0,Debit Card,Standard,3.9,0.3,0.0,160.85999999999999,Low,0,0,0,55-64,0,0
CUST01426,47,Male,North Carolina,Clothing,Winter,5,57.06,1,10,Debit Card,Free Shipping,3.2,0.28,0.617,285.3,Mid,0,0,0,45-54,0,0
CUST01427,55,Female,Arizona,Clothing,Fall,6,41.47,0,0,PayPal,Free Shipping,4.1,0.44,0.0,248.82,Mid,1,0,0,55-64,0,0
CUST01428,51,Male,Texas,Clothing,Spring,7,131.21,0,0,Credit Card,Express,4.0,0.3,0.0,918.47,High,1,1,0,45-54,1,0
CUST01429,29,Male,Texas,Clothing,Winter,6,176.49,1,5,Credit Card,Standard,1.9,0.22,0.708,1058.94,High,0,0,0,25-34,1,0
CUST01430,36,Female,New York,Accessories,Fall,15,204.8,0,0,Debit Card,Free Shipping,5.0,0.14,0.0,3072.0,High,1,1,1,35-44,1,0
CUST01431,54,Male,California,Footwear,Spring,4,84.66,1,10,Credit Card,Standard,4.9,0.37,0.617,338.64,Mid,1,0,0,45-54,0,0
CUST01432,61,Male,Texas,Clothing,Fall,3,58.06,1,15,Credit Card,Standard,4.0,0.18,0.675,174.18,Low,1,0,0,55-64,0,1
CUST01433,34,Male,Texas,Footwear,Spring,27,104.18,0,0,Credit Card,Standard,4.8,0.12,0.0,2812.86,High,1,1,1,25-34,1,0
CUST01434,27,Male,Florida,Footwear,Summer,10,183.06,0,0,Apple Pay,Free Shipping,4.2,0.18,0.0,1830.6,High,1,1,1,25-34,1,0
CUST01435,64,Male,Massachusetts,Clothing,Summer,4,56.1,1,10,PayPal,Standard,5.0,0.54,0.617,224.4,Mid,1,0,0,55-64,0,0
CUST01436,29,Male,California,Footwear,Summer,3,33.33,0,0,Credit Card,Standard,3.0,0.27,0.0,99.99,Low,0,0,0,25-34,0,0
CUST01437,33,Female,Georgia,Footwear,Fall,5,38.75,1,20,Credit Card,Express,4.9,0.28,0.733,193.75,Low,1,0,0,25-34,0,1
CUST01438,41,Male,Colorado,Accessories,Fall,3,69.97,1,20,Buy Now Pay Later,Standard,5.0,0.04,0.733,209.91,Low,1,0,0,35-44,0,1
CUST01439,36,Female,California,Clothing,Fall,1,20.84,0,0,PayPal,Express,4.1,0.16,0.0,20.84,Low,1,0,0,35-44,0,0
CUST01440,25,Male,Massachusetts,Footwear,Fall,1,37.87,1,10,Debit Card,Express,1.9,0.21,0.767,37.87,Low,0,0,0,25-34,0,1
CUST01441,48,Male,Washington,Outerwear,Summer,23,136.29,0,0,PayPal,Express,4.2,0.22,0.0,3134.6699999999996,High,1,1,1,45-54,1,0
CUST01442,38,Female,New York,Accessories,Spring,7,108.33,1,5,PayPal,Standard,1.0,0.62,0.708,758.31,High,0,0,0,35-44,1,0
CUST01443,34,Non-binary,Georgia,Clothing,Summer,7,73.62,0,0,PayPal,Standard,1.0,0.32,0.15,515.34,High,0,1,0,25-34,0,0
CUST01444,40,Male,Texas,Accessories,Spring,5,106.21,1,10,Debit Card,Free Shipping,2.0,0.22,0.767,531.05,High,0,0,0,35-44,1,0
CUST01445,54,Female,Colorado,Clothing,Winter,5,58.22,0,0,Debit Card,Free Shipping,1.2,0.22,0.15,291.1,Mid,0,0,0,45-54,0,0
CUST01446,33,Female,California,Accessories,Fall,5,89.83,1,20,Credit Card,Standard,3.0,0.25,0.733,449.15,Mid,0,0,0,25-34,1,0
CUST01447,23,Female,North Carolina,Clothing,Winter,13,127.07,1,20,Buy Now Pay Later,Standard,2.8,0.05,0.883,1651.9099999999999,High,0,0,0,18-24,1,0
CUST01448,25,Female,Florida,Clothing,Spring,5,153.93,0,0,PayPal,Standard,2.9,0.12,0.15,769.6500000000001,High,0,0,0,25-34,1,0
CUST01449,42,Male,Arizona,Accessories,Fall,7,40.66,1,10,Credit Card,Express,5.0,0.11,0.617,284.62,Mid,1,0,0,35-44,0,0
CUST01450,35,Male,Texas,Clothing,Spring,10,234.28,0,0,Apple Pay,Overnight,5.0,0.07,0.0,2342.8,High,1,1,1,35-44,1,0
CUST01451,42,Female,Colorado,Accessories,Fall,3,60.39,1,25,Apple Pay,Standard,2.0,0.14,0.942,181.17000000000002,Low,0,0,0,35-44,0,1
CUST01452,29,Male,Ohio,Clothing,Summer,6,18.0,1,10,Buy Now Pay Later,Overnight,2.0,0.43,0.767,108.0,Low,0,0,0,25-34,0,1
CUST01453,32,Female,Florida,Clothing,Fall,5,71.87,1,25,Apple Pay,Overnight,1.2,0.16,0.942,359.35,Mid,0,0,0,25-34,0,0
CUST01454,43,Male,Washington,Footwear,Fall,7,93.04,1,15,Buy Now Pay Later,Free Shipping,3.2,0.05,0.675,651.2800000000001,High,0,0,0,35-44,1,0
CUST01455,58,Male,Florida,Outerwear,Fall,6,109.98,1,20,Credit Card,Standard,3.7,0.47,0.733,659.88,High,0,0,0,55-64,1,0
CUST01456,62,Female,Massachusetts,Clothing,Summer,1,94.9,1,15,Apple Pay,Standard,1.2,0.1,0.825,94.9,Low,0,0,0,55-64,1,1
CUST01457,43,Male,Illinois,Accessories,Spring,7,52.44,0,0,Apple Pay,Standard,4.1,0.15,0.0,367.08,Mid,1,1,0,35-44,0,0
CUST01458,64,Female,North Carolina,Clothing,Summer,6,84.94,1,30,Credit Card,Free Shipping,3.3,0.16,0.85,509.64,High,0,0,0,55-64,0,0
CUST01459,49,Female,Ohio,Accessories,Summer,7,86.89,0,0,Credit Card,Free Shipping,1.0,0.54,0.15,608.23,High,0,1,0,45-54,1,0
CUST01460,27,Female,Florida,Accessories,Fall,24,159.74,1,10,Buy Now Pay Later,Express,3.2,0.09,0.617,3833.76,High,0,0,0,25-34,1,0
CUST01461,33,Female,Texas,Clothing,Summer,7,61.53,1,25,Credit Card,Standard,4.1,0.06,0.792,430.71000000000004,Mid,1,0,0,25-34,0,0
CUST01462,24,Female,Florida,Footwear,Summer,3,39.43,1,10,Apple Pay,Standard,1.0,0.22,0.767,118.28999999999999,Low,0,0,0,18-24,0,1
CUST01463,34,Female,North Carolina,Clothing,Winter,6,68.09,1,15,Credit Card,Standard,4.2,0.11,0.675,408.54,Mid,1,0,0,25-34,0,0
CUST01464,40,Female,Texas,Clothing,Winter,4,99.45,1,10,Credit Card,Express,3.2,0.43,0.617,397.8,Mid,0,0,0,35-44,1,0
CUST01465,43,Male,Illinois,Footwear,Summer,7,38.74,1,15,Debit Card,Standard,3.9,0.24,0.675,271.18,Mid,0,0,0,35-44,0,0
CUST01466,38,Male,Ohio,Footwear,Spring,4,85.77,1,10,Credit Card,Standard,3.1,0.2,0.617,343.08,Mid,0,0,0,35-44,1,0
CUST01467,39,Male,New York,Accessories,Summer,7,110.62,1,10,PayPal,Overnight,3.4,0.16,0.617,774.34,High,0,0,0,35-44,1,0
CUST01468,24,Male,Arizona,Accessories,Summer,21,170.02,0,0,Debit Card,Standard,3.9,0.02,0.0,3570.42,High,0,1,0,18-24,1,0
CUST01469,31,Female,Texas,Accessories,Winter,2,75.05,0,0,Credit Card,Express,4.1,0.45,0.0,150.1,Low,1,0,0,25-34,0,0
CUST01470,32,Female,California,Accessories,Fall,7,122.39,0,0,Credit Card,Standard,1.8,0.15,0.15,856.73,High,0,1,0,25-34,1,0
CUST01471,24,Female,Ohio,Clothing,Winter,2,123.99,0,0,Debit Card,Free Shipping,4.9,0.05,0.0,247.98,Mid,1,0,0,18-24,1,0
CUST01472,26,Male,California,Accessories,Summer,3,33.34,1,25,Credit Card,Express,5.0,0.23,0.792,100.02000000000001,Low,1,0,0,25-34,0,1
CUST01473,25,Female,Texas,Accessories,Fall,2,41.29,1,15,PayPal,Free Shipping,4.1,0.41,0.675,82.58,Low,1,0,0,25-34,0,1
CUST01474,40,Male,Virginia,Footwear,Summer,6,95.76,1,15,Debit Card,Express,5.0,0.38,0.675,574.5600000000001,High,1,0,0,35-44,1,0
CUST01475,46,Female,New York,Footwear,Summer,4,65.38,1,15,Credit Card,Free Shipping,5.0,0.36,0.675,261.52,Mid,1,0,0,45-54,0,0
CUST01476,35,Female,Michigan,Clothing,Spring,26,152.67,0,0,Debit Card,Free Shipping,2.8,0.03,0.15,3969.4199999999996,High,0,1,0,35-44,1,0
CUST01477,48,Male,Michigan,Accessories,Winter,24,129.68,1,20,Credit Card,Express,3.0,0.09,0.733,3112.32,High,0,0,0,45-54,1,0
CUST01478,47,Male,Texas,Clothing,Winter,6,68.85,0,0,Credit Card,Free Shipping,2.1,0.26,0.15,413.09999999999997,Mid,0,0,0,45-54,0,0
CUST01479,56,Male,California,Accessories,Fall,18,156.67,0,0,Credit Card,Standard,4.8,0.03,0.0,2820.06,High,1,1,1,55-64,1,0
CUST01480,52,Female,Colorado,Accessories,Summer,4,99.28,1,10,Apple Pay,Standard,1.1,0.29,0.767,397.12,Mid,0,0,0,45-54,1,0
CUST01481,35,Female,Florida,Outerwear,Winter,3,57.57,1,20,Buy Now Pay Later,Standard,2.2,0.52,0.883,172.71,Low,0,0,0,35-44,0,1
CUST01482,59,Female,California,Footwear,Fall,6,88.33,1,20,Apple Pay,Express,2.0,0.14,0.883,529.98,High,0,0,0,55-64,1,0
CUST01483,56,Male,Colorado,Outerwear,Fall,7,63.18,1,20,Credit Card,Overnight,1.0,0.21,0.883,442.26,Mid,0,0,0,55-64,0,0
CUST01484,34,Male,California,Footwear,Spring,21,208.78,0,0,Credit Card,Free Shipping,2.9,0.03,0.15,4384.38,High,0,1,0,25-34,1,0
CUST01485,31,Female,Virginia,Outerwear,Fall,1,71.82,1,15,Debit Card,Standard,2.5,0.24,0.825,71.82,Low,0,0,0,25-34,0,1
CUST01486,48,Female,California,Footwear,Fall,1,60.26,1,10,PayPal,Express,1.2,0.45,0.767,60.26,Low,0,0,0,45-54,0,1
CUST01487,41,Male,California,Outerwear,Fall,7,56.44,1,5,Buy Now Pay Later,Standard,5.0,0.51,0.558,395.08,Mid,1,0,0,35-44,0,0
CUST01488,52,Male,Texas,Clothing,Fall,26,142.98,1,15,Credit Card,Overnight,3.0,0.03,0.675,3717.4799999999996,High,0,0,0,45-54,1,0
CUST01489,61,Female,Tennessee,Clothing,Summer,7,76.78,1,20,Credit Card,Standard,4.7,0.03,0.733,537.46,High,1,0,1,55-64,0,0
CUST01490,62,Male,Colorado,Accessories,Spring,5,153.6,0,0,PayPal,Free Shipping,4.2,0.29,0.0,768.0,High,1,0,0,55-64,1,0
CUST01491,51,Male,Ohio,Outerwear,Winter,2,112.5,0,0,Apple Pay,Standard,2.9,0.35,0.15,225.0,Mid,0,0,0,45-54,1,0
CUST01492,20,Male,Florida,Accessories,Fall,5,74.58,1,25,Apple Pay,Standard,3.1,0.2,0.792,372.9,Mid,0,0,0,18-24,0,0
CUST01493,54,Female,New York,Clothing,Fall,1,37.69,1,10,PayPal,Free Shipping,3.0,0.05,0.617,37.69,Low,0,0,0,45-54,0,1
CUST01494,60,Female,Texas,Accessories,Summer,6,37.12,1,15,Buy Now Pay Later,Express,4.7,0.31,0.675,222.71999999999997,Mid,1,0,0,55-64,0,0
CUST01495,57,Female,Florida,Footwear,Winter,3,118.26,0,0,Debit Card,Standard,4.3,0.61,0.0,354.78000000000003,Mid,1,0,0,55-64,1,0
CUST01496,43,Female,Illinois,Clothing,Spring,4,91.02,1,10,Apple Pay,Express,5.0,0.08,0.617,364.08,Mid,1,0,0,35-44,1,0
CUST01497,40,Female,Arizona,Footwear,Winter,6,53.35,1,15,Buy Now Pay Later,Standard,2.2,0.25,0.825,320.1,Mid,0,0,0,35-44,0,0
CUST01498,61,Male,Texas,Outerwear,Summer,18,162.39,1,25,Apple Pay,Free Shipping,3.1,0.06,0.792,2923.0199999999995,High,0,0,0,55-64,1,0
CUST01499,56,Female,Tennessee,Outerwear,Spring,1,58.54,1,25,Credit Card,Express,3.8,0.75,0.792,58.54,Low,0,0,0,55-64,0,1
CUST01500,32,Male,Texas,Clothing,Summer,1,48.19,1,10,Credit Card,Standard,5.0,0.17,0.617,48.19,Low,1,0,0,25-34,0,1
CUST01501,21,Female,Tennessee,Clothing,Fall,4,56.53,1,15,Debit Card,Express,5.0,0.21,0.675,226.12,Mid,1,0,0,18-24,0,0
CUST01502,46,Male,California,Clothing,Summer,5,32.05,1,20,Debit Card,Standard,5.0,0.19,0.733,160.25,Low,1,0,0,45-54,0,1
CUST01503,39,Male,Florida,Clothing,Summer,3,101.9,1,10,Apple Pay,Free Shipping,5.0,0.35,0.617,305.70000000000005,Mid,1,0,0,35-44,1,0
CUST01504,42,Male,New York,Clothing,Winter,6,57.27,1,10,Credit Card,Free Shipping,4.8,0.31,0.617,343.62,Mid,1,0,0,35-44,0,0
CUST01505,30,Male,Florida,Footwear,Fall,19,212.47,0,0,Credit Card,Free Shipping,3.6,0.11,0.0,4036.93,High,0,1,0,25-34,1,0
CUST01506,35,Male,Washington,Clothing,Fall,3,98.53,0,0,PayPal,Standard,2.9,0.23,0.15,295.59000000000003,Mid,0,0,0,35-44,1,0
CUST01507,50,Male,Florida,Outerwear,Spring,3,54.94,1,15,Credit Card,Standard,5.0,0.21,0.675,164.82,Low,1,0,0,45-54,0,1
CUST01508,33,Non-binary,Florida,Outerwear,Summer,5,66.74,1,15,Credit Card,Standard,2.3,0.09,0.825,333.7,Mid,0,0,0,25-34,0,0
CUST01509,62,Male,Georgia,Clothing,Summer,6,146.59,0,0,Debit Card,Overnight,4.0,0.42,0.0,879.54,High,1,0,0,55-64,1,0
CUST01510,59,Female,Colorado,Outerwear,Spring,2,41.63,1,15,PayPal,Express,4.1,0.15,0.675,83.26,Low,1,0,0,55-64,0,1
CUST01511,61,Female,North Carolina,Footwear,Summer,2,47.26,1,15,Credit Card,Express,1.8,0.11,0.825,94.52,Low,0,0,0,55-64,0,1
CUST01512,19,Non-binary,Texas,Accessories,Winter,3,18.0,1,10,Apple Pay,Free Shipping,2.0,0.07,0.767,54.0,Low,0,0,0,18-24,0,1
CUST01513,52,Female,Washington,Clothing,Spring,1,71.87,1,10,Debit Card,Standard,1.9,0.36,0.767,71.87,Low,0,0,0,45-54,0,1
CUST01514,59,Female,Washington,Accessories,Spring,1,20.0,0,0,Apple Pay,Standard,4.0,0.34,0.0,20.0,Low,1,0,0,55-64,0,0
CUST01515,51,Male,New York,Clothing,Fall,4,64.53,1,5,Debit Card,Standard,4.9,0.57,0.558,258.12,Mid,1,0,0,45-54,0,0
CUST01516,47,Male,Florida,Footwear,Summer,23,186.83,0,0,Credit Card,Standard,3.9,0.17,0.0,4297.09,High,0,1,0,45-54,1,0
CUST01517,30,Male,New York,Clothing,Fall,1,110.42,0,0,Credit Card,Standard,5.0,0.28,0.0,110.42,Low,1,0,0,25-34,1,0
CUST01518,30,Female,California,Footwear,Winter,7,71.2,1,10,Credit Card,Express,1.4,0.47,0.767,498.40000000000003,High,0,0,0,25-34,0,0
CUST01519,35,Female,Texas,Clothing,Summer,3,18.0,1,10,Debit Card,Standard,2.0,0.18,0.767,54.0,Low,0,0,0,35-44,0,1
CUST01520,49,Male,California,Clothing,Spring,4,35.79,1,30,Credit Card,Standard,5.0,0.19,0.85,143.16,Low,1,0,0,45-54,0,1
CUST01521,49,Male,Colorado,Accessories,Summer,2,54.65,1,20,Debit Card,Free Shipping,2.8,0.31,0.883,109.3,Low,0,0,0,45-54,0,1
CUST01522,52,Female,Arizona,Accessories,Winter,4,82.75,1,20,Debit Card,Standard,5.0,0.17,0.733,331.0,Mid,1,0,0,45-54,0,0
CUST01523,56,Male,Tennessee,Accessories,Fall,23,154.72,0,0,Credit Card,Overnight,4.7,0.02,0.0,3558.56,High,1,1,1,55-64,1,0
CUST01524,63,Female,Georgia,Clothing,Summer,3,88.93,1,10,Credit Card,Standard,1.0,0.13,0.767,266.79,Mid,0,0,0,55-64,1,0
CUST01525,46,Female,California,Outerwear,Fall,24,107.9,1,15,PayPal,Express,3.1,0.02,0.675,2589.6000000000004,High,0,0,0,45-54,1,0
CUST01526,46,Female,Virginia,Footwear,Spring,3,99.49,0,0,Buy Now Pay Later,Free Shipping,3.2,0.08,0.0,298.46999999999997,Mid,0,0,0,45-54,1,0
CUST01527,61,Female,Virginia,Clothing,Fall,3,102.31,1,5,Credit Card,Standard,4.8,0.62,0.558,306.93,Mid,1,0,0,55-64,1,0
CUST01528,33,Female,Florida,Accessories,Fall,10,155.47,0,0,Credit Card,Express,4.1,0.18,0.0,1554.7,High,1,1,1,25-34,1,0
CUST01529,61,Female,Washington,Accessories,Fall,7,69.68,1,10,Buy Now Pay Later,Free Shipping,3.2,0.55,0.617,487.76000000000005,Mid,0,0,0,55-64,0,0
CUST01530,64,Female,Michigan,Clothing,Summer,7,82.31,1,10,Credit Card,Express,4.2,0.5,0.617,576.1700000000001,High,1,0,0,55-64,0,0
CUST01531,27,Female,Illinois,Footwear,Winter,5,94.34,1,25,Buy Now Pay Later,Standard,3.1,0.3,0.792,471.70000000000005,Mid,0,0,0,25-34,1,0
CUST01532,47,Male,Massachusetts,Footwear,Winter,6,20.0,0,0,Credit Card,Standard,4.9,0.1,0.0,120.0,Low,1,0,0,45-54,0,0
CUST01533,42,Male,California,Footwear,Winter,6,18.0,1,10,Apple Pay,Overnight,4.9,0.56,0.617,108.0,Low,1,0,0,35-44,0,1
CUST01534,56,Male,Texas,Clothing,Fall,3,83.69,1,20,Credit Card,Free Shipping,3.8,0.42,0.733,251.07,Mid,0,0,0,55-64,0,0
CUST01535,37,Male,Florida,Outerwear,Summer,6,48.22,1,10,Buy Now Pay Later,Standard,1.0,0.14,0.767,289.32,Mid,0,0,0,35-44,0,0
CUST01536,22,Female,Washington,Clothing,Summer,5,61.21,1,30,Credit Card,Standard,4.8,0.24,0.85,306.05,Mid,1,0,0,18-24,0,0
CUST01537,18,Female,North Carolina,Outerwear,Fall,3,67.12,1,20,PayPal,Standard,1.1,0.27,0.883,201.36,Low,0,0,0,18-24,0,1
CUST01538,47,Male,Michigan,Clothing,Fall,5,160.69,0,0,Credit Card,Standard,1.0,0.06,0.15,803.45,High,0,0,0,45-54,1,0
CUST01539,20,Male,New York,Accessories,Winter,2,97.78,1,10,Credit Card,Standard,2.0,0.39,0.767,195.56,Low,0,0,0,18-24,1,1
CUST01540,62,Non-binary,California,Accessories,Spring,6,114.16,1,5,PayPal,Standard,1.0,0.28,0.708,684.96,High,0,0,0,55-64,1,0
CUST01541,31,Male,Ohio,Clothing,Fall,7,66.72,1,10,Debit Card,Standard,3.0,0.37,0.617,467.03999999999996,Mid,0,0,0,25-34,0,0
CUST01542,47,Male,Washington,Footwear,Summer,2,51.13,1,10,Buy Now Pay Later,Standard,1.0,0.26,0.767,102.26,Low,0,0,0,45-54,0,1
CUST01543,21,Female,Texas,Footwear,Winter,15,211.7,0,0,Debit Card,Free Shipping,5.0,0.17,0.0,3175.5,High,1,1,1,18-24,1,0
CUST01544,35,Female,Illinois,Clothing,Summer,7,115.12,1,10,Apple Pay,Standard,4.7,0.4,0.617,805.84,High,1,0,0,35-44,1,0
CUST01545,54,Male,Georgia,Footwear,Summer,17,215.27,0,0,Debit Card,Standard,4.0,0.27,0.0,3659.59,High,1,1,0,45-54,1,0
CUST01546,42,Male,Ohio,Accessories,Summer,4,74.51,1,15,Buy Now Pay Later,Standard,4.1,0.15,0.675,298.04,Mid,1,0,0,35-44,0,0
CUST01547,18,Male,Illinois,Clothing,Summer,1,144.91,0,0,Buy Now Pay Later,Free Shipping,1.0,0.68,0.15,144.91,Low,0,0,0,18-24,1,0
CUST01548,63,Female,New York,Outerwear,Fall,2,80.13,0,0,Credit Card,Free Shipping,3.4,0.32,0.0,160.26,Low,0,0,0,55-64,0,0
CUST01549,32,Female,Michigan,Outerwear,Summer,2,58.03,0,0,Apple Pay,Free Shipping,4.4,0.56,0.0,116.06,Low,1,0,0,25-34,0,0
CUST01550,26,Male,Arizona,Clothing,Spring,4,69.37,1,5,Apple Pay,Standard,3.8,0.36,0.558,277.48,Mid,0,0,0,25-34,0,0
CUST01551,32,Female,Florida,Accessories,Summer,3,122.62,0,0,Credit Card,Free Shipping,1.9,0.12,0.15,367.86,Mid,0,0,0,25-34,1,0
CUST01552,41,Female,New York,Clothing,Spring,7,37.01,0,0,PayPal,Express,5.0,0.26,0.0,259.07,Mid,1,1,0,35-44,0,0
CUST01553,21,Male,Georgia,Footwear,Winter,7,70.83,1,15,Credit Card,Standard,1.3,0.27,0.825,495.81,High,0,0,0,18-24,0,0
CUST01554,29,Female,Texas,Outerwear,Winter,7,113.07,1,20,Apple Pay,Express,1.0,0.27,0.883,791.49,High,0,0,0,25-34,1,0
CUST01555,54,Female,Texas,Clothing,Summer,1,79.37,1,20,Credit Card,Free Shipping,5.0,0.58,0.733,79.37,Low,1,0,0,45-54,0,1
CUST01556,54,Male,Illinois,Footwear,Spring,21,207.05,0,0,Credit Card,Free Shipping,2.7,0.0,0.15,4348.05,High,0,1,0,45-54,1,0
CUST01557,60,Male,New York,Accessories,Winter,1,137.17,1,10,Debit Card,Free Shipping,2.4,0.4,0.767,137.17,Low,0,0,0,55-64,1,1
CUST01558,23,Female,Arizona,Clothing,Summer,13,207.71,0,0,Debit Card,Free Shipping,5.0,0.0,0.0,2700.23,High,1,1,1,18-24,1,0
CUST01559,56,Female,California,Outerwear,Spring,5,28.61,0,0,Apple Pay,Standard,3.1,0.38,0.0,143.05,Low,0,0,0,55-64,0,0
CUST01560,63,Female,Arizona,Accessories,Winter,7,63.18,1,20,Buy Now Pay Later,Express,1.0,0.31,0.883,442.26,Mid,0,0,0,55-64,0,0
CUST01561,41,Female,New York,Accessories,Winter,5,108.42,1,15,Debit Card,Standard,1.8,0.56,0.825,542.1,High,0,0,0,35-44,1,0
CUST01562,28,Female,California,Footwear,Spring,1,90.88,0,0,Credit Card,Free Shipping,2.1,0.3,0.15,90.88,Low,0,0,0,25-34,1,0
CUST01563,30,Male,California,Clothing,Spring,7,111.47,1,20,PayPal,Standard,5.0,0.33,0.733,780.29,High,1,0,0,25-34,1,0
CUST01564,51,Female,Tennessee,Clothing,Winter,20,130.17,0,0,Debit Card,Free Shipping,4.9,0.14,0.0,2603.3999999999996,High,1,1,1,45-54,1,0
CUST01565,42,Male,Virginia,Outerwear,Summer,4,61.49,1,25,Debit Card,Standard,3.8,0.26,0.792,245.96,Mid,0,0,0,35-44,0,0
CUST01566,24,Male,Texas,Footwear,Fall,4,87.72,1,10,Credit Card,Standard,4.1,0.27,0.617,350.88,Mid,1,0,0,18-24,1,0
CUST01567,21,Female,Ohio,Footwear,Spring,2,41.43,0,0,Debit Card,Standard,1.3,0.45,0.15,82.86,Low,0,0,0,18-24,0,0
CUST01568,25,Female,Washington,Clothing,Winter,6,72.07,1,15,Credit Card,Standard,2.9,0.03,0.825,432.41999999999996,Mid,0,0,0,25-34,0,0
CUST01569,37,Male,Michigan,Accessories,Summer,5,84.89,1,15,PayPal,Free Shipping,1.0,0.37,0.825,424.45,Mid,0,0,0,35-44,0,0
CUST01570,46,Female,New York,Outerwear,Summer,5,40.75,0,0,Debit Card,Standard,5.0,0.19,0.0,203.75,Low,1,0,0,45-54,0,0
CUST01571,62,Male,Colorado,Clothing,Winter,1,29.84,1,10,Apple Pay,Express,2.2,0.43,0.767,29.84,Low,0,0,0,55-64,0,1
CUST01572,63,Male,California,Clothing,Summer,7,94.93,1,25,Debit Card,Standard,1.0,0.18,0.942,664.51,High,0,0,0,55-64,1,0
CUST01573,27,Male,Florida,Accessories,Spring,6,89.06,0,0,Credit Card,Standard,4.2,0.59,0.0,534.36,High,1,0,0,25-34,1,0
CUST01574,60,Female,Tennessee,Clothing,Summer,1,18.0,1,10,Apple Pay,Standard,3.1,0.44,0.617,18.0,Low,0,0,0,55-64,0,1
CUST01575,51,Female,Illinois,Clothing,Summer,4,61.22,0,0,Debit Card,Standard,5.0,0.4,0.0,244.88,Mid,1,0,0,45-54,0,0
CUST01576,43,Male,New York,Outerwear,Summer,4,83.38,1,5,Credit Card,Free Shipping,2.2,0.08,0.708,333.52,Mid,0,0,0,35-44,0,0
CUST01577,58,Female,California,Outerwear,Spring,6,20.0,0,0,PayPal,Express,3.2,0.33,0.0,120.0,Low,0,0,0,55-64,0,0
CUST01578,20,Male,Colorado,Accessories,Spring,6,52.74,0,0,Debit Card,Standard,1.0,0.19,0.15,316.44,Mid,0,0,0,18-24,0,0
CUST01579,23,Female,Arizona,Footwear,Fall,4,73.8,0,0,Apple Pay,Express,1.3,0.46,0.15,295.2,Mid,0,0,0,18-24,0,0
CUST01580,22,Male,New York,Outerwear,Fall,3,62.73,1,15,Debit Card,Standard,3.1,0.26,0.675,188.19,Low,0,0,0,18-24,0,1
CUST01581,22,Male,Tennessee,Footwear,Spring,18,194.65,1,25,PayPal,Standard,4.3,0.09,0.792,3503.7000000000003,High,1,0,1,18-24,1,0
CUST01582,64,Female,California,Clothing,Winter,25,168.87,0,0,Credit Card,Express,4.0,0.16,0.0,4221.75,High,1,1,1,55-64,1,0
CUST01583,40,Male,New York,Clothing,Spring,27,216.51,0,0,Debit Card,Standard,5.0,0.08,0.0,5845.7699999999995,High,1,1,1,35-44,1,0
CUST01584,26,Male,Massachusetts,Clothing,Fall,1,78.21,0,0,Buy Now Pay Later,Overnight,3.1,0.11,0.0,78.21,Low,0,0,0,25-34,0,0
CUST01585,52,Female,New York,Clothing,Spring,5,76.66,1,20,Apple Pay,Express,2.1,0.39,0.883,383.29999999999995,Mid,0,0,0,45-54,0,0
CUST01586,37,Non-binary,Texas,Clothing,Winter,1,17.0,1,15,Credit Card,Free Shipping,3.3,0.55,0.675,17.0,Low,0,0,0,35-44,0,1
CUST01587,59,Male,Illinois,Clothing,Winter,6,93.49,1,15,Credit Card,Free Shipping,3.1,0.37,0.675,560.9399999999999,High,0,0,0,55-64,1,0
CUST01588,52,Male,North Carolina,Clothing,Spring,19,140.44,0,0,Credit Card,Standard,4.0,0.11,0.0,2668.36,High,1,1,1,45-54,1,0
CUST01589,35,Male,California,Clothing,Spring,3,91.75,1,10,PayPal,Standard,2.2,0.49,0.767,275.25,Mid,0,0,0,35-44,1,0
CUST01590,34,Female,Tennessee,Accessories,Spring,7,74.8,1,5,PayPal,Standard,1.1,0.6,0.708,523.6,High,0,0,0,25-34,0,0
CUST01591,41,Male,Ohio,Clothing,Winter,9,118.32,0,0,PayPal,Standard,3.6,0.01,0.0,1064.8799999999999,High,0,1,0,35-44,1,0
CUST01592,20,Female,Texas,Footwear,Spring,10,176.09,0,0,Debit Card,Free Shipping,5.0,0.1,0.0,1760.9,High,1,1,1,18-24,1,0
CUST01593,49,Non-binary,Colorado,Clothing,Fall,4,87.6,0,0,Apple Pay,Free Shipping,2.2,0.21,0.15,350.4,Mid,0,0,0,45-54,1,0
CUST01594,52,Male,New York,Footwear,Winter,21,81.8,0,0,Debit Card,Express,5.0,0.09,0.0,1717.8,High,1,1,1,45-54,0,0
CUST01595,55,Male,Florida,Outerwear,Summer,4,111.45,0,0,Credit Card,Express,3.6,0.36,0.0,445.8,Mid,0,0,0,55-64,1,0
CUST01596,30,Male,Ohio,Footwear,Fall,12,136.5,0,0,Debit Card,Standard,2.9,0.03,0.15,1638.0,High,0,1,0,25-34,1,0
CUST01597,64,Male,Tennessee,Footwear,Winter,1,100.33,1,5,Buy Now Pay Later,Express,1.0,0.64,0.708,100.33,Low,0,0,0,55-64,1,1
CUST01598,42,Female,California,Outerwear,Winter,7,96.99,1,5,PayPal,Free Shipping,3.7,0.25,0.558,678.93,High,0,0,0,35-44,1,0
CUST01599,26,Male,Florida,Clothing,Spring,4,98.32,1,10,Debit Card,Express,3.9,0.06,0.617,393.28,Mid,0,0,0,25-34,1,0
CUST01600,21,Male,Florida,Outerwear,Summer,7,64.37,1,10,PayPal,Standard,1.7,0.41,0.767,450.59000000000003,Mid,0,0,0,18-24,0,0
CUST01601,31,Female,New York,Footwear,Spring,3,116.95,1,10,Buy Now Pay Later,Overnight,1.8,0.37,0.767,350.85,Mid,0,0,0,25-34,1,0
CUST01602,54,Male,New York,Footwear,Fall,2,96.29,1,15,Debit Card,Standard,3.0,0.06,0.675,192.58,Low,0,0,0,45-54,1,1
CUST01603,51,Female,California,Clothing,Summer,6,44.53,1,5,Credit Card,Express,3.4,0.12,0.558,267.18,Mid,0,0,0,45-54,0,0
CUST01604,28,Male,Colorado,Accessories,Winter,1,48.41,1,15,Buy Now Pay Later,Express,2.7,0.62,0.825,48.41,Low,0,0,0,25-34,0,1
CUST01605,58,Female,Florida,Footwear,Spring,7,124.37,1,10,Apple Pay,Standard,3.8,0.39,0.617,870.59,High,0,0,0,55-64,1,0
CUST01606,20,Female,Texas,Footwear,Fall,6,19.06,1,5,Credit Card,Overnight,2.9,0.31,0.708,114.35999999999999,Low,0,0,0,18-24,0,1
CUST01607,45,Female,North Carolina,Footwear,Fall,29,129.5,0,0,Debit Card,Free Shipping,4.0,0.01,0.0,3755.5,High,1,1,1,45-54,1,0
CUST01608,46,Female,Ohio,Clothing,Summer,4,158.5,0,0,Debit Card,Standard,2.7,0.31,0.15,634.0,High,0,0,0,45-54,1,0
CUST01609,26,Male,Florida,Clothing,Summer,5,98.09,1,20,Credit Card,Free Shipping,4.9,0.42,0.733,490.45000000000005,Mid,1,0,0,25-34,1,0
CUST01610,20,Male,New York,Accessories,Fall,7,90.67,1,25,Buy Now Pay Later,Express,4.8,0.17,0.792,634.69,High,1,0,1,18-24,1,0
CUST01611,42,Female,Arizona,Clothing,Winter,1,36.79,1,15,Debit Card,Overnight,2.1,0.09,0.825,36.79,Low,0,0,0,35-44,0,1
CUST01612,51,Female,New York,Clothing,Spring,1,112.84,0,0,Apple Pay,Free Shipping,4.1,0.07,0.0,112.84,Low,1,0,0,45-54,1,0
CUST01613,29,Male,Texas,Clothing,Spring,3,138.68,0,0,Credit Card,Express,5.0,0.07,0.0,416.04,Mid,1,0,0,25-34,1,0
CUST01614,59,Male,Georgia,Clothing,Summer,2,74.16,0,0,Debit Card,Free Shipping,1.0,0.24,0.15,148.32,Low,0,0,0,55-64,0,0
CUST01615,26,Male,California,Accessories,Fall,3,85.11,0,0,Credit Card,Standard,1.9,0.25,0.15,255.32999999999998,Mid,0,0,0,25-34,0,0
CUST01616,32,Male,California,Clothing,Fall,3,102.37,1,15,PayPal,Standard,5.0,0.18,0.675,307.11,Mid,1,0,0,25-34,1,0
CUST01617,57,Male,California,Outerwear,Spring,3,77.45,0,0,Debit Card,Overnight,2.8,0.21,0.15,232.35000000000002,Mid,0,0,0,55-64,0,0
CUST01618,42,Female,Texas,Footwear,Spring,2,25.58,1,20,PayPal,Free Shipping,5.0,0.27,0.733,51.16,Low,1,0,0,35-44,0,1
CUST01619,22,Male,California,Footwear,Winter,3,16.0,1,20,Credit Card,Free Shipping,4.7,0.22,0.733,48.0,Low,1,0,0,18-24,0,1
CUST01620,28,Male,Michigan,Clothing,Spring,6,96.04,0,0,Credit Card,Express,1.9,0.17,0.15,576.24,High,0,0,0,25-34,1,0
CUST01621,51,Female,New York,Footwear,Summer,1,60.63,1,10,Credit Card,Express,4.2,0.07,0.617,60.63,Low,1,0,0,45-54,0,1
CUST01622,41,Female,California,Accessories,Fall,2,20.0,0,0,Credit Card,Standard,2.9,0.06,0.15,40.0,Low,0,0,0,35-44,0,0
CUST01623,32,Female,Texas,Outerwear,Summer,4,48.5,1,15,PayPal,Free Shipping,3.1,0.07,0.675,194.0,Low,0,0,0,25-34,0,1
CUST01624,55,Female,Tennessee,Footwear,Summer,5,67.82,1,5,Debit Card,Standard,3.3,0.18,0.558,339.09999999999997,Mid,0,0,0,55-64,0,0
CUST01625,25,Male,Illinois,Accessories,Summer,26,120.54,1,30,PayPal,Overnight,3.2,0.07,0.85,3134.04,High,0,0,0,25-34,1,0
CUST01626,22,Female,New York,Outerwear,Summer,7,124.55,0,0,Debit Card,Express,3.8,0.23,0.0,871.85,High,0,1,0,18-24,1,0
CUST01627,43,Female,Virginia,Clothing,Summer,8,181.81,0,0,Credit Card,Express,3.8,0.03,0.0,1454.48,High,0,1,0,35-44,1,0
CUST01628,35,Male,Florida,Clothing,Spring,1,75.92,1,5,Credit Card,Standard,4.0,0.19,0.558,75.92,Low,1,0,0,35-44,0,1
CUST01629,23,Female,New York,Footwear,Winter,5,34.35,1,15,Credit Card,Free Shipping,2.1,0.15,0.825,171.75,Low,0,0,0,18-24,0,1
CUST01630,54,Female,Texas,Clothing,Fall,6,93.26,1,15,Apple Pay,Express,1.2,0.07,0.825,559.5600000000001,High,0,0,0,45-54,1,0
CUST01631,30,Male,New York,Clothing,Spring,26,232.89,0,0,PayPal,Free Shipping,2.8,0.26,0.15,6055.139999999999,High,0,1,0,25-34,1,0
CUST01632,45,Male,New York,Footwear,Fall,5,138.33,1,5,Credit Card,Standard,2.9,0.34,0.708,691.6500000000001,High,0,0,0,45-54,1,0
CUST01633,22,Male,Colorado,Clothing,Winter,5,64.12,1,15,Credit Card,Express,1.9,0.3,0.825,320.6,Mid,0,0,0,18-24,0,0
CUST01634,30,Male,New York,Footwear,Winter,6,84.58,1,20,Apple Pay,Overnight,1.9,0.23,0.883,507.48,High,0,0,0,25-34,0,0
CUST01635,34,Male,Washington,Outerwear,Fall,6,62.41,0,0,PayPal,Overnight,5.0,0.39,0.0,374.46,Mid,1,0,0,25-34,0,0
CUST01636,57,Female,California,Clothing,Winter,4,47.71,1,15,PayPal,Free Shipping,5.0,0.48,0.675,190.84,Low,1,0,0,55-64,0,1
CUST01637,62,Male,Texas,Clothing,Fall,5,110.3,0,0,Debit Card,Standard,1.0,0.33,0.15,551.5,High,0,0,0,55-64,1,0
CUST01638,49,Female,Florida,Clothing,Spring,3,41.2,0,0,Credit Card,Standard,1.2,0.28,0.15,123.60000000000001,Low,0,0,0,45-54,0,0
CUST01639,46,Female,Tennessee,Clothing,Winter,6,57.83,1,15,Buy Now Pay Later,Express,5.0,0.02,0.675,346.98,Mid,1,0,0,45-54,0,0
CUST01640,20,Female,New York,Clothing,Fall,1,100.15,1,20,PayPal,Standard,5.0,0.38,0.733,100.15,Low,1,0,0,18-24,1,1
CUST01641,57,Female,Arizona,Clothing,Fall,1,67.47,0,0,Credit Card,Free Shipping,2.3,0.37,0.15,67.47,Low,0,0,0,55-64,0,0
CUST01642,51,Male,Texas,Accessories,Winter,7,48.84,0,0,Apple Pay,Standard,4.4,0.02,0.0,341.88,Mid,1,1,0,45-54,0,0
CUST01643,57,Male,California,Clothing,Spring,6,147.04,1,5,PayPal,Express,5.0,0.06,0.558,882.24,High,1,0,1,55-64,1,0
CUST01644,44,Female,California,Footwear,Spring,12,214.27,0,0,Credit Card,Standard,3.9,0.2,0.0,2571.2400000000002,High,0,1,0,35-44,1,0
CUST01645,30,Female,New York,Outerwear,Fall,4,27.63,0,0,Debit Card,Express,4.4,0.14,0.0,110.52,Low,1,0,0,25-34,0,0
CUST01646,62,Female,Texas,Footwear,Summer,7,96.74,0,0,Credit Card,Standard,4.2,0.29,0.0,677.18,High,1,1,0,55-64,1,0
CUST01647,50,Male,Texas,Accessories,Summer,4,72.7,1,10,Credit Card,Standard,3.0,0.48,0.617,290.8,Mid,0,0,0,45-54,0,0
CUST01648,23,Female,Georgia,Clothing,Summer,6,96.38,1,15,PayPal,Standard,3.1,0.37,0.675,578.28,High,0,0,0,18-24,1,0
CUST01649,41,Male,California,Footwear,Winter,7,102.59,0,0,Credit Card,Standard,2.8,0.05,0.15,718.13,High,0,1,0,35-44,1,0
CUST01650,36,Female,Illinois,Clothing,Spring,5,70.94,1,15,Apple Pay,Free Shipping,2.2,0.41,0.825,354.7,Mid,0,0,0,35-44,0,0
CUST01651,33,Non-binary,New York,Clothing,Fall,23,240.53,0,0,Buy Now Pay Later,Standard,3.6,0.09,0.0,5532.19,High,0,1,0,25-34,1,0
CUST01652,57,Male,Illinois,Footwear,Summer,5,76.91,1,20,Credit Card,Express,5.0,0.32,0.733,384.54999999999995,Mid,1,0,0,55-64,0,0
CUST01653,45,Female,Washington,Clothing,Fall,1,89.12,1,10,Debit Card,Free Shipping,1.9,0.15,0.767,89.12,Low,0,0,0,45-54,1,1
CUST01654,50,Male,New York,Clothing,Spring,7,71.84,0,0,Apple Pay,Free Shipping,3.7,0.07,0.0,502.88,High,0,1,0,45-54,0,0
CUST01655,58,Male,New York,Outerwear,Fall,3,27.67,1,20,PayPal,Free Shipping,1.6,0.51,0.883,83.01,Low,0,0,0,55-64,0,1
CUST01656,30,Female,Georgia,Outerwear,Spring,1,61.8,1,20,PayPal,Free Shipping,4.9,0.44,0.733,61.8,Low,1,0,0,25-34,0,1
CUST01657,60,Female,Virginia,Clothing,Fall,3,51.77,1,25,Credit Card,Express,1.1,0.09,0.942,155.31,Low,0,0,0,55-64,0,1
CUST01658,62,Female,Texas,Clothing,Summer,6,66.31,1,20,Debit Card,Overnight,1.7,0.21,0.883,397.86,Mid,0,0,0,55-64,0,0
CUST01659,42,Female,California,Accessories,Summer,2,111.25,1,10,Debit Card,Standard,1.0,0.11,0.767,222.5,Mid,0,0,0,35-44,1,0
CUST01660,59,Female,Massachusetts,Footwear,Fall,4,115.54,1,15,Buy Now Pay Later,Express,1.0,0.35,0.825,462.16,Mid,0,0,0,55-64,1,0
CUST01661,53,Female,New York,Clothing,Winter,15,110.72,0,0,Credit Card,Free Shipping,5.0,0.02,0.0,1660.8,High,1,1,1,45-54,1,0
CUST01662,44,Female,Illinois,Accessories,Summer,4,113.43,0,0,Buy Now Pay Later,Express,3.2,0.26,0.0,453.72,Mid,0,0,0,35-44,1,0
CUST01663,55,Male,New York,Outerwear,Fall,7,57.24,1,30,Credit Card,Overnight,3.0,0.66,0.85,400.68,Mid,0,0,0,55-64,0,0
CUST01664,24,Non-binary,California,Clothing,Summer,6,71.49,0,0,Buy Now Pay Later,Overnight,1.2,0.07,0.15,428.93999999999994,Mid,0,0,0,18-24,0,0
CUST01665,22,Male,Washington,Outerwear,Fall,1,110.76,0,0,PayPal,Standard,5.0,0.41,0.0,110.76,Low,1,0,0,18-24,1,0
CUST01666,60,Female,Illinois,Outerwear,Spring,1,113.09,1,5,Debit Card,Free Shipping,2.9,0.2,0.708,113.09,Low,0,0,0,55-64,1,1
CUST01667,62,Male,Texas,Clothing,Winter,2,94.86,1,20,PayPal,Express,3.2,0.21,0.733,189.72,Low,0,0,0,55-64,1,1
CUST01668,48,Male,Florida,Footwear,Summer,26,184.81,0,0,Credit Card,Standard,2.7,0.06,0.15,4805.06,High,0,1,0,45-54,1,0
CUST01669,40,Male,Ohio,Clothing,Summer,7,79.13,1,10,Credit Card,Free Shipping,1.1,0.22,0.767,553.91,High,0,0,0,35-44,0,0
CUST01670,59,Female,Washington,Footwear,Summer,23,157.53,1,20,Credit Card,Express,4.8,0.06,0.733,3623.19,High,1,0,1,55-64,1,0
CUST01671,27,Male,California,Footwear,Winter,6,17.0,1,15,Credit Card,Free Shipping,3.0,0.32,0.675,102.0,Low,0,0,0,25-34,0,1
CUST01672,49,Male,Illinois,Clothing,Fall,2,89.49,1,25,Credit Card,Express,4.2,0.45,0.792,178.98,Low,1,0,0,45-54,1,1
CUST01673,60,Female,Colorado,Footwear,Spring,6,73.08,0,0,PayPal,Standard,4.0,0.2,0.0,438.48,Mid,1,0,0,55-64,0,0
CUST01674,47,Female,Ohio,Footwear,Fall,2,73.09,0,0,PayPal,Free Shipping,2.0,0.46,0.15,146.18,Low,0,0,0,45-54,0,0
CUST01675,56,Male,Arizona,Clothing,Summer,1,71.26,1,5,Credit Card,Express,2.0,0.33,0.708,71.26,Low,0,0,0,55-64,0,1
CUST01676,48,Male,Texas,Clothing,Summer,1,16.16,1,20,Apple Pay,Standard,3.1,0.19,0.733,16.16,Low,0,0,0,45-54,0,1
CUST01677,35,Male,Colorado,Clothing,Fall,5,58.24,1,25,PayPal,Standard,1.4,0.15,0.942,291.2,Mid,0,0,0,35-44,0,0
CUST01678,53,Male,Colorado,Accessories,Summer,27,193.83,0,0,Buy Now Pay Later,Free Shipping,4.1,0.05,0.0,5233.410000000001,High,1,1,1,45-54,1,0
CUST01679,19,Female,California,Outerwear,Spring,7,52.3,1,30,PayPal,Standard,3.9,0.2,0.85,366.09999999999997,Mid,0,0,0,18-24,0,0
CUST01680,31,Female,Florida,Footwear,Summer,6,63.63,1,20,Credit Card,Free Shipping,4.0,0.14,0.733,381.78000000000003,Mid,1,0,0,25-34,0,0
CUST01681,30,Female,New York,Accessories,Winter,6,45.77,1,15,Debit Card,Standard,1.0,0.39,0.825,274.62,Mid,0,0,0,25-34,0,0
CUST01682,46,Male,Arizona,Accessories,Fall,5,85.76,0,0,PayPal,Express,1.8,0.55,0.15,428.8,Mid,0,0,0,45-54,1,0
CUST01683,29,Female,Texas,Clothing,Winter,1,20.0,0,0,Credit Card,Free Shipping,2.5,0.41,0.15,20.0,Low,0,0,0,25-34,0,0
CUST01684,56,Female,Washington,Clothing,Summer,4,40.07,1,30,Credit Card,Standard,1.9,0.16,1.0,160.28,Low,0,0,0,55-64,0,1
CUST01685,19,Female,Massachusetts,Accessories,Fall,5,83.76,1,15,Credit Card,Express,3.7,0.39,0.675,418.8,Mid,0,0,0,18-24,0,0
CUST01686,49,Female,Ohio,Accessories,Winter,2,34.71,1,10,Credit Card,Free Shipping,4.0,0.17,0.617,69.42,Low,1,0,0,45-54,0,1
CUST01687,30,Female,Massachusetts,Accessories,Spring,1,41.67,0,0,Debit Card,Free Shipping,1.0,0.12,0.15,41.67,Low,0,0,0,25-34,0,0
CUST01688,63,Female,Michigan,Outerwear,Spring,9,187.28,1,15,Debit Card,Express,2.8,0.02,0.825,1685.52,High,0,0,0,55-64,1,0
CUST01689,44,Male,California,Footwear,Fall,6,102.42,0,0,Credit Card,Express,1.0,0.52,0.15,614.52,High,0,0,0,35-44,1,0
CUST01690,58,Female,Arizona,Footwear,Fall,3,120.39,0,0,PayPal,Free Shipping,2.9,0.22,0.15,361.17,Mid,0,0,0,55-64,1,0
CUST01691,34,Female,Florida,Clothing,Spring,19,190.75,0,0,Debit Card,Free Shipping,4.6,0.05,0.0,3624.25,High,1,1,1,25-34,1,0
CUST01692,57,Female,Virginia,Outerwear,Summer,4,62.92,1,15,Credit Card,Free Shipping,5.0,0.17,0.675,251.68,Mid,1,0,0,55-64,0,0
CUST01693,48,Male,Texas,Footwear,Fall,6,84.31,1,15,Credit Card,Standard,3.1,0.59,0.675,505.86,High,0,0,0,45-54,0,0
CUST01694,51,Female,Michigan,Outerwear,Spring,1,73.33,1,5,Credit Card,Free Shipping,3.0,0.13,0.558,73.33,Low,0,0,0,45-54,0,1
CUST01695,41,Female,Washington,Accessories,Spring,20,81.93,0,0,Debit Card,Express,4.3,0.14,0.0,1638.6000000000001,High,1,1,1,35-44,0,0
CUST01696,62,Male,Ohio,Accessories,Winter,6,116.43,1,15,Credit Card,Standard,2.0,0.28,0.825,698.58,High,0,0,0,55-64,1,0
CUST01697,52,Male,California,Accessories,Winter,27,240.38,0,0,Debit Card,Standard,4.1,0.08,0.0,6490.26,High,1,1,1,45-54,1,0
CUST01698,23,Female,Texas,Clothing,Summer,4,45.12,0,0,PayPal,Standard,2.1,0.23,0.15,180.48,Low,0,0,0,18-24,0,0
CUST01699,36,Female,Georgia,Footwear,Spring,2,78.81,1,5,Debit Card,Standard,1.0,0.01,0.708,157.62,Low,0,0,0,35-44,0,1
CUST01700,47,Female,California,Outerwear,Summer,28,164.73,1,15,Credit Card,Standard,3.9,0.06,0.675,4612.44,High,0,0,0,45-54,1,0
CUST01701,24,Male,North Carolina,Clothing,Summer,3,96.09,0,0,Credit Card,Standard,5.0,0.28,0.0,288.27,Mid,1,0,0,18-24,1,0
CUST01702,27,Female,California,Clothing,Summer,2,50.63,0,0,PayPal,Overnight,3.7,0.14,0.0,101.26,Low,0,0,0,25-34,0,0
CUST01703,58,Male,Arizona,Footwear,Spring,23,155.31,0,0,Apple Pay,Standard,4.4,0.03,0.0,3572.13,High,1,1,1,55-64,1,0
CUST01704,49,Male,New York,Clothing,Winter,7,82.45,0,0,PayPal,Standard,1.0,0.44,0.15,577.15,High,0,1,0,45-54,0,0
CUST01705,51,Male,Washington,Footwear,Spring,18,135.27,0,0,Debit Card,Standard,5.0,0.06,0.0,2434.86,High,1,1,1,45-54,1,0
CUST01706,45,Male,Colorado,Footwear,Summer,7,116.23,1,10,Debit Card,Standard,1.4,0.17,0.767,813.61,High,0,0,0,45-54,1,0
CUST01707,32,Male,New York,Clothing,Fall,3,85.3,1,20,Debit Card,Standard,3.8,0.42,0.733,255.89999999999998,Mid,0,0,0,25-34,1,0
CUST01708,47,Male,California,Footwear,Fall,6,106.75,1,15,Apple Pay,Express,2.3,0.39,0.825,640.5,High,0,0,0,45-54,1,0
CUST01709,54,Male,California,Accessories,Summer,7,16.0,1,20,Credit Card,Free Shipping,5.0,0.14,0.733,112.0,Low,1,0,0,45-54,0,1
CUST01710,46,Male,Washington,Outerwear,Summer,3,85.32,1,10,Buy Now Pay Later,Free Shipping,3.2,0.22,0.617,255.95999999999998,Mid,0,0,0,45-54,1,0
CUST01711,39,Female,Illinois,Footwear,Summer,7,87.74,0,0,PayPal,Free Shipping,2.0,0.21,0.15,614.18,High,0,1,0,35-44,1,0
CUST01712,21,Female,Georgia,Outerwear,Spring,6,50.59,0,0,PayPal,Standard,2.0,0.39,0.15,303.54,Mid,0,0,0,18-24,0,0
CUST01713,37,Male,Illinois,Clothing,Summer,4,90.29,1,10,Credit Card,Standard,1.0,0.1,0.767,361.16,Mid,0,0,0,35-44,1,0
CUST01714,49,Female,Florida,Clothing,Spring,6,35.86,1,30,PayPal,Standard,4.2,0.31,0.85,215.16,Low,1,0,0,45-54,0,1
CUST01715,53,Male,Florida,Clothing,Spring,7,24.46,1,15,Debit Card,Free Shipping,3.1,0.52,0.675,171.22,Low,0,0,0,45-54,0,1
CUST01716,21,Female,California,Accessories,Spring,6,104.9,1,5,Credit Card,Standard,3.9,0.19,0.558,629.4000000000001,High,0,0,0,18-24,1,0
CUST01717,44,Male,New York,Outerwear,Summer,6,79.58,0,0,Credit Card,Express,3.9,0.21,0.0,477.48,Mid,0,0,0,35-44,0,0
CUST01718,34,Male,Michigan,Accessories,Fall,4,26.29,1,5,Apple Pay,Standard,2.0,0.43,0.708,105.16,Low,0,0,0,25-34,0,1
CUST01719,29,Female,Virginia,Footwear,Winter,1,135.28,0,0,Debit Card,Standard,2.9,0.31,0.15,135.28,Low,0,0,0,25-34,1,0
CUST01720,39,Female,New York,Clothing,Fall,7,87.11,0,0,Debit Card,Free Shipping,5.0,0.41,0.0,609.77,High,1,1,0,35-44,1,0
CUST01721,34,Female,Washington,Clothing,Summer,13,170.07,1,10,Credit Card,Free Shipping,4.2,0.02,0.617,2210.91,High,1,0,1,25-34,1,0
CUST01722,27,Female,North Carolina,Outerwear,Spring,7,26.48,1,5,PayPal,Free Shipping,1.2,0.36,0.708,185.36,Low,0,0,0,25-34,0,1
CUST01723,18,Female,Florida,Accessories,Fall,3,44.04,1,5,PayPal,Express,2.0,0.32,0.708,132.12,Low,0,0,0,18-24,0,1
CUST01724,39,Male,California,Footwear,Spring,27,153.71,1,10,PayPal,Free Shipping,4.8,0.07,0.617,4150.17,High,1,0,1,35-44,1,0
CUST01725,43,Male,California,Clothing,Summer,1,108.71,1,25,Debit Card,Express,1.1,0.04,0.942,108.71,Low,0,0,0,35-44,1,1
CUST01726,35,Male,Illinois,Outerwear,Fall,3,154.99,0,0,Debit Card,Free Shipping,4.6,0.38,0.0,464.97,Mid,1,0,0,35-44,1,0
CUST01727,31,Male,Tennessee,Accessories,Summer,4,102.34,1,20,Debit Card,Standard,4.0,0.46,0.733,409.36,Mid,1,0,0,25-34,1,0
CUST01728,64,Female,Colorado,Footwear,Summer,1,25.56,1,5,Credit Card,Express,3.8,0.39,0.558,25.56,Low,0,0,0,55-64,0,1
CUST01729,46,Female,California,Clothing,Winter,1,103.93,0,0,Buy Now Pay Later,Overnight,1.0,0.13,0.15,103.93,Low,0,0,0,45-54,1,0
CUST01730,29,Male,Texas,Accessories,Summer,6,158.34,1,5,Debit Card,Standard,1.9,0.35,0.708,950.04,High,0,0,0,25-34,1,0
CUST01731,53,Female,Ohio,Outerwear,Fall,7,56.91,0,0,Credit Card,Free Shipping,4.0,0.33,0.0,398.37,Mid,1,1,0,45-54,0,0
CUST01732,52,Female,North Carolina,Outerwear,Winter,6,81.83,0,0,Debit Card,Free Shipping,2.0,0.16,0.15,490.98,Mid,0,0,0,45-54,0,0
CUST01733,29,Male,Washington,Clothing,Fall,3,110.88,1,25,Apple Pay,Express,2.2,0.4,0.942,332.64,Mid,0,0,0,25-34,1,0
CUST01734,24,Male,Arizona,Clothing,Summer,6,87.47,1,10,Credit Card,Standard,4.0,0.16,0.617,524.8199999999999,High,1,0,1,18-24,1,0
CUST01735,46,Male,California,Accessories,Summer,3,108.38,0,0,Credit Card,Express,5.0,0.2,0.0,325.14,Mid,1,0,0,45-54,1,0
CUST01736,28,Male,North Carolina,Clothing,Winter,2,48.83,1,20,PayPal,Free Shipping,2.7,0.07,0.883,97.66,Low,0,0,0,25-34,0,1
CUST01737,50,Male,Ohio,Footwear,Summer,7,27.04,1,20,Credit Card,Express,3.7,0.55,0.733,189.28,Low,0,0,0,45-54,0,1
CUST01738,23,Female,Texas,Clothing,Spring,2,101.86,0,0,PayPal,Standard,3.1,0.59,0.0,203.72,Low,0,0,0,18-24,1,0
CUST01739,64,Male,Colorado,Clothing,Winter,17,160.12,0,0,Credit Card,Express,3.1,0.13,0.0,2722.04,High,0,1,0,55-64,1,0
CUST01740,32,Male,Texas,Footwear,Summer,14,202.36,0,0,PayPal,Standard,4.9,0.11,0.0,2833.04,High,1,1,1,25-34,1,0
CUST01741,49,Non-binary,California,Accessories,Fall,1,57.13,0,0,Credit Card,Free Shipping,2.2,0.17,0.15,57.13,Low,0,0,0,45-54,0,0
CUST01742,28,Female,Texas,Footwear,Fall,20,149.28,0,0,Credit Card,Standard,3.7,0.04,0.0,2985.6,High,0,1,0,25-34,1,0
CUST01743,40,Female,Texas,Outerwear,Summer,3,91.58,1,10,Apple Pay,Express,1.1,0.61,0.767,274.74,Mid,0,0,0,35-44,1,0
CUST01744,43,Male,New York,Clothing,Summer,6,152.01,0,0,Debit Card,Free Shipping,4.8,0.47,0.0,912.06,High,1,0,0,35-44,1,0
CUST01745,51,Male,Florida,Footwear,Spring,6,112.94,1,10,Debit Card,Standard,4.8,0.24,0.617,677.64,High,1,0,1,45-54,1,0
CUST01746,63,Female,Illinois,Clothing,Winter,1,90.38,0,0,Credit Card,Standard,1.8,0.14,0.15,90.38,Low,0,0,0,55-64,1,0
CUST01747,51,Male,Florida,Accessories,Fall,7,75.36,1,15,PayPal,Standard,4.0,0.25,0.675,527.52,High,1,0,0,45-54,0,0
CUST01748,46,Male,Texas,Clothing,Winter,2,109.89,1,10,Debit Card,Standard,4.1,0.07,0.617,219.78,Mid,1,0,0,45-54,1,0
CUST01749,21,Female,California,Clothing,Summer,23,201.19,0,0,Buy Now Pay Later,Standard,3.1,0.08,0.0,4627.37,High,0,1,0,18-24,1,0
CUST01750,34,Female,Washington,Clothing,Fall,5,128.52,0,0,Buy Now Pay Later,Free Shipping,1.0,0.41,0.15,642.6,High,0,0,0,25-34,1,0
CUST01751,52,Male,Florida,Clothing,Spring,5,91.31,0,0,PayPal,Free Shipping,5.0,0.48,0.0,456.55,Mid,1,0,0,45-54,1,0
CUST01752,30,Female,New York,Outerwear,Summer,19,213.03,0,0,Debit Card,Free Shipping,5.0,0.16,0.0,4047.57,High,1,1,1,25-34,1,0
CUST01753,58,Male,Virginia,Footwear,Summer,6,130.84,1,5,Debit Card,Free Shipping,5.0,0.26,0.558,785.04,High,1,0,0,55-64,1,0
CUST01754,56,Male,Georgia,Outerwear,Fall,6,30.49,0,0,PayPal,Standard,5.0,0.26,0.0,182.94,Low,1,0,0,55-64,0,0
CUST01755,32,Male,Virginia,Accessories,Fall,6,134.33,0,0,Credit Card,Standard,1.0,0.37,0.15,805.98,High,0,0,0,25-34,1,0
CUST01756,46,Male,Illinois,Clothing,Spring,7,136.6,0,0,Credit Card,Standard,1.0,0.24,0.15,956.1999999999999,High,0,1,0,45-54,1,0
CUST01757,46,Male,California,Clothing,Spring,3,65.51,1,15,Credit Card,Free Shipping,3.2,0.65,0.675,196.53000000000003,Low,0,0,0,45-54,0,1
CUST01758,28,Female,Colorado,Clothing,Fall,18,191.59,0,0,Credit Card,Overnight,4.3,0.23,0.0,3448.62,High,1,1,1,25-34,1,0
CUST01759,49,Female,Texas,Clothing,Fall,4,59.56,1,20,Credit Card,Standard,5.0,0.57,0.733,238.24,Mid,1,0,0,45-54,0,0
CUST01760,19,Female,Florida,Footwear,Summer,6,45.98,1,30,Debit Card,Standard,2.1,0.23,1.0,275.88,Mid,0,0,0,18-24,0,0
CUST01761,64,Male,California,Accessories,Spring,5,129.82,0,0,PayPal,Express,3.2,0.06,0.0,649.0999999999999,High,0,0,0,55-64,1,0
CUST01762,31,Male,North Carolina,Clothing,Spring,2,28.95,1,20,Debit Card,Express,4.9,0.21,0.733,57.9,Low,1,0,0,25-34,0,1
CUST01763,37,Male,California,Clothing,Summer,7,72.47,1,20,Credit Card,Free Shipping,1.0,0.04,0.883,507.28999999999996,High,0,0,0,35-44,0,0
CUST01764,39,Male,Massachusetts,Clothing,Summer,1,28.24,1,30,Credit Card,Standard,1.1,0.1,1.0,28.24,Low,0,0,0,35-44,0,1
CUST01765,28,Male,Virginia,Clothing,Summer,19,206.91,0,0,Debit Card,Free Shipping,3.2,0.01,0.0,3931.29,High,0,1,0,25-34,1,0
CUST01766,44,Female,Florida,Clothing,Fall,6,44.12,1,5,Credit Card,Express,1.1,0.4,0.708,264.71999999999997,Mid,0,0,0,35-44,0,0
CUST01767,20,Female,Georgia,Footwear,Winter,23,135.37,1,5,PayPal,Overnight,3.9,0.07,0.558,3113.51,High,0,0,0,18-24,1,0
CUST01768,34,Female,Washington,Clothing,Fall,1,104.23,0,0,Buy Now Pay Later,Free Shipping,4.3,0.49,0.0,104.23,Low,1,0,0,25-34,1,0
CUST01769,61,Male,Ohio,Footwear,Winter,28,130.48,0,0,Credit Card,Free Shipping,3.1,0.18,0.0,3653.4399999999996,High,0,1,0,55-64,1,0
CUST01770,45,Female,Florida,Clothing,Fall,6,85.16,0,0,Credit Card,Standard,4.8,0.56,0.0,510.96,High,1,0,0,45-54,0,0
CUST01771,46,Male,Ohio,Clothing,Spring,23,201.28,1,15,Debit Card,Standard,2.7,0.49,0.825,4629.44,High,0,0,0,45-54,1,0
CUST01772,38,Male,Florida,Footwear,Spring,4,70.18,0,0,Buy Now Pay Later,Express,1.0,0.03,0.15,280.72,Mid,0,0,0,35-44,0,0
CUST01773,64,Male,Tennessee,Accessories,Summer,6,112.62,0,0,PayPal,Express,1.0,0.22,0.15,675.72,High,0,0,0,55-64,1,0
CUST01774,33,Female,Florida,Clothing,Summer,5,133.97,0,0,Apple Pay,Express,1.9,0.25,0.15,669.85,High,0,0,0,25-34,1,0
CUST01775,54,Non-binary,Florida,Outerwear,Fall,7,73.65,0,0,Credit Card,Free Shipping,2.4,0.57,0.15,515.5500000000001,High,0,1,0,45-54,0,0
CUST01776,37,Male,Ohio,Clothing,Fall,2,105.98,0,0,Buy Now Pay Later,Standard,1.1,0.18,0.15,211.96,Low,0,0,0,35-44,1,0
CUST01777,23,Female,North Carolina,Clothing,Summer,1,17.0,1,15,Credit Card,Express,1.8,0.36,0.825,17.0,Low,0,0,0,18-24,0,1
CUST01778,36,Female,Illinois,Footwear,Fall,2,112.76,1,10,Credit Card,Standard,1.5,0.43,0.767,225.52,Mid,0,0,0,35-44,1,0
CUST01779,22,Male,Texas,Footwear,Winter,5,48.25,1,15,Apple Pay,Free Shipping,1.0,0.11,0.825,241.25,Mid,0,0,0,18-24,0,0
CUST01780,20,Male,Florida,Clothing,Summer,21,175.92,0,0,Buy Now Pay Later,Free Shipping,5.0,0.11,0.0,3694.3199999999997,High,1,1,1,18-24,1,0
CUST01781,18,Male,Tennessee,Clothing,Summer,15,157.92,1,10,Credit Card,Express,3.4,0.06,0.617,2368.7999999999997,High,0,0,0,18-24,1,0
CUST01782,55,Non-binary,Georgia,Outerwear,Summer,5,107.41,1,10,Credit Card,Standard,5.0,0.18,0.617,537.05,High,1,0,1,55-64,1,0
CUST01783,32,Male,North Carolina,Clothing,Spring,3,64.57,0,0,Credit Card,Free Shipping,4.3,0.41,0.0,193.70999999999998,Low,1,0,0,25-34,0,0
CUST01784,51,Female,California,Clothing,Spring,2,176.69,1,10,Credit Card,Overnight,1.0,0.42,0.767,353.38,Mid,0,0,0,45-54,1,0
CUST01785,52,Male,Florida,Accessories,Summer,3,82.8,1,10,Credit Card,Standard,1.9,0.1,0.767,248.39999999999998,Mid,0,0,0,45-54,0,0
CUST01786,42,Female,Arizona,Outerwear,Winter,6,134.07,1,20,Buy Now Pay Later,Free Shipping,1.0,0.39,0.883,804.42,High,0,0,0,35-44,1,0
CUST01787,41,Male,North Carolina,Clothing,Winter,3,85.51,0,0,PayPal,Free Shipping,3.2,0.42,0.0,256.53000000000003,Mid,0,0,0,35-44,1,0
CUST01788,29,Female,California,Footwear,Fall,3,69.99,1,5,PayPal,Express,1.7,0.16,0.708,209.96999999999997,Low,0,0,0,25-34,0,1
CUST01789,35,Female,Virginia,Accessories,Fall,6,109.18,0,0,PayPal,Express,1.1,0.17,0.15,655.08,High,0,0,0,35-44,1,0
CUST01790,32,Female,Illinois,Accessories,Winter,3,102.55,1,20,Debit Card,Standard,4.8,0.2,0.733,307.65,Mid,1,0,0,25-34,1,0
CUST01791,61,Female,Texas,Footwear,Winter,6,117.63,0,0,PayPal,Express,5.0,0.37,0.0,705.78,High,1,0,0,55-64,1,0
CUST01792,33,Male,New York,Outerwear,Fall,6,89.28,1,15,Debit Card,Express,1.9,0.66,0.825,535.6800000000001,High,0,0,0,25-34,1,0
CUST01793,44,Female,New York,Clothing,Summer,7,87.11,0,0,Credit Card,Standard,4.1,0.47,0.0,609.77,High,1,1,0,35-44,1,0
CUST01794,25,Male,Illinois,Clothing,Spring,11,184.27,1,5,Debit Card,Standard,4.6,0.05,0.558,2026.97,High,1,0,1,25-34,1,0
CUST01795,63,Male,California,Outerwear,Spring,6,100.03,0,0,Debit Card,Standard,2.7,0.34,0.15,600.1800000000001,High,0,0,0,55-64,1,0
CUST01796,42,Female,Texas,Footwear,Fall,1,64.39,1,20,Apple Pay,Standard,1.8,0.38,0.883,64.39,Low,0,0,0,35-44,0,1
CUST01797,34,Male,North Carolina,Accessories,Summer,3,63.92,1,20,Buy Now Pay Later,Express,3.2,0.28,0.733,191.76,Low,0,0,0,25-34,0,1
CUST01798,46,Female,California,Accessories,Spring,3,101.95,1,25,Debit Card,Express,2.1,0.63,0.942,305.85,Mid,0,0,0,45-54,1,0
CUST01799,25,Non-binary,Texas,Footwear,Summer,5,39.36,0,0,PayPal,Express,4.2,0.43,0.0,196.8,Low,1,0,0,25-34,0,0
CUST01800,32,Male,Florida,Footwear,Summer,5,104.54,1,10,Credit Card,Standard,1.0,0.31,0.767,522.7,High,0,0,0,25-34,1,0
CUST01801,44,Female,Illinois,Outerwear,Winter,7,101.16,1,10,PayPal,Express,2.1,0.07,0.767,708.12,High,0,0,0,35-44,1,0
CUST01802,63,Male,Georgia,Accessories,Summer,7,147.23,1,10,Debit Card,Free Shipping,1.0,0.38,0.767,1030.61,High,0,0,0,55-64,1,0
CUST01803,24,Male,Florida,Clothing,Fall,7,16.0,1,20,Credit Card,Express,1.8,0.1,0.883,112.0,Low,0,0,0,18-24,0,1
CUST01804,20,Male,Ohio,Footwear,Spring,10,227.4,0,0,Debit Card,Free Shipping,3.9,0.02,0.0,2274.0,High,0,1,0,18-24,1,0
CUST01805,46,Female,Washington,Accessories,Winter,3,54.14,0,0,PayPal,Express,3.0,0.14,0.0,162.42000000000002,Low,0,0,0,45-54,0,0
CUST01806,61,Female,California,Accessories,Winter,5,56.69,1,10,Credit Card,Express,1.1,0.16,0.767,283.45,Mid,0,0,0,55-64,0,0
CUST01807,41,Female,Texas,Accessories,Fall,1,94.67,1,20,Buy Now Pay Later,Standard,3.2,0.19,0.733,94.67,Low,0,0,0,35-44,1,1
CUST01808,20,Non-binary,Florida,Clothing,Fall,2,36.69,1,5,Credit Card,Overnight,2.1,0.5,0.708,73.38,Low,0,0,0,18-24,0,1
CUST01809,37,Male,Florida,Accessories,Fall,5,71.28,1,5,Buy Now Pay Later,Free Shipping,2.1,0.75,0.708,356.4,Mid,0,0,0,35-44,0,0
CUST01810,63,Male,Georgia,Footwear,Winter,6,51.86,1,15,PayPal,Free Shipping,4.4,0.21,0.675,311.15999999999997,Mid,1,0,0,55-64,0,0
CUST01811,32,Female,Washington,Footwear,Fall,5,71.21,1,5,Credit Card,Free Shipping,2.1,0.13,0.708,356.04999999999995,Mid,0,0,0,25-34,0,0
CUST01812,42,Female,New York,Accessories,Fall,1,100.5,1,25,Debit Card,Standard,4.0,0.34,0.792,100.5,Low,1,0,0,35-44,1,1
CUST01813,47,Male,Texas,Clothing,Spring,6,94.63,1,10,PayPal,Express,2.1,0.06,0.767,567.78,High,0,0,0,45-54,1,0
CUST01814,31,Male,Texas,Accessories,Spring,6,54.07,1,15,PayPal,Express,3.3,0.28,0.675,324.42,Mid,0,0,0,25-34,0,0
CUST01815,24,Female,Washington,Footwear,Fall,6,29.34,1,20,PayPal,Express,1.8,0.76,0.883,176.04,Low,0,0,0,18-24,0,1
CUST01816,34,Female,Florida,Accessories,Winter,6,88.26,1,15,Debit Card,Standard,1.0,0.25,0.825,529.5600000000001,High,0,0,0,25-34,1,0
CUST01817,61,Male,Illinois,Footwear,Fall,25,153.88,1,15,Debit Card,Free Shipping,4.3,0.28,0.675,3847.0,High,1,0,0,55-64,1,0
CUST01818,37,Male,Texas,Accessories,Fall,4,68.07,1,10,Buy Now Pay Later,Free Shipping,1.0,0.47,0.767,272.28,Mid,0,0,0,35-44,0,0
CUST01819,53,Female,Arizona,Clothing,Fall,6,68.79,1,10,Credit Card,Express,1.2,0.37,0.767,412.74,Mid,0,0,0,45-54,0,0
CUST01820,26,Female,Virginia,Footwear,Winter,6,123.9,0,0,Debit Card,Standard,4.3,0.16,0.0,743.4000000000001,High,1,0,1,25-34,1,0
CUST01821,55,Male,Texas,Clothing,Winter,24,229.15,0,0,Credit Card,Standard,3.7,0.09,0.0,5499.6,High,0,1,0,55-64,1,0
CUST01822,39,Female,Illinois,Accessories,Winter,1,70.65,0,0,PayPal,Overnight,2.9,0.37,0.15,70.65,Low,0,0,0,35-44,0,0
CUST01823,19,Male,Michigan,Clothing,Spring,5,53.08,0,0,PayPal,Standard,2.2,0.58,0.15,265.4,Mid,0,0,0,18-24,0,0
CUST01824,41,Male,New York,Clothing,Fall,2,49.7,1,15,Credit Card,Free Shipping,5.0,0.07,0.675,99.4,Low,1,0,0,35-44,0,1
CUST01825,25,Female,Washington,Accessories,Fall,7,117.09,0,0,Credit Card,Overnight,1.6,0.62,0.15,819.63,High,0,1,0,25-34,1,0
CUST01826,28,Female,California,Accessories,Spring,6,68.21,1,20,Credit Card,Express,4.9,0.39,0.733,409.26,Mid,1,0,0,25-34,0,0
CUST01827,30,Male,Washington,Footwear,Summer,7,58.63,1,25,Debit Card,Express,5.0,0.41,0.792,410.41,Mid,1,0,0,25-34,0,0
CUST01828,34,Female,California,Footwear,Spring,5,30.92,1,20,Debit Card,Standard,1.3,0.04,0.883,154.60000000000002,Low,0,0,0,25-34,0,1
CUST01829,25,Female,Tennessee,Footwear,Summer,15,227.27,0,0,Buy Now Pay Later,Free Shipping,3.0,0.06,0.0,3409.05,High,0,1,0,25-34,1,0
CUST01830,38,Female,Colorado,Accessories,Fall,7,103.76,0,0,Debit Card,Express,5.0,0.19,0.0,726.32,High,1,1,1,35-44,1,0
CUST01831,35,Female,Ohio,Footwear,Spring,12,207.61,0,0,Credit Card,Free Shipping,3.9,0.06,0.0,2491.32,High,0,1,0,35-44,1,0
CUST01832,47,Female,Colorado,Accessories,Spring,6,77.39,0,0,Apple Pay,Express,4.2,0.58,0.0,464.34000000000003,Mid,1,0,0,45-54,0,0
CUST01833,35,Female,Washington,Accessories,Fall,7,97.48,0,0,Debit Card,Overnight,2.3,0.43,0.15,682.36,High,0,1,0,35-44,1,0
CUST01834,63,Male,Florida,Accessories,Winter,3,86.06,1,20,Debit Card,Standard,3.2,0.41,0.733,258.18,Mid,0,0,0,55-64,1,0
CUST01835,64,Male,Virginia,Outerwear,Spring,1,109.29,0,0,Credit Card,Express,4.0,0.23,0.0,109.29,Low,1,0,0,55-64,1,0
CUST01836,48,Male,Tennessee,Clothing,Winter,3,67.61,1,10,Debit Card,Free Shipping,1.1,0.25,0.767,202.82999999999998,Low,0,0,0,45-54,0,1
CUST01837,55,Female,Illinois,Outerwear,Fall,7,80.86,0,0,Buy Now Pay Later,Free Shipping,3.2,0.3,0.0,566.02,High,0,1,0,55-64,0,0
CUST01838,49,Female,Tennessee,Clothing,Fall,7,103.45,0,0,Debit Card,Free Shipping,3.0,0.1,0.0,724.15,High,0,1,0,45-54,1,0
CUST01839,28,Male,Washington,Clothing,Spring,20,183.87,0,0,Credit Card,Standard,5.0,0.35,0.0,3677.4,High,1,1,0,25-34,1,0
CUST01840,62,Male,Illinois,Clothing,Winter,3,77.15,1,15,PayPal,Free Shipping,5.0,0.34,0.675,231.45000000000002,Mid,1,0,0,55-64,0,0
CUST01841,42,Female,Florida,Footwear,Summer,3,98.93,1,10,Apple Pay,Free Shipping,1.3,0.16,0.767,296.79,Mid,0,0,0,35-44,1,0
CUST01842,50,Male,Texas,Clothing,Fall,6,48.6,1,20,Credit Card,Standard,2.1,0.11,0.883,291.6,Mid,0,0,0,45-54,0,0
CUST01843,55,Female,California,Outerwear,Summer,6,30.26,1,25,Debit Card,Free Shipping,1.0,0.26,0.942,181.56,Low,0,0,0,55-64,0,1
CUST01844,58,Male,Texas,Footwear,Fall,7,108.0,1,20,Buy Now Pay Later,Standard,3.3,0.45,0.733,756.0,High,0,0,0,55-64,1,0
CUST01845,25,Female,Illinois,Footwear,Winter,5,57.34,0,0,Credit Card,Overnight,1.1,0.34,0.15,286.70000000000005,Mid,0,0,0,25-34,0,0
CUST01846,28,Female,New York,Accessories,Spring,20,168.07,0,0,PayPal,Standard,5.0,0.06,0.0,3361.3999999999996,High,1,1,1,25-34,1,0
CUST01847,39,Male,Florida,Outerwear,Summer,4,86.3,1,10,PayPal,Free Shipping,4.7,0.18,0.617,345.2,Mid,1,0,0,35-44,1,0
CUST01848,41,Male,Michigan,Footwear,Fall,1,50.5,1,5,PayPal,Standard,5.0,0.36,0.558,50.5,Low,1,0,0,35-44,0,1
CUST01849,58,Male,New York,Accessories,Spring,10,115.84,1,20,Debit Card,Express,3.4,0.27,0.733,1158.4,High,0,0,0,55-64,1,0
CUST01850,34,Female,Florida,Footwear,Fall,2,80.62,1,15,Credit Card,Express,3.5,0.23,0.675,161.24,Low,0,0,0,25-34,0,1
CUST01851,29,Female,California,Accessories,Summer,7,32.66,1,10,PayPal,Standard,1.5,0.5,0.767,228.61999999999998,Mid,0,0,0,25-34,0,0
CUST01852,63,Male,California,Accessories,Summer,1,108.61,0,0,Credit Card,Express,4.2,0.45,0.0,108.61,Low,1,0,0,55-64,1,0
CUST01853,49,Female,Ohio,Clothing,Summer,27,229.71,1,5,Debit Card,Standard,5.0,0.13,0.558,6202.17,High,1,0,1,45-54,1,0
CUST01854,32,Female,Washington,Accessories,Spring,5,160.16,0,0,Credit Card,Overnight,5.0,0.52,0.0,800.8,High,1,0,0,25-34,1,0
CUST01855,33,Male,Georgia,Clothing,Fall,3,90.0,0,0,Credit Card,Free Shipping,3.9,0.53,0.0,270.0,Mid,0,0,0,25-34,1,0
CUST01856,39,Male,California,Clothing,Spring,29,216.04,0,0,Buy Now Pay Later,Free Shipping,2.6,0.09,0.15,6265.16,High,0,1,0,35-44,1,0
CUST01857,45,Female,Washington,Footwear,Winter,6,112.64,0,0,Debit Card,Free Shipping,4.8,0.26,0.0,675.84,High,1,0,0,45-54,1,0
CUST01858,37,Female,Texas,Outerwear,Winter,5,122.64,0,0,Buy Now Pay Later,Standard,4.3,0.52,0.0,613.2,High,1,0,0,35-44,1,0
CUST01859,50,Female,Texas,Outerwear,Summer,1,37.93,0,0,Credit Card,Standard,3.9,0.28,0.0,37.93,Low,0,0,0,45-54,0,0
CUST01860,27,Female,California,Accessories,Summer,7,100.12,0,0,Debit Card,Express,1.9,0.25,0.15,700.84,High,0,1,0,25-34,1,0
CUST01861,57,Female,California,Footwear,Spring,4,97.06,0,0,Credit Card,Standard,1.5,0.57,0.15,388.24,Mid,0,0,0,55-64,1,0
CUST01862,49,Male,New York,Clothing,Fall,4,118.87,0,0,PayPal,Free Shipping,4.6,0.14,0.0,475.48,Mid,1,0,0,45-54,1,0
CUST01863,50,Female,California,Footwear,Winter,7,49.12,0,0,PayPal,Standard,3.2,0.29,0.0,343.84,Mid,0,1,0,45-54,0,0
CUST01864,19,Female,Michigan,Clothing,Summer,24,199.36,0,0,Credit Card,Free Shipping,4.9,0.06,0.0,4784.64,High,1,1,1,18-24,1,0
CUST01865,50,Female,New York,Clothing,Spring,3,79.56,1,20,Apple Pay,Standard,1.2,0.46,0.883,238.68,Mid,0,0,0,45-54,0,0
CUST01866,50,Male,California,Footwear,Fall,7,68.89,1,10,Credit Card,Free Shipping,2.8,0.34,0.767,482.23,Mid,0,0,0,45-54,0,0
CUST01867,58,Male,Texas,Clothing,Winter,5,178.54,0,0,PayPal,Standard,3.7,0.47,0.0,892.6999999999999,High,0,0,0,55-64,1,0
CUST01868,30,Male,Washington,Clothing,Winter,11,84.71,1,10,Buy Now Pay Later,Standard,3.9,0.03,0.617,931.81,High,0,0,0,25-34,0,0
CUST01869,47,Male,California,Footwear,Summer,10,138.27,1,20,Apple Pay,Overnight,4.9,0.07,0.733,1382.7,High,1,0,1,45-54,1,0
CUST01870,50,Male,Virginia,Clothing,Winter,7,53.67,0,0,Buy Now Pay Later,Standard,3.8,0.28,0.0,375.69,Mid,0,1,0,45-54,0,0
CUST01871,30,Female,Tennessee,Clothing,Fall,9,254.23,0,0,Credit Card,Overnight,3.8,0.04,0.0,2288.0699999999997,High,0,1,0,25-34,1,0
CUST01872,43,Female,Texas,Clothing,Fall,5,137.49,1,5,Credit Card,Express,2.0,0.1,0.708,687.45,High,0,0,0,35-44,1,0
CUST01873,39,Male,Florida,Clothing,Fall,11,194.69,0,0,Credit Card,Standard,3.9,0.01,0.0,2141.59,High,0,1,0,35-44,1,0
CUST01874,56,Female,California,Clothing,Spring,24,168.41,0,0,Debit Card,Free Shipping,3.8,0.08,0.0,4041.84,High,0,1,0,55-64,1,0
CUST01875,19,Male,Arizona,Footwear,Summer,1,126.25,1,10,PayPal,Express,3.4,0.54,0.617,126.25,Low,0,0,0,18-24,1,1
CUST01876,55,Male,Florida,Clothing,Fall,6,67.5,0,0,Credit Card,Overnight,2.1,0.46,0.15,405.0,Mid,0,0,0,55-64,0,0
CUST01877,56,Male,Texas,Footwear,Fall,5,60.53,0,0,PayPal,Express,1.0,0.2,0.15,302.65,Mid,0,0,0,55-64,0,0
CUST01878,43,Female,Texas,Clothing,Spring,5,81.21,1,10,Credit Card,Express,4.0,0.22,0.617,406.04999999999995,Mid,1,0,0,35-44,0,0
CUST01879,63,Male,Arizona,Accessories,Summer,5,75.0,0,0,Credit Card,Standard,4.1,0.15,0.0,375.0,Mid,1,0,0,55-64,0,0
CUST01880,32,Male,Florida,Footwear,Winter,4,73.19,0,0,PayPal,Standard,5.0,0.49,0.0,292.76,Mid,1,0,0,25-34,0,0
CUST01881,51,Male,Texas,Footwear,Winter,4,59.3,0,0,Debit Card,Express,1.8,0.24,0.15,237.2,Mid,0,0,0,45-54,0,0
CUST01882,59,Female,Colorado,Footwear,Fall,5,81.8,1,15,Apple Pay,Express,3.7,0.36,0.675,409.0,Mid,0,0,0,55-64,0,0
CUST01883,61,Male,Washington,Outerwear,Spring,17,183.67,0,0,Credit Card,Standard,2.5,0.09,0.15,3122.39,High,0,1,0,55-64,1,0
CUST01884,57,Female,Virginia,Clothing,Summer,1,81.09,1,10,PayPal,Overnight,4.4,0.49,0.617,81.09,Low,1,0,0,55-64,0,1
CUST01885,28,Female,California,Accessories,Fall,1,81.53,0,0,Credit Card,Overnight,1.0,0.2,0.15,81.53,Low,0,0,0,25-34,0,0
CUST01886,20,Female,Ohio,Outerwear,Winter,3,95.99,1,10,Credit Card,Standard,5.0,0.26,0.617,287.96999999999997,Mid,1,0,0,18-24,1,0
CUST01887,23,Female,Colorado,Clothing,Fall,21,197.83,0,0,PayPal,Standard,3.0,0.18,0.0,4154.43,High,0,1,0,18-24,1,0
CUST01888,26,Male,California,Clothing,Summer,3,85.0,1,5,Apple Pay,Express,1.2,0.3,0.708,255.0,Mid,0,0,0,25-34,0,0
CUST01889,23,Male,Colorado,Clothing,Fall,4,71.46,1,10,Credit Card,Standard,3.0,0.33,0.617,285.84,Mid,0,0,0,18-24,0,0
CUST01890,26,Female,Florida,Footwear,Spring,23,207.89,0,0,Credit Card,Standard,4.7,0.19,0.0,4781.469999999999,High,1,1,1,25-34,1,0
CUST01891,56,Male,Tennessee,Clothing,Fall,24,143.98,0,0,Debit Card,Standard,2.8,0.05,0.15,3455.5199999999995,High,0,1,0,55-64,1,0
CUST01892,48,Female,California,Clothing,Winter,3,18.0,1,10,Credit Card,Free Shipping,4.9,0.12,0.617,54.0,Low,1,0,0,45-54,0,1
CUST01893,49,Female,Arizona,Accessories,Spring,7,106.4,0,0,Apple Pay,Overnight,3.7,0.24,0.0,744.8000000000001,High,0,1,0,45-54,1,0
CUST01894,58,Female,New York,Footwear,Summer,14,226.8,0,0,PayPal,Standard,2.8,0.02,0.15,3175.2000000000003,High,0,1,0,55-64,1,0
CUST01895,29,Female,Tennessee,Clothing,Winter,1,66.49,0,0,Credit Card,Standard,1.8,0.02,0.15,66.49,Low,0,0,0,25-34,0,0
CUST01896,25,Non-binary,New York,Clothing,Fall,9,183.69,1,10,Debit Card,Overnight,4.9,0.18,0.617,1653.21,High,1,0,1,25-34,1,0
CUST01897,25,Female,Tennessee,Footwear,Summer,6,58.84,0,0,PayPal,Express,2.9,0.06,0.15,353.04,Mid,0,0,0,25-34,0,0
CUST01898,45,Male,Massachusetts,Outerwear,Spring,2,72.64,0,0,Credit Card,Free Shipping,3.0,0.48,0.0,145.28,Low,0,0,0,45-54,0,0
CUST01899,37,Female,Texas,Footwear,Fall,1,108.33,1,20,PayPal,Free Shipping,5.0,0.37,0.733,108.33,Low,1,0,0,35-44,1,1
CUST01900,64,Male,Ohio,Footwear,Fall,6,102.46,1,30,Credit Card,Express,5.0,0.48,0.85,614.76,High,1,0,0,55-64,1,0
CUST01901,24,Male,Michigan,Clothing,Fall,12,157.06,1,10,PayPal,Standard,3.7,0.14,0.617,1884.72,High,0,0,0,18-24,1,0
CUST01902,28,Female,Texas,Clothing,Spring,2,88.56,1,15,Credit Card,Free Shipping,1.0,0.18,0.825,177.12,Low,0,0,0,25-34,1,1
CUST01903,37,Male,Florida,Accessories,Fall,15,171.13,0,0,Apple Pay,Free Shipping,5.0,0.11,0.0,2566.95,High,1,1,1,35-44,1,0
CUST01904,33,Male,Illinois,Footwear,Spring,6,80.43,1,10,Debit Card,Express,2.9,0.37,0.767,482.58000000000004,Mid,0,0,0,25-34,0,0
CUST01905,21,Male,New York,Accessories,Winter,7,56.5,1,20,Credit Card,Overnight,5.0,0.48,0.733,395.5,Mid,1,0,0,18-24,0,0
CUST01906,23,Female,California,Footwear,Winter,6,25.29,1,15,Apple Pay,Standard,1.1,0.21,0.825,151.74,Low,0,0,0,18-24,0,1
CUST01907,39,Female,Texas,Outerwear,Fall,2,105.92,1,15,Credit Card,Standard,5.0,0.26,0.675,211.84,Low,1,0,0,35-44,1,1
CUST01908,43,Female,New York,Clothing,Winter,16,147.72,1,15,Debit Card,Overnight,2.7,0.1,0.825,2363.52,High,0,0,0,35-44,1,0
CUST01909,20,Male,Florida,Clothing,Summer,1,92.87,1,15,Debit Card,Free Shipping,3.8,0.15,0.675,92.87,Low,0,0,0,18-24,1,1
CUST01910,58,Female,Texas,Clothing,Summer,8,134.29,1,20,Credit Card,Express,5.0,0.02,0.733,1074.32,High,1,0,1,55-64,1,0
CUST01911,59,Female,Virginia,Clothing,Summer,1,15.0,1,25,Apple Pay,Free Shipping,1.0,0.42,0.942,15.0,Low,0,0,0,55-64,0,1
CUST01912,31,Male,Colorado,Clothing,Fall,28,175.07,1,15,PayPal,Standard,3.7,0.33,0.675,4901.96,High,0,0,0,25-34,1,0
CUST01913,28,Male,California,Outerwear,Fall,18,158.52,0,0,Credit Card,Standard,3.3,0.18,0.0,2853.36,High,0,1,0,25-34,1,0
CUST01914,35,Male,Arizona,Clothing,Fall,1,61.14,1,20,PayPal,Express,3.8,0.34,0.733,61.14,Low,0,0,0,35-44,0,1
CUST01915,29,Non-binary,Arizona,Clothing,Winter,3,95.7,1,10,Debit Card,Standard,4.7,0.23,0.617,287.1,Mid,1,0,0,25-34,1,0
CUST01916,40,Female,Tennessee,Clothing,Winter,14,170.81,1,5,Apple Pay,Express,3.8,0.11,0.558,2391.34,High,0,0,0,35-44,1,0
CUST01917,29,Female,California,Outerwear,Fall,3,75.02,1,15,Credit Card,Standard,5.0,0.47,0.675,225.06,Mid,1,0,0,25-34,0,0
CUST01918,30,Male,Texas,Footwear,Fall,22,140.93,0,0,Debit Card,Free Shipping,3.9,0.09,0.0,3100.46,High,0,1,0,25-34,1,0
CUST01919,42,Female,Massachusetts,Outerwear,Summer,13,187.92,1,20,Debit Card,Free Shipping,2.7,0.25,0.883,2442.96,High,0,0,0,35-44,1,0
CUST01920,62,Female,Tennessee,Outerwear,Winter,1,65.88,1,30,Debit Card,Express,1.0,0.57,1.0,65.88,Low,0,0,0,55-64,0,1
CUST01921,36,Female,Georgia,Accessories,Spring,5,139.01,0,0,Debit Card,Standard,2.0,0.19,0.15,695.05,High,0,0,0,35-44,1,0
CUST01922,63,Non-binary,Georgia,Clothing,Fall,19,224.57,0,0,Credit Card,Express,4.2,0.02,0.0,4266.83,High,1,1,1,55-64,1,0
CUST01923,53,Male,California,Clothing,Summer,20,181.34,0,0,PayPal,Free Shipping,4.2,0.01,0.0,3626.8,High,1,1,1,45-54,1,0
CUST01924,62,Male,Illinois,Clothing,Spring,6,110.2,0,0,Debit Card,Express,1.0,0.13,0.15,661.2,High,0,0,0,55-64,1,0
CUST01925,25,Female,Texas,Footwear,Fall,6,31.46,1,15,Buy Now Pay Later,Standard,2.9,0.29,0.825,188.76,Low,0,0,0,25-34,0,1
CUST01926,46,Female,Texas,Clothing,Summer,3,42.96,1,15,Credit Card,Standard,1.4,0.2,0.825,128.88,Low,0,0,0,45-54,0,1
CUST01927,49,Female,North Carolina,Clothing,Fall,4,75.42,0,0,PayPal,Standard,1.2,0.39,0.15,301.68,Mid,0,0,0,45-54,0,0
CUST01928,61,Male,California,Footwear,Fall,7,107.09,0,0,Buy Now Pay Later,Standard,1.0,0.05,0.15,749.63,High,0,1,0,55-64,1,0
CUST01929,35,Female,Florida,Footwear,Summer,6,76.48,1,25,PayPal,Free Shipping,1.0,0.27,0.942,458.88,Mid,0,0,0,35-44,0,0
CUST01930,23,Male,Tennessee,Footwear,Summer,5,73.78,0,0,Apple Pay,Free Shipping,1.9,0.05,0.15,368.9,Mid,0,0,0,18-24,0,0
CUST01931,35,Male,Texas,Clothing,Summer,3,36.92,1,5,Apple Pay,Standard,4.7,0.38,0.558,110.76,Low,1,0,0,35-44,0,1
CUST01932,36,Female,Michigan,Footwear,Fall,6,178.89,0,0,Debit Card,Standard,1.8,0.37,0.15,1073.34,High,0,0,0,35-44,1,0
CUST01933,39,Female,Michigan,Accessories,Winter,6,64.0,1,30,PayPal,Standard,3.8,0.21,0.85,384.0,Mid,0,0,0,35-44,0,0
CUST01934,54,Male,Illinois,Clothing,Summer,2,113.7,0,0,Credit Card,Free Shipping,2.0,0.64,0.15,227.4,Mid,0,0,0,45-54,1,0
CUST01935,49,Male,Texas,Footwear,Fall,1,71.36,1,30,Debit Card,Express,4.0,0.18,0.85,71.36,Low,1,0,0,45-54,0,1
CUST01936,58,Male,New York,Outerwear,Summer,6,96.35,1,30,Credit Card,Overnight,2.9,0.32,1.0,578.0999999999999,High,0,0,0,55-64,1,0
CUST01937,20,Male,Florida,Clothing,Winter,6,43.06,1,10,PayPal,Express,4.7,0.13,0.617,258.36,Mid,1,0,0,18-24,0,0
CUST01938,45,Female,New York,Clothing,Winter,2,73.33,1,25,Debit Card,Express,1.0,0.46,0.942,146.66,Low,0,0,0,45-54,0,1
CUST01939,27,Female,New York,Accessories,Spring,22,183.0,0,0,Debit Card,Standard,3.9,0.05,0.0,4026.0,High,0,1,0,25-34,1,0
CUST01940,52,Male,Michigan,Clothing,Fall,3,39.99,1,15,Credit Card,Standard,2.6,0.3,0.825,119.97,Low,0,0,0,45-54,0,1
CUST01941,46,Female,Texas,Outerwear,Winter,3,111.0,1,15,Buy Now Pay Later,Express,5.0,0.3,0.675,333.0,Mid,1,0,0,45-54,1,0
CUST01942,32,Female,Georgia,Clothing,Summer,2,51.97,0,0,Credit Card,Express,3.9,0.26,0.0,103.94,Low,0,0,0,25-34,0,0
CUST01943,50,Female,California,Footwear,Summer,2,86.62,1,15,Credit Card,Standard,2.9,0.32,0.825,173.24,Low,0,0,0,45-54,1,1
CUST01944,24,Male,Washington,Footwear,Winter,4,122.41,1,15,Credit Card,Standard,1.0,0.27,0.825,489.64,Mid,0,0,0,18-24,1,0
CUST01945,29,Female,Massachusetts,Accessories,Summer,27,156.96,1,15,Buy Now Pay Later,Standard,4.0,0.02,0.675,4237.92,High,1,0,1,25-34,1,0
CUST01946,47,Male,New York,Clothing,Spring,2,47.44,1,10,Buy Now Pay Later,Express,3.0,0.12,0.617,94.88,Low,0,0,0,45-54,0,1
CUST01947,38,Male,Texas,Clothing,Winter,1,101.24,1,15,PayPal,Express,1.0,0.11,0.825,101.24,Low,0,0,0,35-44,1,1
CUST01948,48,Male,Arizona,Clothing,Fall,6,73.97,1,30,Apple Pay,Free Shipping,4.1,0.32,0.85,443.82,Mid,1,0,0,45-54,0,0
CUST01949,41,Female,Colorado,Clothing,Spring,5,43.71,0,0,Credit Card,Standard,2.9,0.25,0.15,218.55,Low,0,0,0,35-44,0,0
CUST01950,37,Male,Colorado,Clothing,Fall,3,20.05,0,0,Buy Now Pay Later,Standard,1.2,0.33,0.15,60.150000000000006,Low,0,0,0,35-44,0,0
CUST01951,54,Male,New York,Footwear,Winter,2,85.22,0,0,Credit Card,Standard,4.2,0.08,0.0,170.44,Low,1,0,0,45-54,0,0
CUST01952,21,Male,Texas,Clothing,Spring,5,101.85,1,20,Credit Card,Express,1.3,0.24,0.883,509.25,High,0,0,0,18-24,1,0
CUST01953,45,Female,Tennessee,Footwear,Summer,3,177.5,1,5,Credit Card,Express,1.8,0.42,0.708,532.5,High,0,0,0,45-54,1,0
CUST01954,61,Female,Massachusetts,Accessories,Fall,4,63.8,0,0,Debit Card,Overnight,4.3,0.2,0.0,255.2,Mid,1,0,0,55-64,0,0
CUST01955,37,Male,Florida,Footwear,Spring,3,68.53,1,25,PayPal,Standard,2.0,0.27,0.942,205.59,Low,0,0,0,35-44,0,1
CUST01956,41,Female,North Carolina,Outerwear,Winter,2,48.61,0,0,Debit Card,Express,3.1,0.22,0.0,97.22,Low,0,0,0,35-44,0,0
CUST01957,49,Female,Florida,Clothing,Fall,5,140.54,0,0,Buy Now Pay Later,Free Shipping,3.1,0.44,0.0,702.6999999999999,High,0,0,0,45-54,1,0
CUST01958,58,Female,Florida,Outerwear,Fall,5,72.19,1,25,Debit Card,Free Shipping,3.1,0.28,0.792,360.95,Mid,0,0,0,55-64,0,0
CUST01959,53,Male,Texas,Footwear,Spring,5,90.36,1,10,Credit Card,Free Shipping,3.8,0.07,0.617,451.8,Mid,0,0,0,45-54,1,0
CUST01960,51,Female,Florida,Footwear,Summer,3,80.58,1,10,Debit Card,Free Shipping,5.0,0.25,0.617,241.74,Mid,1,0,0,45-54,0,0
CUST01961,53,Female,Illinois,Footwear,Spring,12,119.88,1,10,PayPal,Free Shipping,3.1,0.03,0.617,1438.56,High,0,0,0,45-54,1,0
CUST01962,19,Female,California,Accessories,Winter,7,99.35,1,15,Apple Pay,Standard,3.7,0.35,0.675,695.4499999999999,High,0,0,0,18-24,1,0
CUST01963,32,Male,Florida,Clothing,Summer,1,120.99,0,0,Debit Card,Standard,4.9,0.27,0.0,120.99,Low,1,0,0,25-34,1,0
CUST01964,51,Female,Ohio,Clothing,Summer,23,195.15,0,0,Debit Card,Standard,4.8,0.03,0.0,4488.45,High,1,1,1,45-54,1,0
CUST01965,53,Female,Colorado,Accessories,Fall,2,122.08,0,0,Credit Card,Overnight,1.7,0.38,0.15,244.16,Mid,0,0,0,45-54,1,0
CUST01966,23,Female,Arizona,Outerwear,Fall,3,46.49,1,10,PayPal,Free Shipping,5.0,0.21,0.617,139.47,Low,1,0,0,18-24,0,1
CUST01967,56,Male,Massachusetts,Footwear,Winter,1,70.34,1,10,Buy Now Pay Later,Standard,4.7,0.08,0.617,70.34,Low,1,0,0,55-64,0,1
CUST01968,59,Male,California,Clothing,Spring,3,85.11,1,15,Credit Card,Express,1.7,0.42,0.825,255.32999999999998,Mid,0,0,0,55-64,0,0
CUST01969,29,Female,Illinois,Footwear,Summer,8,98.58,1,10,Apple Pay,Overnight,4.4,0.11,0.617,788.64,High,1,0,1,25-34,1,0
CUST01970,20,Female,Ohio,Footwear,Spring,2,40.5,1,10,Debit Card,Free Shipping,4.9,0.13,0.617,81.0,Low,1,0,0,18-24,0,1
CUST01971,62,Male,Illinois,Clothing,Winter,25,175.99,0,0,Credit Card,Express,3.1,0.01,0.0,4399.75,High,0,1,0,55-64,1,0
CUST01972,35,Female,New York,Clothing,Summer,2,90.35,0,0,Buy Now Pay Later,Free Shipping,1.2,0.11,0.15,180.7,Low,0,0,0,35-44,1,0
CUST01973,57,Male,California,Clothing,Spring,4,151.51,1,25,Debit Card,Standard,1.2,0.23,0.942,606.04,High,0,0,0,55-64,1,0
CUST01974,38,Female,Virginia,Outerwear,Summer,7,110.8,1,15,Credit Card,Standard,1.0,0.07,0.825,775.6,High,0,0,0,35-44,1,0
CUST01975,32,Female,Florida,Footwear,Spring,3,56.95,1,5,Credit Card,Express,2.0,0.05,0.708,170.85000000000002,Low,0,0,0,25-34,0,1
CUST01976,50,Female,Virginia,Clothing,Winter,6,44.59,1,25,Credit Card,Standard,3.1,0.51,0.792,267.54,Mid,0,0,0,45-54,0,0
CUST01977,52,Female,Washington,Clothing,Summer,6,40.46,1,15,Apple Pay,Standard,4.0,0.18,0.675,242.76,Mid,1,0,0,45-54,0,0
CUST01978,43,Male,Colorado,Footwear,Summer,7,111.42,0,0,PayPal,Overnight,5.0,0.23,0.0,779.94,High,1,1,1,35-44,1,0
CUST01979,25,Female,Ohio,Outerwear,Winter,7,71.64,0,0,Apple Pay,Free Shipping,1.9,0.48,0.15,501.48,High,0,1,0,25-34,0,0
CUST01980,53,Male,Arizona,Footwear,Spring,7,80.28,0,0,Credit Card,Overnight,4.0,0.1,0.0,561.96,High,1,1,1,45-54,0,0
CUST01981,47,Female,Florida,Footwear,Spring,12,118.7,0,0,Credit Card,Standard,5.0,0.01,0.0,1424.4,High,1,1,1,45-54,1,0
CUST01982,40,Female,Illinois,Clothing,Fall,5,165.31,0,0,Credit Card,Express,4.9,0.37,0.0,826.55,High,1,0,0,35-44,1,0
CUST01983,59,Female,Ohio,Accessories,Winter,6,111.01,1,15,Debit Card,Standard,3.0,0.39,0.675,666.0600000000001,High,0,0,0,55-64,1,0
CUST01984,61,Male,New York,Clothing,Winter,8,185.8,1,20,Buy Now Pay Later,Standard,5.0,0.28,0.733,1486.4,High,1,0,0,55-64,1,0
CUST01985,31,Female,New York,Footwear,Fall,23,222.21,0,0,PayPal,Express,4.1,0.19,0.0,5110.83,High,1,1,1,25-34,1,0
CUST01986,31,Male,California,Clothing,Winter,22,75.59,1,20,Credit Card,Standard,5.0,0.5,0.733,1662.98,High,1,0,0,25-34,0,0
CUST01987,19,Male,Massachusetts,Footwear,Summer,3,49.06,1,5,Apple Pay,Standard,4.7,0.45,0.558,147.18,Low,1,0,0,18-24,0,1
CUST01988,54,Female,California,Clothing,Summer,6,117.91,1,10,PayPal,Free Shipping,1.0,0.25,0.767,707.46,High,0,0,0,45-54,1,0
CUST01989,22,Male,Arizona,Footwear,Summer,10,119.92,1,30,Credit Card,Standard,4.0,0.0,0.85,1199.2,High,1,0,1,18-24,1,0
CUST01990,55,Female,Florida,Clothing,Summer,7,50.15,1,5,Apple Pay,Free Shipping,5.0,0.11,0.558,351.05,Mid,1,0,0,55-64,0,0
CUST01991,62,Male,Florida,Accessories,Fall,7,86.31,1,20,Credit Card,Express,1.1,0.21,0.883,604.1700000000001,High,0,0,0,55-64,1,0
CUST01992,58,Male,Colorado,Footwear,Winter,3,79.41,1,20,Credit Card,Free Shipping,3.2,0.23,0.733,238.23,Mid,0,0,0,55-64,0,0
CUST01993,64,Female,California,Clothing,Fall,7,29.66,0,0,Credit Card,Standard,1.8,0.2,0.15,207.62,Low,0,1,0,55-64,0,0
CUST01994,31,Female,Washington,Outerwear,Winter,23,135.44,1,15,Debit Card,Express,2.8,0.23,0.825,3115.12,High,0,0,0,25-34,1,0
CUST01995,56,Male,Ohio,Accessories,Fall,4,72.56,0,0,Debit Card,Standard,2.1,0.2,0.15,290.24,Mid,0,0,0,55-64,0,0
CUST01996,42,Female,North Carolina,Accessories,Winter,2,97.88,0,0,Credit Card,Free Shipping,2.2,0.2,0.15,195.76,Low,0,0,0,35-44,1,0
CUST01997,37,Female,Texas,Footwear,Fall,6,55.44,1,30,Credit Card,Standard,4.0,0.14,0.85,332.64,Mid,1,0,0,35-44,0,0
CUST01998,19,Female,Massachusetts,Outerwear,Fall,6,98.16,0,0,PayPal,Standard,1.0,0.23,0.15,588.96,High,0,0,0,18-24,1,0
CUST01999,56,Male,Arizona,Accessories,Spring,1,57.04,1,10,Buy Now Pay Later,Free Shipping,3.7,0.2,0.617,57.04,Low,0,0,0,55-64,0,1
CUST02000,23,Female,Virginia,Outerwear,Winter,12,124.75,0,0,PayPal,Standard,3.1,0.0,0.0,1497.0,High,0,1,0,18-24,1,0
CUST02001,34,Female,Florida,Clothing,Winter,2,34.91,1,10,Credit Card,Standard,1.0,0.41,0.767,69.82,Low,0,0,0,25-34,0,1
CUST02002,42,Female,Illinois,Clothing,Winter,16,115.62,1,20,Credit Card,Standard,4.9,0.03,0.733,1849.92,High,1,0,1,35-44,1,0
CUST02003,45,Male,Massachusetts,Accessories,Fall,2,70.24,0,0,Credit Card,Overnight,3.2,0.08,0.0,140.48,Low,0,0,0,45-54,0,0
CUST02004,19,Female,Massachusetts,Clothing,Winter,7,32.94,1,5,Credit Card,Standard,5.0,0.19,0.558,230.57999999999998,Mid,1,0,0,18-24,0,0
CUST02005,52,Female,Florida,Accessories,Spring,4,74.07,1,15,Debit Card,Express,3.0,0.41,0.675,296.28,Mid,0,0,0,45-54,0,0
CUST02006,54,Female,Texas,Clothing,Spring,5,141.7,0,0,PayPal,Standard,1.2,0.25,0.15,708.5,High,0,0,0,45-54,1,0
CUST02007,22,Male,Florida,Accessories,Summer,1,54.14,1,10,PayPal,Express,5.0,0.38,0.617,54.14,Low,1,0,0,18-24,0,1
CUST02008,18,Female,New York,Footwear,Summer,7,125.79,0,0,PayPal,Free Shipping,1.9,0.16,0.15,880.5300000000001,High,0,1,0,18-24,1,0
CUST02009,57,Female,New York,Accessories,Summer,5,90.21,1,5,Credit Card,Express,3.8,0.14,0.558,451.04999999999995,Mid,0,0,0,55-64,1,0
CUST02010,29,Male,Texas,Outerwear,Winter,6,17.0,1,15,Credit Card,Express,3.8,0.17,0.675,102.0,Low,0,0,0,25-34,0,1
CUST02011,53,Male,Virginia,Footwear,Winter,1,145.64,1,15,PayPal,Standard,4.1,0.35,0.675,145.64,Low,1,0,0,45-54,1,1
CUST02012,62,Female,California,Clothing,Fall,7,45.06,1,15,Credit Card,Standard,2.8,0.13,0.825,315.42,Mid,0,0,0,55-64,0,0
CUST02013,40,Male,Colorado,Clothing,Summer,4,85.79,0,0,Credit Card,Standard,3.9,0.45,0.0,343.16,Mid,0,0,0,35-44,1,0
CUST02014,64,Non-binary,Texas,Clothing,Spring,6,98.43,0,0,Debit Card,Express,2.9,0.56,0.15,590.58,High,0,0,0,55-64,1,0
CUST02015,48,Female,New York,Footwear,Winter,5,83.81,0,0,Credit Card,Express,3.3,0.23,0.0,419.05,Mid,0,0,0,45-54,0,0
CUST02016,28,Female,California,Clothing,Winter,2,113.64,0,0,Credit Card,Free Shipping,3.2,0.42,0.0,227.28,Mid,0,0,0,25-34,1,0
CUST02017,27,Male,Texas,Clothing,Spring,5,115.13,1,10,Apple Pay,Standard,1.7,0.33,0.767,575.65,High,0,0,0,25-34,1,0
CUST02018,20,Male,Georgia,Outerwear,Spring,6,40.05,1,25,Apple Pay,Express,1.3,0.18,0.942,240.29999999999998,Mid,0,0,0,18-24,0,0
CUST02019,31,Female,Virginia,Footwear,Winter,7,77.21,0,0,Credit Card,Express,1.8,0.32,0.15,540.4699999999999,High,0,1,0,25-34,0,0
CUST02020,33,Male,Texas,Clothing,Winter,29,195.78,1,20,Credit Card,Express,4.0,0.11,0.733,5677.62,High,1,0,1,25-34,1,0
CUST02021,27,Female,Florida,Clothing,Winter,4,55.1,1,10,PayPal,Free Shipping,1.8,0.38,0.767,220.4,Mid,0,0,0,25-34,0,0
CUST02022,46,Male,Florida,Outerwear,Summer,4,80.02,1,10,Credit Card,Standard,2.9,0.46,0.767,320.08,Mid,0,0,0,45-54,0,0
CUST02023,27,Male,Virginia,Outerwear,Fall,17,187.59,1,10,Debit Card,Standard,4.8,0.06,0.617,3189.03,High,1,0,1,25-34,1,0
CUST02024,29,Male,Georgia,Clothing,Winter,1,28.4,0,0,Credit Card,Overnight,4.3,0.12,0.0,28.4,Low,1,0,0,25-34,0,0
CUST02025,47,Female,Illinois,Accessories,Summer,5,71.73,1,10,Credit Card,Standard,2.0,0.19,0.767,358.65000000000003,Mid,0,0,0,45-54,0,0
CUST02026,58,Non-binary,Colorado,Footwear,Summer,2,38.77,1,30,PayPal,Standard,1.0,0.33,1.0,77.54,Low,0,0,0,55-64,0,1
CUST02027,18,Male,North Carolina,Footwear,Fall,7,90.97,1,15,Apple Pay,Standard,3.8,0.61,0.675,636.79,High,0,0,0,18-24,1,0
CUST02028,22,Male,California,Footwear,Spring,2,93.36,1,10,Credit Card,Standard,4.7,0.41,0.617,186.72,Low,1,0,0,18-24,1,1
CUST02029,37,Male,Florida,Accessories,Winter,3,101.44,1,15,Credit Card,Express,2.9,0.27,0.825,304.32,Mid,0,0,0,35-44,1,0
CUST02030,25,Female,Massachusetts,Outerwear,Winter,13,149.51,0,0,Credit Card,Standard,3.1,0.01,0.0,1943.6299999999999,High,0,1,0,25-34,1,0
CUST02031,60,Male,Georgia,Clothing,Summer,6,82.53,1,15,Credit Card,Express,2.0,0.33,0.825,495.18,High,0,0,0,55-64,0,0
CUST02032,29,Female,Illinois,Clothing,Fall,2,82.25,0,0,Buy Now Pay Later,Express,5.0,0.22,0.0,164.5,Low,1,0,0,25-34,0,0
CUST02033,18,Female,Illinois,Footwear,Fall,4,24.15,1,10,PayPal,Express,1.0,0.24,0.767,96.6,Low,0,0,0,18-24,0,1
CUST02034,37,Female,New York,Accessories,Summer,2,31.89,0,0,Debit Card,Free Shipping,2.0,0.02,0.15,63.78,Low,0,0,0,35-44,0,0
CUST02035,45,Male,Illinois,Outerwear,Spring,8,203.93,0,0,PayPal,Standard,5.0,0.25,0.0,1631.44,High,1,1,0,45-54,1,0
CUST02036,60,Non-binary,Arizona,Clothing,Fall,3,85.05,0,0,Apple Pay,Free Shipping,2.0,0.21,0.15,255.14999999999998,Mid,0,0,0,55-64,0,0
CUST02037,54,Male,Florida,Footwear,Summer,4,108.26,1,15,Apple Pay,Express,2.2,0.46,0.825,433.04,Mid,0,0,0,45-54,1,0
CUST02038,64,Male,Colorado,Clothing,Fall,16,147.08,0,0,Credit Card,Free Shipping,4.1,0.03,0.0,2353.28,High,1,1,1,55-64,1,0
CUST02039,54,Female,Virginia,Footwear,Fall,1,78.25,1,20,Credit Card,Express,3.2,0.16,0.733,78.25,Low,0,0,0,45-54,0,1
CUST02040,29,Female,Texas,Clothing,Fall,2,88.06,0,0,PayPal,Express,2.1,0.2,0.15,176.12,Low,0,0,0,25-34,1,0
CUST02041,54,Male,Florida,Footwear,Fall,7,36.76,1,30,Debit Card,Free Shipping,5.0,0.65,0.85,257.32,Mid,1,0,0,45-54,0,0
CUST02042,61,Male,Florida,Footwear,Winter,5,61.44,1,10,Buy Now Pay Later,Free Shipping,4.2,0.41,0.617,307.2,Mid,1,0,0,55-64,0,0
CUST02043,45,Female,Colorado,Clothing,Spring,22,148.45,0,0,PayPal,Standard,5.0,0.2,0.0,3265.8999999999996,High,1,1,1,45-54,1,0
CUST02044,64,Male,Texas,Clothing,Winter,7,41.62,0,0,Buy Now Pay Later,Standard,1.0,0.36,0.15,291.34,Mid,0,1,0,55-64,0,0
CUST02045,32,Female,Arizona,Accessories,Winter,9,181.9,0,0,Credit Card,Express,3.2,0.22,0.0,1637.1000000000001,High,0,1,0,25-34,1,0
CUST02046,23,Female,Virginia,Footwear,Fall,3,128.82,1,5,Apple Pay,Free Shipping,1.0,0.41,0.708,386.46,Mid,0,0,0,18-24,1,0
CUST02047,61,Male,Florida,Clothing,Spring,5,141.07,0,0,Credit Card,Standard,3.2,0.19,0.0,705.3499999999999,High,0,0,0,55-64,1,0
CUST02048,37,Male,Massachusetts,Clothing,Winter,2,103.7,1,5,Buy Now Pay Later,Overnight,4.0,0.48,0.558,207.4,Low,1,0,0,35-44,1,1
CUST02049,31,Male,Michigan,Clothing,Winter,5,77.48,1,20,Credit Card,Overnight,1.2,0.59,0.883,387.40000000000003,Mid,0,0,0,25-34,0,0
CUST02050,19,Female,California,Outerwear,Winter,3,20.0,0,0,Debit Card,Free Shipping,2.3,0.26,0.15,60.0,Low,0,0,0,18-24,0,0
CUST02051,26,Female,Texas,Clothing,Summer,5,44.54,1,10,PayPal,Express,5.0,0.13,0.617,222.7,Mid,1,0,0,25-34,0,0
CUST02052,54,Male,Tennessee,Clothing,Winter,4,31.29,1,15,Debit Card,Express,3.9,0.5,0.675,125.16,Low,0,0,0,45-54,0,1
CUST02053,37,Female,Tennessee,Footwear,Spring,2,51.24,1,25,Debit Card,Free Shipping,4.8,0.23,0.792,102.48,Low,1,0,0,35-44,0,1
CUST02054,43,Non-binary,California,Footwear,Fall,19,148.79,0,0,Buy Now Pay Later,Express,5.0,0.05,0.0,2827.0099999999998,High,1,1,1,35-44,1,0
CUST02055,46,Male,California,Clothing,Fall,2,65.96,1,30,Debit Card,Overnight,1.0,0.26,1.0,131.92,Low,0,0,0,45-54,0,1
CUST02056,18,Female,Texas,Outerwear,Winter,6,83.36,1,15,PayPal,Standard,3.1,0.29,0.675,500.15999999999997,High,0,0,0,18-24,0,0
CUST02057,52,Male,Michigan,Footwear,Winter,4,101.53,0,0,Credit Card,Overnight,4.9,0.44,0.0,406.12,Mid,1,0,0,45-54,1,0
CUST02058,23,Male,Texas,Accessories,Fall,3,55.91,1,5,Apple Pay,Standard,1.8,0.65,0.708,167.73,Low,0,0,0,18-24,0,1
CUST02059,54,Male,Illinois,Clothing,Spring,6,77.09,0,0,PayPal,Standard,5.0,0.34,0.0,462.54,Mid,1,0,0,45-54,0,0
CUST02060,22,Male,North Carolina,Outerwear,Winter,6,92.43,0,0,Debit Card,Overnight,3.1,0.22,0.0,554.58,High,0,0,0,18-24,1,0
CUST02061,50,Male,California,Clothing,Fall,6,123.98,0,0,Credit Card,Express,1.0,0.6,0.15,743.88,High,0,0,0,45-54,1,0
CUST02062,31,Male,Washington,Clothing,Winter,29,197.62,0,0,Debit Card,Overnight,2.8,0.06,0.15,5730.9800000000005,High,0,1,0,25-34,1,0
CUST02063,29,Female,Texas,Clothing,Winter,2,69.14,1,10,Credit Card,Standard,2.4,0.2,0.767,138.28,Low,0,0,0,25-34,0,1
CUST02064,59,Female,Virginia,Footwear,Summer,5,29.26,1,20,Credit Card,Express,1.0,0.58,0.883,146.3,Low,0,0,0,55-64,0,1
CUST02065,37,Female,New York,Accessories,Fall,5,45.21,1,20,PayPal,Express,4.5,0.09,0.733,226.05,Mid,1,0,0,35-44,0,0
CUST02066,41,Male,Colorado,Footwear,Winter,19,151.91,0,0,Credit Card,Express,5.0,0.02,0.0,2886.29,High,1,1,1,35-44,1,0
CUST02067,60,Male,Colorado,Clothing,Spring,24,146.11,0,0,Credit Card,Standard,5.0,0.11,0.0,3506.6400000000003,High,1,1,1,55-64,1,0
CUST02068,51,Male,Texas,Footwear,Winter,1,28.61,1,15,PayPal,Overnight,5.0,0.14,0.675,28.61,Low,1,0,0,45-54,0,1
CUST02069,42,Female,California,Footwear,Spring,16,156.58,0,0,Credit Card,Free Shipping,4.0,0.07,0.0,2505.28,High,1,1,1,35-44,1,0
CUST02070,46,Female,Florida,Clothing,Spring,26,202.1,0,0,Credit Card,Standard,4.0,0.01,0.0,5254.599999999999,High,1,1,1,45-54,1,0
CUST02071,56,Male,New York,Footwear,Winter,3,63.87,1,15,Credit Card,Standard,3.3,0.65,0.675,191.60999999999999,Low,0,0,0,55-64,0,1
CUST02072,48,Male,Ohio,Clothing,Winter,2,107.19,1,10,Debit Card,Overnight,5.0,0.34,0.617,214.38,Low,1,0,0,45-54,1,1
CUST02073,64,Female,Ohio,Footwear,Spring,4,75.28,1,20,PayPal,Overnight,1.1,0.23,0.883,301.12,Mid,0,0,0,55-64,0,0
CUST02074,60,Male,Florida,Clothing,Winter,1,46.25,1,10,PayPal,Overnight,2.9,0.04,0.767,46.25,Low,0,0,0,55-64,0,1
CUST02075,40,Male,Washington,Accessories,Fall,3,51.11,1,15,Credit Card,Overnight,5.0,0.3,0.675,153.32999999999998,Low,1,0,0,35-44,0,1
CUST02076,61,Female,Washington,Outerwear,Fall,7,81.55,1,20,Credit Card,Standard,2.2,0.12,0.883,570.85,High,0,0,0,55-64,0,0
CUST02077,55,Female,North Carolina,Outerwear,Summer,4,96.86,0,0,Credit Card,Standard,2.2,0.38,0.15,387.44,Mid,0,0,0,55-64,1,0
CUST02078,37,Male,Florida,Clothing,Summer,5,51.82,1,15,Debit Card,Standard,4.1,0.23,0.675,259.1,Mid,1,0,0,35-44,0,0
CUST02079,40,Male,Texas,Accessories,Summer,1,19.0,1,5,Buy Now Pay Later,Standard,4.2,0.2,0.558,19.0,Low,1,0,0,35-44,0,1
CUST02080,62,Non-binary,Texas,Clothing,Summer,2,95.72,0,0,Credit Card,Overnight,4.1,0.34,0.0,191.44,Low,1,0,0,55-64,1,0
CUST02081,33,Male,Illinois,Outerwear,Winter,6,51.14,1,30,Credit Card,Standard,2.9,0.21,1.0,306.84000000000003,Mid,0,0,0,25-34,0,0
CUST02082,59,Male,Florida,Accessories,Winter,5,123.79,1,15,Credit Card,Free Shipping,2.1,0.14,0.825,618.95,High,0,0,0,55-64,1,0
CUST02083,25,Male,Florida,Clothing,Summer,5,73.03,0,0,PayPal,Free Shipping,2.4,0.28,0.15,365.15,Mid,0,0,0,25-34,0,0
CUST02084,38,Male,California,Clothing,Fall,4,71.52,1,15,PayPal,Free Shipping,3.0,0.08,0.675,286.08,Mid,0,0,0,35-44,0,0
CUST02085,18,Male,Colorado,Outerwear,Fall,7,69.8,1,10,PayPal,Free Shipping,2.3,0.24,0.767,488.59999999999997,Mid,0,0,0,18-24,0,0
CUST02086,25,Female,Texas,Accessories,Winter,3,90.28,1,10,Apple Pay,Express,2.2,0.18,0.767,270.84000000000003,Mid,0,0,0,25-34,1,0
CUST02087,46,Male,Texas,Clothing,Spring,6,93.93,1,5,Debit Card,Free Shipping,5.0,0.38,0.558,563.58,High,1,0,0,45-54,1,0
CUST02088,49,Male,Florida,Clothing,Fall,3,45.86,0,0,Credit Card,Standard,2.3,0.09,0.15,137.57999999999998,Low,0,0,0,45-54,0,0
CUST02089,55,Female,Texas,Clothing,Summer,4,32.66,1,15,Credit Card,Standard,4.6,0.27,0.675,130.64,Low,1,0,0,55-64,0,1
CUST02090,22,Female,Washington,Footwear,Summer,5,105.06,1,15,PayPal,Free Shipping,3.6,0.36,0.675,525.3,High,0,0,0,18-24,1,0
CUST02091,64,Female,New York,Outerwear,Fall,1,51.43,1,25,PayPal,Standard,1.3,0.2,0.942,51.43,Low,0,0,0,55-64,0,1
CUST02092,39,Female,Florida,Outerwear,Winter,5,88.52,1,15,Debit Card,Free Shipping,4.9,0.24,0.675,442.59999999999997,Mid,1,0,0,35-44,1,0
CUST02093,64,Male,Illinois,Accessories,Summer,4,72.96,0,0,PayPal,Overnight,2.0,0.45,0.15,291.84,Mid,0,0,0,55-64,0,0
CUST02094,51,Female,Texas,Footwear,Summer,22,191.92,0,0,PayPal,Free Shipping,4.4,0.2,0.0,4222.24,High,1,1,1,45-54,1,0
CUST02095,18,Male,Texas,Accessories,Winter,6,93.71,1,30,Apple Pay,Standard,1.0,0.61,1.0,562.26,High,0,0,0,18-24,1,0
CUST02096,43,Non-binary,Virginia,Clothing,Spring,16,105.81,1,20,Debit Card,Overnight,5.0,0.03,0.733,1692.96,High,1,0,1,35-44,1,0
CUST02097,60,Female,Florida,Outerwear,Fall,5,93.66,1,10,PayPal,Standard,3.9,0.27,0.617,468.29999999999995,Mid,0,0,0,55-64,1,0
CUST02098,27,Non-binary,Florida,Clothing,Spring,5,51.7,0,0,Credit Card,Free Shipping,4.1,0.1,0.0,258.5,Mid,1,0,0,25-34,0,0
CUST02099,47,Female,California,Clothing,Summer,1,82.47,1,25,PayPal,Standard,1.0,0.44,0.942,82.47,Low,0,0,0,45-54,0,1
CUST02100,35,Male,Illinois,Outerwear,Fall,2,80.41,1,15,Apple Pay,Overnight,1.3,0.57,0.825,160.82,Low,0,0,0,35-44,0,1
CUST02101,34,Female,Illinois,Clothing,Summer,2,60.02,0,0,Debit Card,Standard,1.9,0.3,0.15,120.04,Low,0,0,0,25-34,0,0
CUST02102,43,Non-binary,Illinois,Footwear,Summer,3,56.66,1,25,PayPal,Standard,4.8,0.42,0.792,169.98,Low,1,0,0,35-44,0,1
CUST02103,25,Female,Colorado,Outerwear,Summer,2,82.49,0,0,PayPal,Express,4.9,0.25,0.0,164.98,Low,1,0,0,25-34,0,0
CUST02104,64,Male,Texas,Accessories,Winter,2,54.76,1,15,Credit Card,Standard,1.0,0.38,0.825,109.52,Low,0,0,0,55-64,0,1
CUST02105,57,Female,Texas,Clothing,Summer,13,140.1,1,5,Debit Card,Overnight,3.9,0.09,0.558,1821.3,High,0,0,0,55-64,1,0
CUST02106,29,Male,North Carolina,Clothing,Fall,18,169.39,0,0,Credit Card,Standard,4.9,0.01,0.0,3049.0199999999995,High,1,1,1,25-34,1,0
CUST02107,44,Male,Tennessee,Clothing,Spring,5,68.87,0,0,Buy Now Pay Later,Standard,1.2,0.71,0.15,344.35,Mid,0,0,0,35-44,0,0
CUST02108,25,Male,California,Accessories,Summer,21,147.29,1,15,Apple Pay,Express,3.3,0.07,0.675,3093.0899999999997,High,0,0,0,25-34,1,0
CUST02109,42,Male,Illinois,Footwear,Spring,5,56.77,1,30,Credit Card,Standard,2.1,0.28,1.0,283.85,Mid,0,0,0,35-44,0,0
CUST02110,63,Female,Texas,Accessories,Winter,19,230.63,0,0,Credit Card,Standard,3.9,0.0,0.0,4381.97,High,0,1,0,55-64,1,0
CUST02111,21,Male,California,Accessories,Spring,1,68.57,1,25,Debit Card,Free Shipping,4.9,0.17,0.792,68.57,Low,1,0,0,18-24,0,1
CUST02112,50,Female,New York,Accessories,Winter,7,121.07,0,0,Credit Card,Standard,1.6,0.33,0.15,847.49,High,0,1,0,45-54,1,0
CUST02113,18,Male,California,Accessories,Summer,5,62.04,0,0,Credit Card,Standard,3.1,0.02,0.0,310.2,Mid,0,0,0,18-24,0,0
CUST02114,36,Male,Colorado,Outerwear,Winter,23,193.88,0,0,Debit Card,Standard,3.9,0.1,0.0,4459.24,High,0,1,0,35-44,1,0
CUST02115,48,Male,Illinois,Clothing,Summer,2,94.65,1,10,Debit Card,Express,3.3,0.14,0.617,189.3,Low,0,0,0,45-54,1,1
CUST02116,33,Male,California,Footwear,Spring,1,93.18,1,15,Credit Card,Express,2.7,0.22,0.825,93.18,Low,0,0,0,25-34,1,1
CUST02117,31,Male,California,Accessories,Summer,12,175.16,0,0,Apple Pay,Standard,4.9,0.09,0.0,2101.92,High,1,1,1,25-34,1,0
CUST02118,22,Male,Ohio,Clothing,Summer,2,83.83,0,0,Apple Pay,Free Shipping,3.0,0.16,0.0,167.66,Low,0,0,0,18-24,0,0
CUST02119,58,Female,Texas,Clothing,Summer,7,53.46,1,5,PayPal,Standard,4.1,0.15,0.558,374.22,Mid,1,0,0,55-64,0,0
CUST02120,43,Male,Washington,Clothing,Summer,8,146.09,0,0,Apple Pay,Express,4.4,0.01,0.0,1168.72,High,1,1,1,35-44,1,0
CUST02121,45,Male,New York,Footwear,Summer,1,74.06,0,0,Credit Card,Standard,4.7,0.28,0.0,74.06,Low,1,0,0,45-54,0,0
CUST02122,19,Male,Washington,Clothing,Summer,4,59.36,1,20,Credit Card,Express,1.0,0.42,0.883,237.44,Mid,0,0,0,18-24,0,0
CUST02123,23,Female,New York,Outerwear,Spring,2,70.3,0,0,Credit Card,Free Shipping,4.7,0.51,0.0,140.6,Low,1,0,0,18-24,0,0
CUST02124,26,Female,California,Accessories,Summer,2,35.38,1,25,PayPal,Express,4.2,0.37,0.792,70.76,Low,1,0,0,25-34,0,1
CUST02125,50,Female,Texas,Outerwear,Fall,1,83.78,1,20,Buy Now Pay Later,Free Shipping,3.9,0.13,0.733,83.78,Low,0,0,0,45-54,0,1
CUST02126,58,Male,Texas,Clothing,Fall,7,109.15,0,0,PayPal,Standard,3.0,0.11,0.0,764.0500000000001,High,0,1,0,55-64,1,0
CUST02127,42,Male,Florida,Clothing,Summer,4,82.75,0,0,Apple Pay,Standard,4.0,0.12,0.0,331.0,Mid,1,0,0,35-44,0,0
CUST02128,30,Female,Arizona,Clothing,Summer,17,145.04,1,30,PayPal,Standard,3.0,0.04,0.85,2465.68,High,0,0,0,25-34,1,0
CUST02129,26,Male,Texas,Clothing,Summer,4,64.77,0,0,Debit Card,Standard,4.0,0.62,0.0,259.08,Mid,1,0,0,25-34,0,0
CUST02130,30,Male,California,Outerwear,Winter,3,75.58,1,10,Debit Card,Standard,4.8,0.35,0.617,226.74,Mid,1,0,0,25-34,0,0
CUST02131,48,Male,Illinois,Clothing,Fall,4,103.3,1,10,Credit Card,Standard,3.0,0.26,0.617,413.2,Mid,0,0,0,45-54,1,0
CUST02132,58,Male,Washington,Accessories,Winter,2,28.92,1,25,Credit Card,Express,2.8,0.32,0.942,57.84,Low,0,0,0,55-64,0,1
CUST02133,28,Male,Tennessee,Clothing,Winter,5,59.02,1,10,PayPal,Standard,4.2,0.16,0.617,295.1,Mid,1,0,0,25-34,0,0
CUST02134,21,Female,Washington,Accessories,Fall,1,85.67,1,5,Debit Card,Standard,1.0,0.23,0.708,85.67,Low,0,0,0,18-24,1,1
CUST02135,51,Male,Florida,Footwear,Summer,6,100.31,1,10,Debit Card,Standard,2.8,0.38,0.767,601.86,High,0,0,0,45-54,1,0
CUST02136,55,Female,Washington,Footwear,Fall,2,34.92,1,10,Debit Card,Free Shipping,2.5,0.28,0.767,69.84,Low,0,0,0,55-64,0,1
CUST02137,63,Male,Massachusetts,Footwear,Summer,6,53.27,1,10,Credit Card,Standard,2.3,0.17,0.767,319.62,Mid,0,0,0,55-64,0,0
CUST02138,21,Male,North Carolina,Clothing,Winter,1,17.0,1,15,Debit Card,Overnight,3.5,0.21,0.675,17.0,Low,0,0,0,18-24,0,1
CUST02139,55,Female,New York,Outerwear,Summer,6,130.83,0,0,Debit Card,Express,3.9,0.5,0.0,784.98,High,0,0,0,55-64,1,0
CUST02140,36,Male,Texas,Footwear,Winter,19,202.03,0,0,Debit Card,Express,4.8,0.06,0.0,3838.57,High,1,1,1,35-44,1,0
CUST02141,23,Female,Texas,Accessories,Fall,1,92.13,1,10,Apple Pay,Standard,4.2,0.33,0.617,92.13,Low,1,0,0,18-24,1,1
CUST02142,51,Female,Illinois,Accessories,Spring,2,135.02,0,0,Debit Card,Standard,5.0,0.13,0.0,270.04,Mid,1,0,0,45-54,1,0
CUST02143,35,Male,Georgia,Outerwear,Summer,22,181.28,1,10,PayPal,Express,5.0,0.14,0.617,3988.16,High,1,0,1,35-44,1,0
CUST02144,30,Female,Illinois,Accessories,Summer,2,17.48,1,20,Apple Pay,Standard,1.0,0.17,0.883,34.96,Low,0,0,0,25-34,0,1
CUST02145,58,Male,California,Footwear,Summer,7,114.49,1,5,Apple Pay,Standard,4.8,0.26,0.558,801.43,High,1,0,0,55-64,1,0
CUST02146,40,Female,Georgia,Accessories,Spring,3,90.82,1,20,Apple Pay,Standard,5.0,0.12,0.733,272.46,Mid,1,0,0,35-44,1,0
CUST02147,36,Male,Ohio,Clothing,Winter,1,106.76,1,10,Credit Card,Free Shipping,4.9,0.18,0.617,106.76,Low,1,0,0,35-44,1,1
CUST02148,62,Female,New York,Footwear,Summer,2,16.0,1,20,Credit Card,Express,1.0,0.39,0.883,32.0,Low,0,0,0,55-64,0,1
CUST02149,28,Male,Arizona,Footwear,Winter,4,54.6,1,15,Credit Card,Express,2.9,0.39,0.825,218.4,Low,0,0,0,25-34,0,1
CUST02150,18,Female,Florida,Accessories,Summer,4,24.25,1,5,Credit Card,Express,1.4,0.19,0.708,97.0,Low,0,0,0,18-24,0,1
CUST02151,41,Female,Virginia,Footwear,Fall,7,54.61,1,20,Apple Pay,Free Shipping,3.9,0.21,0.733,382.27,Mid,0,0,0,35-44,0,0
CUST02152,24,Female,North Carolina,Clothing,Fall,6,113.28,0,0,PayPal,Express,1.9,0.45,0.15,679.6800000000001,High,0,0,0,18-24,1,0
CUST02153,42,Female,Illinois,Footwear,Winter,2,122.72,1,20,Credit Card,Express,4.1,0.44,0.733,245.44,Mid,1,0,0,35-44,1,0
CUST02154,38,Female,Colorado,Outerwear,Summer,19,143.57,1,20,Credit Card,Free Shipping,5.0,0.01,0.733,2727.83,High,1,0,1,35-44,1,0
CUST02155,32,Female,Virginia,Outerwear,Summer,25,162.89,1,5,Credit Card,Overnight,5.0,0.03,0.558,4072.2499999999995,High,1,0,1,25-34,1,0
CUST02156,18,Male,Illinois,Clothing,Fall,1,57.01,1,15,PayPal,Standard,2.2,0.12,0.825,57.01,Low,0,0,0,18-24,0,1
CUST02157,29,Male,New York,Accessories,Summer,3,62.34,1,5,PayPal,Standard,5.0,0.27,0.558,187.02,Low,1,0,0,25-34,0,1
CUST02158,24,Male,Georgia,Footwear,Fall,5,89.74,1,10,Apple Pay,Free Shipping,4.7,0.21,0.617,448.7,Mid,1,0,0,18-24,1,0
CUST02159,32,Male,Texas,Accessories,Fall,24,179.82,0,0,Buy Now Pay Later,Free Shipping,4.0,0.26,0.0,4315.68,High,1,1,0,25-34,1,0
CUST02160,38,Male,New York,Accessories,Fall,6,94.58,1,10,Credit Card,Express,1.8,0.29,0.767,567.48,High,0,0,0,35-44,1,0
CUST02161,36,Female,Virginia,Outerwear,Winter,2,80.33,0,0,Credit Card,Express,2.7,0.06,0.15,160.66,Low,0,0,0,35-44,0,0
CUST02162,46,Male,Georgia,Accessories,Winter,6,136.09,0,0,Credit Card,Express,3.1,0.04,0.0,816.54,High,0,0,0,45-54,1,0
CUST02163,42,Female,Florida,Accessories,Spring,3,101.99,1,15,Debit Card,Express,4.7,0.44,0.675,305.96999999999997,Mid,1,0,0,35-44,1,0
CUST02164,50,Male,Texas,Clothing,Summer,8,138.42,0,0,Apple Pay,Overnight,3.1,0.07,0.0,1107.36,High,0,1,0,45-54,1,0
CUST02165,49,Male,New York,Clothing,Summer,5,94.99,1,15,Debit Card,Standard,4.7,0.32,0.675,474.95,Mid,1,0,0,45-54,1,0
CUST02166,52,Female,New York,Clothing,Spring,3,93.99,0,0,PayPal,Free Shipping,3.9,0.41,0.0,281.96999999999997,Mid,0,0,0,45-54,1,0
CUST02167,61,Female,Texas,Outerwear,Fall,5,56.7,1,5,Debit Card,Free Shipping,3.9,0.49,0.558,283.5,Mid,0,0,0,55-64,0,0
CUST02168,55,Female,Georgia,Accessories,Winter,8,221.26,0,0,Credit Card,Express,5.0,0.02,0.0,1770.08,High,1,1,1,55-64,1,0
CUST02169,43,Female,Texas,Accessories,Spring,4,66.96,1,30,Credit Card,Standard,4.1,0.27,0.85,267.84,Mid,1,0,0,35-44,0,0
CUST02170,28,Male,Florida,Footwear,Summer,4,82.74,1,15,Debit Card,Standard,1.0,0.47,0.825,330.96,Mid,0,0,0,25-34,0,0
CUST02171,52,Female,New York,Footwear,Winter,2,101.39,1,10,PayPal,Express,1.0,0.25,0.767,202.78,Low,0,0,0,45-54,1,1
CUST02172,25,Male,Michigan,Footwear,Summer,3,104.9,0,0,Credit Card,Overnight,1.3,0.41,0.15,314.70000000000005,Mid,0,0,0,25-34,1,0
CUST02173,63,Male,Florida,Clothing,Summer,4,113.37,1,5,PayPal,Express,4.3,0.2,0.558,453.48,Mid,1,0,0,55-64,1,0
CUST02174,31,Male,California,Footwear,Fall,6,31.6,1,25,Apple Pay,Standard,2.7,0.22,0.942,189.60000000000002,Low,0,0,0,25-34,0,1
CUST02175,27,Male,California,Clothing,Spring,7,134.15,0,0,Debit Card,Express,1.3,0.48,0.15,939.0500000000001,High,0,1,0,25-34,1,0
CUST02176,19,Male,Washington,Clothing,Fall,1,98.77,0,0,PayPal,Free Shipping,5.0,0.16,0.0,98.77,Low,1,0,0,18-24,1,0
CUST02177,63,Female,Washington,Clothing,Spring,7,70.2,1,25,Debit Card,Standard,3.0,0.19,0.792,491.40000000000003,Mid,0,0,0,55-64,0,0
CUST02178,26,Female,Florida,Clothing,Summer,6,50.06,1,15,PayPal,Express,2.0,0.1,0.825,300.36,Mid,0,0,0,25-34,0,0
CUST02179,20,Male,Florida,Clothing,Summer,4,53.43,0,0,PayPal,Free Shipping,3.9,0.25,0.0,213.72,Low,0,0,0,18-24,0,0
CUST02180,38,Male,California,Footwear,Fall,4,52.59,0,0,Buy Now Pay Later,Express,4.7,0.28,0.0,210.36,Low,1,0,0,35-44,0,0
CUST02181,43,Male,Illinois,Clothing,Spring,3,57.9,1,15,Credit Card,Overnight,2.1,0.05,0.825,173.7,Low,0,0,0,35-44,0,1
CUST02182,25,Male,Illinois,Footwear,Fall,5,87.08,0,0,Debit Card,Express,4.0,0.38,0.0,435.4,Mid,1,0,0,25-34,1,0
CUST02183,19,Female,California,Clothing,Fall,1,30.16,1,20,Credit Card,Free Shipping,4.1,0.4,0.733,30.16,Low,1,0,0,18-24,0,1
CUST02184,23,Male,California,Clothing,Fall,14,160.96,0,0,Credit Card,Standard,5.0,0.05,0.0,2253.44,High,1,1,1,18-24,1,0
CUST02185,45,Female,California,Accessories,Winter,5,82.06,1,20,PayPal,Express,4.5,0.33,0.733,410.3,Mid,1,0,0,45-54,0,0
CUST02186,46,Male,California,Outerwear,Fall,3,43.36,1,10,Apple Pay,Standard,4.2,0.35,0.617,130.07999999999998,Low,1,0,0,45-54,0,1
CUST02187,43,Non-binary,Washington,Outerwear,Fall,19,151.84,0,0,Debit Card,Standard,5.0,0.03,0.0,2884.96,High,1,1,1,35-44,1,0
CUST02188,42,Male,Texas,Outerwear,Winter,19,112.36,0,0,Credit Card,Standard,4.6,0.07,0.0,2134.84,High,1,1,1,35-44,1,0
CUST02189,29,Female,Texas,Footwear,Fall,7,49.26,1,15,Credit Card,Standard,1.1,0.12,0.825,344.82,Mid,0,0,0,25-34,0,0
CUST02190,22,Male,Texas,Footwear,Summer,26,183.28,1,5,Debit Card,Free Shipping,4.3,0.01,0.558,4765.28,High,1,0,1,18-24,1,0
CUST02191,51,Female,Tennessee,Footwear,Winter,22,169.45,0,0,Credit Card,Free Shipping,4.9,0.11,0.0,3727.8999999999996,High,1,1,1,45-54,1,0
CUST02192,54,Male,Virginia,Footwear,Spring,1,73.76,1,15,Credit Card,Standard,5.0,0.37,0.675,73.76,Low,1,0,0,45-54,0,1
CUST02193,32,Male,Texas,Clothing,Summer,1,116.83,0,0,PayPal,Express,3.1,0.89,0.0,116.83,Low,0,0,0,25-34,1,0
CUST02194,61,Female,New York,Accessories,Winter,7,126.34,0,0,Credit Card,Express,4.1,0.28,0.0,884.38,High,1,1,0,55-64,1,0
CUST02195,53,Female,Texas,Clothing,Summer,7,93.95,0,0,Debit Card,Free Shipping,3.8,0.16,0.0,657.65,High,0,1,0,45-54,1,0
CUST02196,32,Female,Illinois,Accessories,Fall,7,24.52,0,0,PayPal,Express,3.3,0.17,0.0,171.64,Low,0,1,0,25-34,0,0
CUST02197,60,Female,California,Accessories,Spring,4,35.75,1,25,Credit Card,Standard,3.8,0.26,0.792,143.0,Low,0,0,0,55-64,0,1
CUST02198,40,Female,Colorado,Clothing,Winter,4,122.11,1,10,PayPal,Free Shipping,1.0,0.07,0.767,488.44,Mid,0,0,0,35-44,1,0
CUST02199,23,Male,Illinois,Clothing,Winter,2,115.2,0,0,PayPal,Overnight,4.6,0.39,0.0,230.4,Mid,1,0,0,18-24,1,0
CUST02200,63,Male,Massachusetts,Clothing,Winter,6,107.96,0,0,PayPal,Express,4.2,0.15,0.0,647.76,High,1,0,1,55-64,1,0
CUST02201,61,Male,Texas,Outerwear,Spring,5,56.69,1,5,Debit Card,Free Shipping,2.1,0.19,0.708,283.45,Mid,0,0,0,55-64,0,0
CUST02202,60,Female,Ohio,Clothing,Spring,25,204.38,1,15,Credit Card,Free Shipping,5.0,0.14,0.675,5109.5,High,1,0,1,55-64,1,0
CUST02203,62,Male,Ohio,Clothing,Summer,17,191.49,0,0,Apple Pay,Express,5.0,0.01,0.0,3255.33,High,1,1,1,55-64,1,0
CUST02204,38,Male,California,Outerwear,Summer,3,59.86,1,10,PayPal,Express,4.1,0.26,0.617,179.57999999999998,Low,1,0,0,35-44,0,1
CUST02205,40,Female,Florida,Accessories,Fall,20,245.92,0,0,Credit Card,Free Shipping,3.9,0.12,0.0,4918.4,High,0,1,0,35-44,1,0
CUST02206,60,Female,Texas,Clothing,Winter,1,108.65,1,20,Credit Card,Standard,1.8,0.46,0.883,108.65,Low,0,0,0,55-64,1,1
CUST02207,33,Male,Texas,Clothing,Spring,5,73.23,1,10,Credit Card,Standard,2.7,0.24,0.767,366.15000000000003,Mid,0,0,0,25-34,0,0
CUST02208,64,Male,Texas,Clothing,Spring,6,71.48,1,15,Credit Card,Standard,2.0,0.24,0.825,428.88,Mid,0,0,0,55-64,0,0
CUST02209,32,Male,Illinois,Clothing,Winter,25,140.85,0,0,Debit Card,Free Shipping,4.7,0.16,0.0,3521.25,High,1,1,1,25-34,1,0
CUST02210,42,Male,Florida,Clothing,Summer,5,61.25,1,10,Credit Card,Overnight,3.0,0.4,0.617,306.25,Mid,0,0,0,35-44,0,0
CUST02211,53,Male,Tennessee,Accessories,Spring,5,75.86,1,5,Credit Card,Standard,2.0,0.34,0.708,379.3,Mid,0,0,0,45-54,0,0
CUST02212,28,Female,California,Footwear,Fall,4,87.9,0,0,PayPal,Free Shipping,4.9,0.36,0.0,351.6,Mid,1,0,0,25-34,1,0
CUST02213,32,Female,Michigan,Accessories,Fall,2,66.81,0,0,Credit Card,Overnight,1.2,0.48,0.15,133.62,Low,0,0,0,25-34,0,0
CUST02214,21,Female,Texas,Footwear,Winter,5,102.09,0,0,PayPal,Free Shipping,1.8,0.35,0.15,510.45000000000005,High,0,0,0,18-24,1,0
CUST02215,38,Male,Ohio,Clothing,Fall,28,109.27,0,0,PayPal,Standard,3.6,0.28,0.0,3059.56,High,0,1,0,35-44,1,0
CUST02216,30,Female,New York,Clothing,Fall,3,91.79,0,0,Credit Card,Express,3.0,0.07,0.0,275.37,Mid,0,0,0,25-34,1,0
CUST02217,39,Male,California,Footwear,Summer,6,50.35,0,0,PayPal,Overnight,4.9,0.37,0.0,302.1,Mid,1,0,0,35-44,0,0
CUST02218,36,Male,Virginia,Clothing,Fall,5,90.86,1,20,PayPal,Express,2.0,0.46,0.883,454.3,Mid,0,0,0,35-44,1,0
CUST02219,51,Female,New York,Outerwear,Winter,6,129.54,1,10,Debit Card,Overnight,4.8,0.13,0.617,777.24,High,1,0,1,45-54,1,0
CUST02220,31,Male,Arizona,Accessories,Winter,6,99.83,1,10,Credit Card,Free Shipping,2.1,0.32,0.767,598.98,High,0,0,0,25-34,1,0
CUST02221,21,Male,Washington,Footwear,Fall,7,46.95,1,20,Debit Card,Standard,3.8,0.43,0.733,328.65000000000003,Mid,0,0,0,18-24,0,0
CUST02222,63,Female,Florida,Clothing,Fall,2,30.17,0,0,Buy Now Pay Later,Free Shipping,1.8,0.15,0.15,60.34,Low,0,0,0,55-64,0,0
CUST02223,44,Male,Illinois,Clothing,Summer,1,80.74,0,0,PayPal,Standard,1.1,0.37,0.15,80.74,Low,0,0,0,35-44,0,0
CUST02224,46,Female,Georgia,Footwear,Summer,5,100.42,1,5,Credit Card,Standard,4.0,0.27,0.558,502.1,High,1,0,0,45-54,1,0
CUST02225,64,Male,California,Footwear,Winter,3,61.17,0,0,PayPal,Standard,2.8,0.1,0.15,183.51,Low,0,0,0,55-64,0,0
CUST02226,45,Female,Arizona,Clothing,Fall,7,59.04,1,20,Debit Card,Standard,1.8,0.42,0.883,413.28,Mid,0,0,0,45-54,0,0
CUST02227,52,Male,Massachusetts,Outerwear,Summer,7,93.21,1,25,Debit Card,Standard,1.0,0.08,0.942,652.4699999999999,High,0,0,0,45-54,1,0
CUST02228,25,Male,California,Clothing,Fall,1,29.42,0,0,PayPal,Free Shipping,2.8,0.14,0.15,29.42,Low,0,0,0,25-34,0,0
CUST02229,33,Female,California,Clothing,Spring,6,67.28,1,30,Debit Card,Overnight,1.0,0.4,1.0,403.68,Mid,0,0,0,25-34,0,0
CUST02230,59,Male,Colorado,Accessories,Winter,21,175.01,0,0,Apple Pay,Express,3.9,0.0,0.0,3675.21,High,0,1,0,55-64,1,0
CUST02231,53,Male,Florida,Footwear,Fall,4,86.06,1,25,PayPal,Overnight,1.8,0.4,0.942,344.24,Mid,0,0,0,45-54,1,0
CUST02232,47,Male,Florida,Outerwear,Summer,8,195.21,0,0,PayPal,Standard,5.0,0.01,0.0,1561.68,High,1,1,1,45-54,1,0
CUST02233,35,Male,California,Accessories,Spring,16,198.78,0,0,Credit Card,Standard,3.8,0.24,0.0,3180.48,High,0,1,0,35-44,1,0
CUST02234,19,Male,Illinois,Clothing,Fall,7,80.96,1,15,Apple Pay,Express,5.0,0.44,0.675,566.7199999999999,High,1,0,0,18-24,0,0
CUST02235,30,Male,California,Footwear,Winter,16,190.71,1,5,Buy Now Pay Later,Express,5.0,0.08,0.558,3051.36,High,1,0,1,25-34,1,0
CUST02236,21,Female,Florida,Clothing,Fall,4,108.74,1,5,Credit Card,Free Shipping,4.9,0.31,0.558,434.96,Mid,1,0,0,18-24,1,0
CUST02237,43,Male,Georgia,Accessories,Summer,6,84.11,1,15,Debit Card,Express,2.1,0.11,0.825,504.65999999999997,High,0,0,0,35-44,0,0
CUST02238,42,Female,Texas,Accessories,Summer,17,204.4,0,0,Credit Card,Overnight,4.0,0.06,0.0,3474.8,High,1,1,1,35-44,1,0
CUST02239,47,Male,Florida,Clothing,Fall,2,49.05,1,15,PayPal,Overnight,2.2,0.21,0.825,98.1,Low,0,0,0,45-54,0,1
CUST02240,28,Male,Michigan,Accessories,Fall,6,75.07,1,15,PayPal,Free Shipping,2.6,0.48,0.825,450.41999999999996,Mid,0,0,0,25-34,0,0
CUST02241,24,Female,Colorado,Accessories,Spring,1,71.9,0,0,Credit Card,Standard,4.1,0.09,0.0,71.9,Low,1,0,0,18-24,0,0
CUST02242,48,Male,North Carolina,Footwear,Winter,6,90.18,1,20,Apple Pay,Express,1.0,0.29,0.883,541.08,High,0,0,0,45-54,1,0
CUST02243,61,Non-binary,Florida,Footwear,Summer,1,142.48,0,0,Credit Card,Express,5.0,0.13,0.0,142.48,Low,1,0,0,55-64,1,0
CUST02244,27,Male,Georgia,Clothing,Fall,1,102.76,1,5,PayPal,Free Shipping,1.0,0.24,0.708,102.76,Low,0,0,0,25-34,1,1
CUST02245,56,Female,California,Clothing,Winter,2,58.1,1,20,Debit Card,Standard,1.3,0.14,0.883,116.2,Low,0,0,0,55-64,0,1
CUST02246,30,Female,California,Clothing,Fall,4,135.9,0,0,Credit Card,Express,1.6,0.23,0.15,543.6,High,0,0,0,25-34,1,0
CUST02247,48,Female,Texas,Clothing,Fall,6,63.84,1,10,Credit Card,Standard,3.3,0.4,0.617,383.04,Mid,0,0,0,45-54,0,0
CUST02248,24,Female,Florida,Footwear,Fall,4,85.52,1,10,Credit Card,Express,2.1,0.18,0.767,342.08,Mid,0,0,0,18-24,1,0
CUST02249,59,Female,North Carolina,Outerwear,Summer,5,70.45,0,0,PayPal,Standard,3.0,0.36,0.0,352.25,Mid,0,0,0,55-64,0,0
CUST02250,59,Male,New York,Footwear,Winter,3,85.78,0,0,Debit Card,Standard,3.7,0.27,0.0,257.34000000000003,Mid,0,0,0,55-64,1,0
CUST02251,53,Male,Arizona,Footwear,Summer,2,17.04,1,30,Credit Card,Express,1.7,0.49,1.0,34.08,Low,0,0,0,45-54,0,1
CUST02252,37,Female,Colorado,Accessories,Spring,7,32.22,1,25,Credit Card,Standard,3.9,0.33,0.792,225.54,Mid,0,0,0,35-44,0,0
CUST02253,21,Male,Washington,Clothing,Winter,1,78.67,1,5,Credit Card,Standard,3.1,0.37,0.558,78.67,Low,0,0,0,18-24,0,1
CUST02254,24,Male,New York,Outerwear,Fall,3,95.25,0,0,PayPal,Standard,1.0,0.28,0.15,285.75,Mid,0,0,0,18-24,1,0
CUST02255,18,Female,Washington,Outerwear,Fall,1,80.17,0,0,PayPal,Standard,4.1,0.27,0.0,80.17,Low,1,0,0,18-24,0,0
CUST02256,61,Male,New York,Accessories,Winter,3,98.07,1,15,Credit Card,Free Shipping,3.7,0.41,0.675,294.21,Mid,0,0,0,55-64,1,0
CUST02257,62,Female,California,Clothing,Fall,3,19.0,1,5,Debit Card,Express,3.0,0.21,0.558,57.0,Low,0,0,0,55-64,0,1
CUST02258,59,Female,Michigan,Footwear,Summer,4,101.63,0,0,Credit Card,Free Shipping,3.2,0.24,0.0,406.52,Mid,0,0,0,55-64,1,0
CUST02259,64,Female,California,Clothing,Spring,7,98.56,1,25,Apple Pay,Express,2.3,0.15,0.942,689.9200000000001,High,0,0,0,55-64,1,0
CUST02260,30,Female,California,Footwear,Winter,5,112.17,0,0,Apple Pay,Free Shipping,1.7,0.31,0.15,560.85,High,0,0,0,25-34,1,0
CUST02261,39,Male,Virginia,Footwear,Summer,5,91.97,1,15,PayPal,Express,2.9,0.07,0.825,459.85,Mid,0,0,0,35-44,1,0
CUST02262,38,Male,New York,Clothing,Summer,1,113.83,1,5,Buy Now Pay Later,Express,3.9,0.62,0.558,113.83,Low,0,0,0,35-44,1,1
CUST02263,39,Male,Arizona,Outerwear,Summer,15,173.83,0,0,Apple Pay,Express,2.9,0.16,0.15,2607.4500000000003,High,0,1,0,35-44,1,0
CUST02264,45,Male,New York,Outerwear,Fall,5,38.27,1,10,Apple Pay,Overnight,2.2,0.18,0.767,191.35000000000002,Low,0,0,0,45-54,0,1
CUST02265,26,Female,Florida,Outerwear,Fall,2,62.92,1,15,Debit Card,Express,3.6,0.07,0.675,125.84,Low,0,0,0,25-34,0,1
CUST02266,43,Female,Texas,Accessories,Summer,1,73.25,1,10,Credit Card,Standard,4.8,0.58,0.617,73.25,Low,1,0,0,35-44,0,1
CUST02267,26,Male,New York,Clothing,Summer,2,68.61,1,25,Credit Card,Standard,5.0,0.1,0.792,137.22,Low,1,0,0,25-34,0,1
CUST02268,32,Male,Florida,Accessories,Summer,3,38.54,1,10,Credit Card,Express,5.0,0.51,0.617,115.62,Low,1,0,0,25-34,0,1
CUST02269,27,Non-binary,Georgia,Accessories,Summer,21,217.78,0,0,PayPal,Express,3.1,0.05,0.0,4573.38,High,0,1,0,25-34,1,0
CUST02270,41,Male,Illinois,Clothing,Fall,1,100.9,1,15,Credit Card,Standard,1.3,0.1,0.825,100.9,Low,0,0,0,35-44,1,1
CUST02271,59,Female,Tennessee,Accessories,Fall,2,58.01,1,20,Credit Card,Standard,2.1,0.19,0.883,116.02,Low,0,0,0,55-64,0,1
CUST02272,25,Male,California,Footwear,Spring,22,157.1,0,0,Debit Card,Express,3.6,0.23,0.0,3456.2,High,0,1,0,25-34,1,0
CUST02273,41,Female,Illinois,Clothing,Summer,7,29.81,0,0,Credit Card,Free Shipping,4.7,0.23,0.0,208.67,Low,1,1,0,35-44,0,0
CUST02274,33,Female,Washington,Clothing,Winter,2,107.81,1,10,Debit Card,Standard,2.8,0.48,0.767,215.62,Low,0,0,0,25-34,1,1
CUST02275,43,Female,Massachusetts,Clothing,Spring,10,109.69,1,20,Buy Now Pay Later,Standard,2.9,0.12,0.883,1096.9,High,0,0,0,35-44,1,0
CUST02276,44,Female,California,Footwear,Spring,7,46.3,1,20,PayPal,Free Shipping,1.0,0.19,0.883,324.09999999999997,Mid,0,0,0,35-44,0,0
CUST02277,54,Male,Washington,Footwear,Fall,5,115.02,0,0,PayPal,Express,5.0,0.53,0.0,575.1,High,1,0,0,45-54,1,0
CUST02278,21,Male,Virginia,Clothing,Winter,13,252.19,0,0,Debit Card,Standard,3.6,0.22,0.0,3278.47,High,0,1,0,18-24,1,0
CUST02279,41,Female,Texas,Outerwear,Spring,21,194.73,0,0,Debit Card,Free Shipping,3.7,0.37,0.0,4089.33,High,0,1,0,35-44,1,0
CUST02280,36,Male,Virginia,Clothing,Summer,10,137.68,0,0,Credit Card,Express,3.6,0.0,0.0,1376.8000000000002,High,0,1,0,35-44,1,0
CUST02281,53,Female,California,Accessories,Spring,8,143.8,0,0,Apple Pay,Express,2.7,0.08,0.15,1150.4,High,0,1,0,45-54,1,0
CUST02282,56,Female,Georgia,Footwear,Summer,2,74.88,0,0,Credit Card,Free Shipping,4.2,0.42,0.0,149.76,Low,1,0,0,55-64,0,0
CUST02283,27,Female,Tennessee,Footwear,Fall,4,70.84,0,0,Credit Card,Free Shipping,1.0,0.4,0.15,283.36,Mid,0,0,0,25-34,0,0
CUST02284,42,Female,Arizona,Clothing,Summer,16,142.16,0,0,PayPal,Standard,4.8,0.2,0.0,2274.56,High,1,1,1,35-44,1,0
CUST02285,35,Female,Florida,Outerwear,Summer,29,144.21,0,0,Credit Card,Standard,2.6,0.14,0.15,4182.09,High,0,1,0,35-44,1,0
CUST02286,36,Female,California,Outerwear,Spring,2,119.64,1,5,Debit Card,Standard,4.8,0.2,0.558,239.28,Mid,1,0,0,35-44,1,0
CUST02287,53,Male,Massachusetts,Accessories,Fall,3,63.36,1,25,Credit Card,Standard,2.1,0.26,0.942,190.07999999999998,Low,0,0,0,45-54,0,1
CUST02288,27,Male,Florida,Accessories,Fall,4,66.34,1,5,Credit Card,Standard,3.1,0.13,0.558,265.36,Mid,0,0,0,25-34,0,0
CUST02289,50,Male,California,Clothing,Fall,19,85.44,0,0,Credit Card,Standard,3.9,0.02,0.0,1623.36,High,0,1,0,45-54,1,0
CUST02290,22,Female,Colorado,Accessories,Winter,7,101.99,1,15,Credit Card,Free Shipping,2.9,0.5,0.825,713.93,High,0,0,0,18-24,1,0
CUST02291,64,Male,Florida,Accessories,Fall,1,55.92,1,30,PayPal,Free Shipping,1.6,0.05,1.0,55.92,Low,0,0,0,55-64,0,1
CUST02292,52,Female,California,Footwear,Winter,26,161.46,0,0,Apple Pay,Express,4.8,0.28,0.0,4197.96,High,1,1,0,45-54,1,0
CUST02293,61,Male,Texas,Accessories,Spring,2,29.45,0,0,Debit Card,Express,1.1,0.07,0.15,58.9,Low,0,0,0,55-64,0,0
CUST02294,51,Female,California,Footwear,Winter,2,77.35,1,15,Apple Pay,Standard,4.9,0.49,0.675,154.7,Low,1,0,0,45-54,0,1
CUST02295,50,Male,Washington,Clothing,Spring,20,184.93,0,0,Credit Card,Standard,4.3,0.05,0.0,3698.6000000000004,High,1,1,1,45-54,1,0
CUST02296,38,Female,Arizona,Clothing,Winter,3,32.38,1,25,Credit Card,Standard,1.2,0.36,0.942,97.14000000000001,Low,0,0,0,35-44,0,1
CUST02297,34,Female,Illinois,Clothing,Winter,3,80.14,1,20,Credit Card,Free Shipping,4.9,0.18,0.733,240.42000000000002,Mid,1,0,0,25-34,0,0
CUST02298,39,Male,North Carolina,Clothing,Fall,5,46.83,0,0,PayPal,Standard,3.9,0.37,0.0,234.14999999999998,Mid,0,0,0,35-44,0,0
CUST02299,54,Male,Virginia,Accessories,Fall,5,62.47,0,0,Debit Card,Free Shipping,3.4,0.15,0.0,312.35,Mid,0,0,0,45-54,0,0
CUST02300,32,Female,Washington,Footwear,Fall,7,81.12,1,20,PayPal,Express,5.0,0.14,0.733,567.84,High,1,0,1,25-34,0,0
CUST02301,52,Female,California,Footwear,Fall,3,86.02,1,15,PayPal,Standard,4.0,0.31,0.675,258.06,Mid,1,0,0,45-54,1,0
CUST02302,45,Male,Colorado,Accessories,Spring,6,78.98,1,10,Debit Card,Standard,3.0,0.16,0.617,473.88,Mid,0,0,0,45-54,0,0
CUST02303,24,Non-binary,Florida,Footwear,Fall,3,75.51,0,0,PayPal,Express,3.0,0.22,0.0,226.53000000000003,Mid,0,0,0,18-24,0,0
CUST02304,49,Female,Washington,Clothing,Summer,27,146.16,0,0,Buy Now Pay Later,Free Shipping,5.0,0.2,0.0,3946.3199999999997,High,1,1,1,45-54,1,0
CUST02305,28,Female,Arizona,Clothing,Summer,4,54.37,0,0,Credit Card,Overnight,2.8,0.57,0.15,217.48,Low,0,0,0,25-34,0,0
CUST02306,27,Male,New York,Clothing,Summer,7,74.97,0,0,Debit Card,Standard,2.9,0.05,0.15,524.79,High,0,1,0,25-34,0,0
CUST02307,26,Male,Massachusetts,Footwear,Winter,1,122.1,0,0,PayPal,Express,4.7,0.35,0.0,122.1,Low,1,0,0,25-34,1,0
CUST02308,31,Female,California,Clothing,Fall,5,32.39,1,30,PayPal,Standard,1.1,0.49,1.0,161.95,Low,0,0,0,25-34,0,1
CUST02309,30,Female,Colorado,Clothing,Winter,6,20.0,0,0,Credit Card,Free Shipping,2.0,0.32,0.15,120.0,Low,0,0,0,25-34,0,0
CUST02310,42,Female,California,Accessories,Summer,17,128.4,0,0,Debit Card,Overnight,3.2,0.18,0.0,2182.8,High,0,1,0,35-44,1,0
CUST02311,19,Male,Massachusetts,Outerwear,Spring,2,138.4,0,0,Debit Card,Express,4.7,0.21,0.0,276.8,Mid,1,0,0,18-24,1,0
CUST02312,52,Male,California,Footwear,Summer,3,56.8,1,20,Debit Card,Express,5.0,0.28,0.733,170.39999999999998,Low,1,0,0,45-54,0,1
CUST02313,24,Male,California,Footwear,Spring,3,76.94,1,10,Credit Card,Express,1.3,0.36,0.767,230.82,Mid,0,0,0,18-24,0,0
CUST02314,38,Male,New York,Footwear,Fall,1,65.8,1,25,Buy Now Pay Later,Standard,3.7,0.16,0.792,65.8,Low,0,0,0,35-44,0,1
CUST02315,35,Male,New York,Accessories,Spring,7,58.01,1,5,PayPal,Standard,2.9,0.23,0.708,406.07,Mid,0,0,0,35-44,0,0
CUST02316,20,Male,Texas,Footwear,Summer,3,112.42,1,15,Debit Card,Standard,3.9,0.56,0.675,337.26,Mid,0,0,0,18-24,1,0
CUST02317,59,Non-binary,Washington,Footwear,Winter,5,76.69,0,0,PayPal,Free Shipping,1.0,0.23,0.15,383.45,Mid,0,0,0,55-64,0,0
CUST02318,56,Male,Florida,Clothing,Summer,6,98.09,1,20,Apple Pay,Express,4.9,0.15,0.733,588.54,High,1,0,1,55-64,1,0
CUST02319,58,Female,California,Clothing,Summer,3,69.44,1,20,Credit Card,Standard,4.1,0.1,0.733,208.32,Low,1,0,0,55-64,0,1
CUST02320,28,Female,New York,Clothing,Spring,1,61.74,1,30,Credit Card,Free Shipping,1.0,0.51,1.0,61.74,Low,0,0,0,25-34,0,1
CUST02321,56,Female,North Carolina,Accessories,Fall,4,39.08,1,20,Debit Card,Standard,3.7,0.35,0.733,156.32,Low,0,0,0,55-64,0,1
CUST02322,41,Male,Colorado,Outerwear,Summer,5,120.73,0,0,PayPal,Standard,5.0,0.48,0.0,603.65,High,1,0,0,35-44,1,0
CUST02323,63,Female,Georgia,Clothing,Winter,4,78.57,0,0,Credit Card,Standard,2.8,0.29,0.15,314.28,Mid,0,0,0,55-64,0,0
CUST02324,36,Female,Colorado,Clothing,Spring,2,71.86,1,20,Buy Now Pay Later,Express,1.9,0.2,0.883,143.72,Low,0,0,0,35-44,0,1
CUST02325,21,Female,New York,Outerwear,Spring,1,115.57,1,20,Debit Card,Express,5.0,0.28,0.733,115.57,Low,1,0,0,18-24,1,1
CUST02326,43,Female,California,Accessories,Fall,2,94.61,0,0,Debit Card,Express,4.1,0.09,0.0,189.22,Low,1,0,0,35-44,1,0
CUST02327,55,Non-binary,Texas,Accessories,Spring,2,72.99,1,20,Credit Card,Overnight,2.8,0.05,0.883,145.98,Low,0,0,0,55-64,0,1
CUST02328,59,Female,North Carolina,Outerwear,Summer,14,193.41,0,0,Credit Card,Standard,4.8,0.04,0.0,2707.74,High,1,1,1,55-64,1,0
CUST02329,49,Male,Michigan,Accessories,Summer,29,98.7,1,15,PayPal,Free Shipping,5.0,0.69,0.675,2862.3,High,1,0,0,45-54,1,0
CUST02330,56,Female,Illinois,Footwear,Summer,21,198.04,0,0,Buy Now Pay Later,Standard,3.2,0.04,0.0,4158.84,High,0,1,0,55-64,1,0
CUST02331,62,Male,California,Clothing,Winter,14,236.53,0,0,Debit Card,Free Shipping,2.9,0.15,0.15,3311.42,High,0,1,0,55-64,1,0
CUST02332,63,Female,California,Clothing,Summer,4,100.59,0,0,Buy Now Pay Later,Overnight,3.7,0.16,0.0,402.36,Mid,0,0,0,55-64,1,0
CUST02333,53,Male,New York,Accessories,Spring,3,55.85,1,15,Apple Pay,Overnight,2.1,0.34,0.825,167.55,Low,0,0,0,45-54,0,1
CUST02334,57,Male,Washington,Accessories,Spring,2,86.58,0,0,Debit Card,Express,3.1,0.18,0.0,173.16,Low,0,0,0,55-64,1,0
CUST02335,54,Female,California,Outerwear,Summer,6,28.77,1,30,PayPal,Overnight,1.9,0.42,1.0,172.62,Low,0,0,0,45-54,0,1
CUST02336,50,Female,Tennessee,Outerwear,Winter,7,143.97,0,0,Debit Card,Standard,1.8,0.48,0.15,1007.79,High,0,1,0,45-54,1,0
CUST02337,53,Male,New York,Outerwear,Summer,3,62.91,0,0,Debit Card,Free Shipping,3.0,0.32,0.0,188.73,Low,0,0,0,45-54,0,0
CUST02338,20,Male,Massachusetts,Clothing,Fall,6,84.72,1,20,Credit Card,Standard,4.1,0.33,0.733,508.32,High,1,0,0,18-24,0,0
CUST02339,26,Female,Ohio,Outerwear,Winter,3,91.03,1,15,PayPal,Standard,1.0,0.37,0.825,273.09000000000003,Mid,0,0,0,25-34,1,0
CUST02340,25,Male,Georgia,Footwear,Summer,2,131.39,1,10,Credit Card,Express,3.1,0.44,0.617,262.78,Mid,0,0,0,25-34,1,0
CUST02341,50,Female,Washington,Clothing,Fall,5,96.16,0,0,Apple Pay,Overnight,1.1,0.1,0.15,480.79999999999995,Mid,0,0,0,45-54,1,0
CUST02342,23,Male,Arizona,Footwear,Fall,13,162.02,0,0,Apple Pay,Standard,3.2,0.24,0.0,2106.26,High,0,1,0,18-24,1,0
CUST02343,58,Female,Arizona,Clothing,Fall,19,147.02,0,0,Credit Card,Free Shipping,4.9,0.03,0.0,2793.38,High,1,1,1,55-64,1,0
CUST02344,56,Female,Arizona,Clothing,Winter,5,46.42,1,15,Credit Card,Free Shipping,3.8,0.34,0.675,232.10000000000002,Mid,0,0,0,55-64,0,0
CUST02345,21,Male,Illinois,Footwear,Winter,4,111.59,1,15,Debit Card,Express,3.0,0.22,0.675,446.36,Mid,0,0,0,18-24,1,0
CUST02346,30,Male,Michigan,Footwear,Spring,3,73.9,0,0,Debit Card,Express,3.3,0.45,0.0,221.70000000000002,Mid,0,0,0,25-34,0,0
CUST02347,19,Male,Georgia,Clothing,Spring,1,146.53,0,0,Credit Card,Overnight,4.6,0.22,0.0,146.53,Low,1,0,0,18-24,1,0
CUST02348,22,Female,Ohio,Accessories,Spring,6,46.55,1,25,Debit Card,Standard,3.5,0.33,0.792,279.29999999999995,Mid,0,0,0,18-24,0,0
CUST02349,61,Female,Virginia,Outerwear,Summer,7,175.11,0,0,Credit Card,Express,3.0,0.25,0.0,1225.77,High,0,1,0,55-64,1,0
CUST02350,44,Female,Texas,Footwear,Summer,4,42.78,1,30,Credit Card,Free Shipping,1.9,0.27,1.0,171.12,Low,0,0,0,35-44,0,1
CUST02351,49,Male,California,Clothing,Winter,4,59.29,0,0,Credit Card,Free Shipping,4.0,0.31,0.0,237.16,Mid,1,0,0,45-54,0,0
CUST02352,38,Male,Florida,Clothing,Fall,7,56.36,1,10,Credit Card,Free Shipping,5.0,0.36,0.617,394.52,Mid,1,0,0,35-44,0,0
CUST02353,25,Male,Illinois,Clothing,Winter,5,61.62,0,0,PayPal,Standard,5.0,0.17,0.0,308.09999999999997,Mid,1,0,0,25-34,0,0
CUST02354,55,Male,North Carolina,Outerwear,Winter,2,97.99,0,0,Buy Now Pay Later,Standard,2.0,0.26,0.15,195.98,Low,0,0,0,55-64,1,0
CUST02355,25,Female,Florida,Accessories,Winter,6,56.19,0,0,Debit Card,Standard,3.2,0.17,0.0,337.14,Mid,0,0,0,25-34,0,0
CUST02356,20,Female,Washington,Accessories,Spring,1,44.78,0,0,Debit Card,Express,1.5,0.13,0.15,44.78,Low,0,0,0,18-24,0,0
CUST02357,61,Female,Illinois,Accessories,Fall,7,53.25,0,0,Credit Card,Standard,4.9,0.53,0.0,372.75,Mid,1,1,0,55-64,0,0
CUST02358,20,Male,California,Outerwear,Spring,7,116.92,1,25,Debit Card,Standard,3.8,0.13,0.792,818.44,High,0,0,0,18-24,1,0
CUST02359,39,Female,Washington,Footwear,Fall,1,38.65,1,15,Credit Card,Express,2.5,0.1,0.825,38.65,Low,0,0,0,35-44,0,1
CUST02360,23,Female,North Carolina,Footwear,Winter,5,91.56,0,0,PayPal,Free Shipping,2.0,0.17,0.15,457.8,Mid,0,0,0,18-24,1,0
CUST02361,19,Female,Texas,Clothing,Summer,5,52.9,0,0,Buy Now Pay Later,Overnight,3.0,0.53,0.0,264.5,Mid,0,0,0,18-24,0,0
CUST02362,40,Female,Washington,Clothing,Spring,4,101.11,0,0,Credit Card,Free Shipping,3.9,0.32,0.0,404.44,Mid,0,0,0,35-44,1,0
CUST02363,61,Male,Washington,Outerwear,Summer,7,86.02,1,5,PayPal,Standard,5.0,0.36,0.558,602.14,High,1,0,0,55-64,1,0
CUST02364,19,Male,Texas,Outerwear,Winter,14,248.61,0,0,Credit Card,Standard,5.0,0.1,0.0,3480.54,High,1,1,1,18-24,1,0
CUST02365,55,Female,California,Outerwear,Fall,18,215.73,1,15,Debit Card,Free Shipping,5.0,0.07,0.675,3883.14,High,1,0,1,55-64,1,0
CUST02366,34,Male,Michigan,Outerwear,Fall,4,99.92,0,0,Credit Card,Express,2.1,0.49,0.15,399.68,Mid,0,0,0,25-34,1,0
CUST02367,52,Male,Florida,Footwear,Fall,4,121.57,0,0,Debit Card,Express,3.1,0.25,0.0,486.28,Mid,0,0,0,45-54,1,0
CUST02368,51,Female,Texas,Footwear,Summer,4,72.09,0,0,Credit Card,Standard,1.5,0.08,0.15,288.36,Mid,0,0,0,45-54,0,0
CUST02369,40,Female,Texas,Footwear,Winter,1,92.39,0,0,Debit Card,Standard,1.9,0.05,0.15,92.39,Low,0,0,0,35-44,1,0
CUST02370,47,Female,Arizona,Footwear,Summer,6,25.87,1,20,Debit Card,Express,1.7,0.37,0.883,155.22,Low,0,0,0,45-54,0,1
CUST02371,25,Male,Washington,Clothing,Fall,10,181.72,0,0,Credit Card,Free Shipping,4.2,0.17,0.0,1817.2,High,1,1,1,25-34,1,0
CUST02372,39,Male,Arizona,Clothing,Winter,1,77.66,1,15,PayPal,Free Shipping,1.4,0.18,0.825,77.66,Low,0,0,0,35-44,0,1
CUST02373,61,Female,California,Outerwear,Summer,4,58.41,0,0,Apple Pay,Express,1.0,0.26,0.15,233.64,Mid,0,0,0,55-64,0,0
CUST02374,53,Non-binary,Massachusetts,Clothing,Spring,2,31.33,1,25,Debit Card,Express,1.3,0.03,0.942,62.66,Low,0,0,0,45-54,0,1
CUST02375,22,Female,New York,Outerwear,Fall,18,128.6,1,20,Credit Card,Free Shipping,4.9,0.18,0.733,2314.7999999999997,High,1,0,1,18-24,1,0
CUST02376,30,Female,New York,Clothing,Fall,4,41.2,1,5,Credit Card,Express,4.1,0.05,0.558,164.8,Low,1,0,0,25-34,0,1
CUST02377,46,Female,Florida,Clothing,Spring,5,61.91,1,30,Apple Pay,Express,3.1,0.08,0.85,309.54999999999995,Mid,0,0,0,45-54,0,0
CUST02378,48,Female,Florida,Clothing,Spring,7,90.69,1,15,Debit Card,Free Shipping,1.9,0.15,0.825,634.8299999999999,High,0,0,0,45-54,1,0
CUST02379,64,Male,Virginia,Clothing,Spring,9,207.65,1,10,Debit Card,Free Shipping,4.4,0.01,0.617,1868.8500000000001,High,1,0,1,55-64,1,0
CUST02380,33,Female,Massachusetts,Clothing,Fall,6,55.6,0,0,Credit Card,Free Shipping,3.4,0.03,0.0,333.6,Mid,0,0,0,25-34,0,0
CUST02381,59,Female,New York,Clothing,Spring,7,141.26,0,0,Debit Card,Standard,2.8,0.13,0.15,988.8199999999999,High,0,1,0,55-64,1,0
CUST02382,47,Female,Virginia,Footwear,Winter,3,90.41,1,15,Credit Card,Express,3.0,0.43,0.675,271.23,Mid,0,0,0,45-54,1,0
CUST02383,33,Female,Ohio,Clothing,Summer,1,35.38,0,0,Buy Now Pay Later,Free Shipping,4.2,0.3,0.0,35.38,Low,1,0,0,25-34,0,0
CUST02384,29,Female,Tennessee,Clothing,Winter,1,61.03,1,10,Apple Pay,Standard,4.6,0.29,0.617,61.03,Low,1,0,0,25-34,0,1
CUST02385,34,Male,Texas,Clothing,Summer,3,18.43,1,15,Credit Card,Free Shipping,4.0,0.4,0.675,55.29,Low,1,0,0,25-34,0,1
CUST02386,33,Female,Washington,Footwear,Winter,25,198.4,0,0,Debit Card,Standard,2.7,0.02,0.15,4960.0,High,0,1,0,25-34,1,0
CUST02387,29,Male,Texas,Footwear,Winter,14,227.8,0,0,Credit Card,Free Shipping,4.1,0.02,0.0,3189.2000000000003,High,1,1,1,25-34,1,0
CUST02388,25,Female,North Carolina,Footwear,Spring,5,67.19,1,25,Debit Card,Express,5.0,0.56,0.792,335.95,Mid,1,0,0,25-34,0,0
CUST02389,37,Male,California,Clothing,Spring,1,120.41,1,5,Apple Pay,Standard,1.9,0.38,0.708,120.41,Low,0,0,0,35-44,1,1
CUST02390,20,Male,Washington,Clothing,Summer,1,69.25,1,10,Debit Card,Express,1.0,0.16,0.767,69.25,Low,0,0,0,18-24,0,1
CUST02391,33,Male,New York,Footwear,Summer,4,75.67,1,20,Credit Card,Overnight,3.9,0.48,0.733,302.68,Mid,0,0,0,25-34,0,0
CUST02392,47,Female,New York,Footwear,Fall,12,144.83,0,0,Credit Card,Express,5.0,0.14,0.0,1737.96,High,1,1,1,45-54,1,0
CUST02393,62,Male,Arizona,Clothing,Spring,20,181.18,1,15,Apple Pay,Express,5.0,0.03,0.675,3623.6000000000004,High,1,0,1,55-64,1,0
CUST02394,40,Male,Virginia,Accessories,Fall,4,37.22,1,10,PayPal,Free Shipping,3.2,0.12,0.617,148.88,Low,0,0,0,35-44,0,1
CUST02395,45,Female,Washington,Clothing,Summer,7,147.78,0,0,Debit Card,Express,3.2,0.62,0.0,1034.46,High,0,1,0,45-54,1,0
CUST02396,57,Male,Virginia,Clothing,Spring,2,56.17,1,5,Credit Card,Express,3.2,0.39,0.558,112.34,Low,0,0,0,55-64,0,1
CUST02397,22,Female,Texas,Footwear,Winter,7,15.0,1,25,Credit Card,Standard,4.9,0.33,0.792,105.0,Low,1,0,0,18-24,0,1
CUST02398,37,Female,Illinois,Accessories,Spring,1,47.81,1,20,Buy Now Pay Later,Free Shipping,1.1,0.2,0.883,47.81,Low,0,0,0,35-44,0,1
CUST02399,57,Female,Florida,Clothing,Fall,2,55.2,1,10,Debit Card,Standard,2.8,0.23,0.767,110.4,Low,0,0,0,55-64,0,1
CUST02400,61,Male,California,Clothing,Spring,1,140.12,1,10,Debit Card,Express,1.7,0.35,0.767,140.12,Low,0,0,0,55-64,1,1
CUST02401,18,Female,Illinois,Outerwear,Fall,6,72.98,1,30,Debit Card,Free Shipping,5.0,0.46,0.85,437.88,Mid,1,0,0,18-24,0,0
CUST02402,47,Male,Arizona,Footwear,Winter,4,77.56,0,0,PayPal,Standard,1.0,0.27,0.15,310.24,Mid,0,0,0,45-54,0,0
CUST02403,38,Male,Washington,Outerwear,Fall,1,60.85,0,0,Credit Card,Express,1.7,0.35,0.15,60.85,Low,0,0,0,35-44,0,0
CUST02404,37,Male,Georgia,Accessories,Summer,2,103.46,1,5,Credit Card,Standard,5.0,0.16,0.558,206.92,Low,1,0,0,35-44,1,1
CUST02405,23,Female,Washington,Footwear,Summer,4,121.81,0,0,Debit Card,Free Shipping,4.9,0.15,0.0,487.24,Mid,1,0,0,18-24,1,0
CUST02406,39,Male,California,Clothing,Winter,2,87.04,1,15,PayPal,Express,1.0,0.22,0.825,174.08,Low,0,0,0,35-44,1,1
CUST02407,35,Female,California,Clothing,Spring,22,162.83,1,15,PayPal,Free Shipping,4.5,0.11,0.675,3582.26,High,1,0,1,35-44,1,0
CUST02408,25,Female,Washington,Accessories,Winter,3,139.26,0,0,Apple Pay,Free Shipping,1.8,0.52,0.15,417.78,Mid,0,0,0,25-34,1,0
CUST02409,56,Female,Texas,Accessories,Fall,1,70.63,1,20,Debit Card,Express,4.1,0.16,0.733,70.63,Low,1,0,0,55-64,0,1
CUST02410,49,Male,California,Clothing,Fall,1,67.24,0,0,Credit Card,Overnight,3.0,0.23,0.0,67.24,Low,0,0,0,45-54,0,0
CUST02411,50,Non-binary,Florida,Footwear,Winter,2,66.47,1,5,Buy Now Pay Later,Express,4.2,0.65,0.558,132.94,Low,1,0,0,45-54,0,1
CUST02412,33,Female,Illinois,Clothing,Fall,7,128.85,0,0,Debit Card,Standard,1.8,0.11,0.15,901.9499999999999,High,0,1,0,25-34,1,0
CUST02413,29,Female,New York,Clothing,Spring,6,110.54,0,0,PayPal,Express,4.0,0.37,0.0,663.24,High,1,0,0,25-34,1,0
CUST02414,55,Male,Georgia,Clothing,Summer,1,90.21,0,0,PayPal,Free Shipping,4.0,0.07,0.0,90.21,Low,1,0,0,55-64,1,0
CUST02415,51,Female,Arizona,Accessories,Fall,23,159.88,1,20,Debit Card,Express,2.7,0.12,0.883,3677.24,High,0,0,0,45-54,1,0
CUST02416,31,Male,New York,Clothing,Fall,20,218.92,1,10,Credit Card,Standard,2.6,0.18,0.767,4378.4,High,0,0,0,25-34,1,0
CUST02417,53,Male,Georgia,Clothing,Spring,6,85.02,0,0,PayPal,Standard,1.0,0.23,0.15,510.12,High,0,0,0,45-54,0,0
CUST02418,50,Male,Arizona,Accessories,Summer,10,155.17,0,0,Apple Pay,Express,5.0,0.02,0.0,1551.6999999999998,High,1,1,1,45-54,1,0
CUST02419,40,Female,Arizona,Accessories,Fall,1,77.04,0,0,Debit Card,Standard,3.9,0.1,0.0,77.04,Low,0,0,0,35-44,0,0
CUST02420,62,Male,Illinois,Accessories,Fall,6,126.76,0,0,Debit Card,Express,5.0,0.31,0.0,760.5600000000001,High,1,0,0,55-64,1,0
CUST02421,19,Male,California,Clothing,Winter,6,68.36,1,15,Credit Card,Express,5.0,0.5,0.675,410.15999999999997,Mid,1,0,0,18-24,0,0
CUST02422,58,Female,Colorado,Accessories,Winter,4,69.0,1,10,Credit Card,Express,1.0,0.11,0.767,276.0,Mid,0,0,0,55-64,0,0
CUST02423,38,Female,New York,Accessories,Winter,1,71.99,1,20,Credit Card,Standard,5.0,0.4,0.733,71.99,Low,1,0,0,35-44,0,1
CUST02424,19,Male,Tennessee,Clothing,Fall,22,176.87,0,0,Credit Card,Express,5.0,0.48,0.0,3891.1400000000003,High,1,1,0,18-24,1,0
CUST02425,44,Female,North Carolina,Footwear,Fall,7,140.71,1,5,Buy Now Pay Later,Free Shipping,4.9,0.45,0.558,984.97,High,1,0,0,35-44,1,0
CUST02426,26,Male,Washington,Accessories,Summer,5,37.82,1,15,PayPal,Free Shipping,5.0,0.2,0.675,189.1,Low,1,0,0,25-34,0,1
CUST02427,18,Male,Texas,Clothing,Winter,6,101.68,1,20,PayPal,Express,3.1,0.45,0.733,610.08,High,0,0,0,18-24,1,0
CUST02428,28,Male,Texas,Outerwear,Winter,2,113.05,0,0,Debit Card,Standard,3.3,0.18,0.0,226.1,Mid,0,0,0,25-34,1,0
CUST02429,20,Female,New York,Footwear,Fall,1,37.62,1,10,Credit Card,Free Shipping,2.0,0.16,0.767,37.62,Low,0,0,0,18-24,0,1
CUST02430,40,Male,Florida,Outerwear,Fall,4,40.64,1,20,Buy Now Pay Later,Overnight,4.1,0.36,0.733,162.56,Low,1,0,0,35-44,0,1
CUST02431,43,Male,New York,Footwear,Winter,18,176.35,1,5,Debit Card,Standard,4.1,0.06,0.558,3174.2999999999997,High,1,0,1,35-44,1,0
CUST02432,21,Male,Illinois,Clothing,Winter,3,93.95,1,10,Credit Card,Standard,1.0,0.25,0.767,281.85,Mid,0,0,0,18-24,1,0
CUST02433,35,Female,Texas,Clothing,Winter,2,24.31,0,0,Debit Card,Standard,1.9,0.6,0.15,48.62,Low,0,0,0,35-44,0,0
CUST02434,23,Male,Michigan,Footwear,Winter,2,50.32,1,10,Apple Pay,Standard,1.9,0.45,0.767,100.64,Low,0,0,0,18-24,0,1
CUST02435,52,Male,California,Outerwear,Fall,2,103.66,0,0,Apple Pay,Standard,2.6,0.01,0.15,207.32,Low,0,0,0,45-54,1,0
CUST02436,39,Male,Tennessee,Footwear,Summer,29,191.57,0,0,Credit Card,Free Shipping,2.7,0.0,0.15,5555.53,High,0,1,0,35-44,1,0
CUST02437,60,Male,Massachusetts,Outerwear,Fall,1,89.05,1,10,Apple Pay,Express,4.7,0.37,0.617,89.05,Low,1,0,0,55-64,1,1
CUST02438,32,Female,Illinois,Clothing,Fall,1,20.0,0,0,Credit Card,Overnight,2.0,0.05,0.15,20.0,Low,0,0,0,25-34,0,0
CUST02439,39,Female,Georgia,Accessories,Winter,6,47.82,1,20,Credit Card,Free Shipping,1.0,0.34,0.883,286.92,Mid,0,0,0,35-44,0,0
CUST02440,54,Male,Florida,Outerwear,Summer,6,50.75,0,0,Apple Pay,Free Shipping,4.1,0.33,0.0,304.5,Mid,1,0,0,45-54,0,0
CUST02441,59,Male,Arizona,Footwear,Summer,1,103.76,1,5,Apple Pay,Free Shipping,1.8,0.19,0.708,103.76,Low,0,0,0,55-64,1,1
CUST02442,29,Male,New York,Outerwear,Fall,7,68.67,0,0,Debit Card,Free Shipping,3.8,0.2,0.0,480.69,Mid,0,1,0,25-34,0,0
CUST02443,64,Male,New York,Footwear,Winter,6,88.14,1,15,Debit Card,Express,2.9,0.29,0.825,528.84,High,0,0,0,55-64,1,0
CUST02444,59,Male,Washington,Accessories,Summer,7,68.26,1,25,Apple Pay,Free Shipping,1.2,0.2,0.942,477.82000000000005,Mid,0,0,0,55-64,0,0
CUST02445,55,Female,Illinois,Accessories,Spring,1,44.08,0,0,PayPal,Overnight,2.8,0.41,0.15,44.08,Low,0,0,0,55-64,0,0
CUST02446,35,Non-binary,Washington,Outerwear,Fall,2,98.51,1,15,Apple Pay,Standard,2.0,0.44,0.825,197.02,Low,0,0,0,35-44,1,1
CUST02447,62,Non-binary,New York,Accessories,Fall,3,119.48,1,5,Debit Card,Overnight,4.9,0.26,0.558,358.44,Mid,1,0,0,55-64,1,0
CUST02448,52,Female,New York,Clothing,Winter,2,100.03,1,15,Buy Now Pay Later,Overnight,4.7,0.39,0.675,200.06,Low,1,0,0,45-54,1,1
CUST02449,47,Female,California,Accessories,Winter,7,92.58,0,0,Buy Now Pay Later,Free Shipping,1.0,0.09,0.15,648.06,High,0,1,0,45-54,1,0
CUST02450,41,Female,California,Accessories,Summer,6,73.55,1,10,Credit Card,Standard,2.2,0.12,0.767,441.29999999999995,Mid,0,0,0,35-44,0,0
CUST02451,59,Male,Texas,Clothing,Spring,3,63.61,0,0,Apple Pay,Express,1.9,0.25,0.15,190.82999999999998,Low,0,0,0,55-64,0,0
CUST02452,47,Female,California,Footwear,Winter,3,109.91,1,15,Debit Card,Standard,2.2,0.08,0.825,329.73,Mid,0,0,0,45-54,1,0
CUST02453,31,Male,California,Clothing,Fall,14,255.97,0,0,Debit Card,Standard,4.0,0.15,0.0,3583.58,High,1,1,1,25-34,1,0
CUST02454,23,Female,North Carolina,Accessories,Spring,12,160.85,1,20,PayPal,Standard,2.7,0.1,0.883,1930.1999999999998,High,0,0,0,18-24,1,0
CUST02455,20,Female,California,Footwear,Winter,5,42.21,1,10,Credit Card,Express,1.1,0.05,0.767,211.05,Low,0,0,0,18-24,0,1
CUST02456,33,Male,Arizona,Accessories,Winter,4,48.51,0,0,Debit Card,Free Shipping,1.0,0.13,0.15,194.04,Low,0,0,0,25-34,0,0
CUST02457,24,Male,Texas,Footwear,Fall,23,154.63,1,5,Apple Pay,Standard,4.9,0.21,0.558,3556.49,High,1,0,1,18-24,1,0
CUST02458,31,Female,Virginia,Clothing,Spring,4,72.39,1,25,Credit Card,Express,2.2,0.27,0.942,289.56,Mid,0,0,0,25-34,0,0
CUST02459,26,Male,Florida,Outerwear,Spring,6,38.91,0,0,Debit Card,Standard,2.7,0.35,0.15,233.45999999999998,Mid,0,0,0,25-34,0,0
CUST02460,32,Female,New York,Clothing,Summer,3,58.85,1,10,Buy Now Pay Later,Standard,3.9,0.23,0.617,176.55,Low,0,0,0,25-34,0,1
CUST02461,38,Female,Illinois,Clothing,Spring,16,189.06,0,0,Debit Card,Express,4.8,0.0,0.0,3024.96,High,1,1,1,35-44,1,0
CUST02462,52,Female,New York,Outerwear,Winter,8,159.46,1,5,Debit Card,Standard,2.8,0.25,0.708,1275.68,High,0,0,0,45-54,1,0
CUST02463,19,Female,Washington,Footwear,Spring,2,62.26,1,20,Debit Card,Express,4.9,0.14,0.733,124.52,Low,1,0,0,18-24,0,1
CUST02464,44,Male,California,Clothing,Spring,24,212.68,0,0,Debit Card,Standard,2.8,0.01,0.15,5104.32,High,0,1,0,35-44,1,0
CUST02465,19,Male,Michigan,Outerwear,Summer,1,80.95,0,0,PayPal,Standard,3.9,0.21,0.0,80.95,Low,0,0,0,18-24,0,0
CUST02466,52,Female,Florida,Accessories,Summer,13,112.2,0,0,Apple Pay,Express,3.1,0.03,0.0,1458.6000000000001,High,0,1,0,45-54,1,0
CUST02467,35,Female,New York,Outerwear,Summer,6,152.64,0,0,Debit Card,Express,1.0,0.39,0.15,915.8399999999999,High,0,0,0,35-44,1,0
CUST02468,31,Female,Colorado,Accessories,Winter,5,71.82,1,20,Apple Pay,Standard,1.7,0.23,0.883,359.09999999999997,Mid,0,0,0,25-34,0,0
CUST02469,37,Male,New York,Accessories,Winter,2,94.4,0,0,Debit Card,Express,2.1,0.23,0.15,188.8,Low,0,0,0,35-44,1,0
CUST02470,35,Male,North Carolina,Accessories,Fall,11,154.14,0,0,Credit Card,Free Shipping,4.8,0.21,0.0,1695.54,High,1,1,1,35-44,1,0
CUST02471,27,Non-binary,Florida,Clothing,Spring,5,79.74,0,0,PayPal,Overnight,4.4,0.14,0.0,398.7,Mid,1,0,0,25-34,0,0
CUST02472,42,Male,Colorado,Accessories,Fall,1,109.11,1,20,PayPal,Standard,1.9,0.51,0.883,109.11,Low,0,0,0,35-44,1,1
CUST02473,19,Female,California,Accessories,Winter,28,216.33,0,0,Debit Card,Express,5.0,0.36,0.0,6057.240000000001,High,1,1,0,18-24,1,0
CUST02474,42,Male,North Carolina,Clothing,Winter,7,39.12,1,25,Credit Card,Overnight,1.5,0.43,0.942,273.84,Mid,0,0,0,35-44,0,0
CUST02475,50,Female,Georgia,Clothing,Fall,5,67.64,1,25,Credit Card,Standard,3.8,0.04,0.792,338.2,Mid,0,0,0,45-54,0,0
CUST02476,53,Female,Texas,Clothing,Spring,7,85.92,1,20,Credit Card,Free Shipping,4.5,0.22,0.733,601.44,High,1,0,1,45-54,1,0
CUST02477,48,Female,California,Outerwear,Winter,15,52.36,1,25,Credit Card,Free Shipping,3.1,0.06,0.792,785.4,High,0,0,0,45-54,0,0
CUST02478,31,Male,New York,Accessories,Fall,18,119.65,0,0,PayPal,Free Shipping,3.0,0.03,0.0,2153.7000000000003,High,0,1,0,25-34,1,0
CUST02479,18,Female,Michigan,Footwear,Summer,2,51.55,1,10,Credit Card,Free Shipping,1.1,0.43,0.767,103.1,Low,0,0,0,18-24,0,1
CUST02480,63,Female,Texas,Outerwear,Spring,4,104.53,1,10,PayPal,Overnight,4.2,0.49,0.617,418.12,Mid,1,0,0,55-64,1,0
CUST02481,33,Male,Florida,Footwear,Summer,4,42.17,1,15,Credit Card,Express,2.2,0.3,0.825,168.68,Low,0,0,0,25-34,0,1
CUST02482,63,Female,California,Outerwear,Fall,6,51.54,1,30,Credit Card,Overnight,3.0,0.31,0.85,309.24,Mid,0,0,0,55-64,0,0
CUST02483,20,Female,Florida,Clothing,Summer,4,35.1,0,0,Debit Card,Free Shipping,5.0,0.16,0.0,140.4,Low,1,0,0,18-24,0,0
CUST02484,52,Female,Washington,Clothing,Summer,26,207.03,0,0,Credit Card,Overnight,3.1,0.05,0.0,5382.78,High,0,1,0,45-54,1,0
CUST02485,58,Female,Tennessee,Accessories,Fall,6,76.45,0,0,Apple Pay,Standard,3.8,0.07,0.0,458.70000000000005,Mid,0,0,0,55-64,0,0
CUST02486,23,Male,Illinois,Accessories,Winter,14,201.1,0,0,Credit Card,Standard,3.8,0.15,0.0,2815.4,High,0,1,0,18-24,1,0
CUST02487,42,Male,North Carolina,Outerwear,Spring,5,76.5,1,15,Debit Card,Free Shipping,5.0,0.27,0.675,382.5,Mid,1,0,0,35-44,0,0
CUST02488,30,Male,Illinois,Accessories,Winter,24,172.2,1,10,Apple Pay,Standard,3.6,0.05,0.617,4132.799999999999,High,0,0,0,25-34,1,0
CUST02489,51,Female,California,Clothing,Spring,20,142.09,0,0,PayPal,Overnight,3.1,0.08,0.0,2841.8,High,0,1,0,45-54,1,0
CUST02490,25,Female,New York,Footwear,Winter,3,90.02,1,30,Credit Card,Free Shipping,1.1,0.45,1.0,270.06,Mid,0,0,0,25-34,1,0
CUST02491,38,Female,Washington,Accessories,Fall,2,45.43,1,25,Debit Card,Overnight,4.8,0.43,0.792,90.86,Low,1,0,0,35-44,0,1
CUST02492,51,Male,Tennessee,Clothing,Summer,20,153.09,0,0,PayPal,Free Shipping,2.9,0.16,0.15,3061.8,High,0,1,0,45-54,1,0
CUST02493,21,Male,Virginia,Accessories,Summer,6,99.66,0,0,Buy Now Pay Later,Overnight,2.9,0.11,0.15,597.96,High,0,0,0,18-24,1,0
CUST02494,42,Female,Texas,Outerwear,Fall,4,120.75,0,0,Apple Pay,Standard,4.0,0.23,0.0,483.0,Mid,1,0,0,35-44,1,0
CUST02495,32,Male,Texas,Footwear,Fall,18,201.96,0,0,Credit Card,Free Shipping,4.1,0.05,0.0,3635.28,High,1,1,1,25-34,1,0
CUST02496,21,Male,Texas,Accessories,Winter,15,192.28,0,0,Buy Now Pay Later,Standard,5.0,0.05,0.0,2884.2,High,1,1,1,18-24,1,0
CUST02497,62,Female,Massachusetts,Clothing,Winter,5,118.94,0,0,Credit Card,Express,2.0,0.54,0.15,594.7,High,0,0,0,55-64,1,0
CUST02498,29,Male,Virginia,Clothing,Spring,1,117.61,1,5,Credit Card,Standard,5.0,0.42,0.558,117.61,Low,1,0,0,25-34,1,1
CUST02499,49,Male,Ohio,Accessories,Fall,6,101.44,0,0,Apple Pay,Standard,3.1,0.39,0.0,608.64,High,0,0,0,45-54,1,0
CUST02500,49,Male,Florida,Footwear,Fall,4,64.74,1,25,Credit Card,Express,4.3,0.04,0.792,258.96,Mid,1,0,0,45-54,0,0
CUST02501,45,Male,Illinois,Clothing,Winter,5,68.03,0,0,Credit Card,Standard,1.2,0.34,0.15,340.15,Mid,0,0,0,45-54,0,0
CUST02502,30,Non-binary,Florida,Clothing,Winter,4,92.78,0,0,Credit Card,Express,5.0,0.38,0.0,371.12,Mid,1,0,0,25-34,1,0
CUST02503,48,Male,Texas,Outerwear,Fall,5,74.83,1,15,Debit Card,Free Shipping,3.1,0.47,0.675,374.15,Mid,0,0,0,45-54,0,0
CUST02504,31,Male,Illinois,Footwear,Summer,7,97.4,1,10,PayPal,Standard,3.1,0.31,0.617,681.8000000000001,High,0,0,0,25-34,1,0
CUST02505,37,Male,California,Footwear,Fall,6,84.26,1,15,PayPal,Standard,4.0,0.12,0.675,505.56000000000006,High,1,0,1,35-44,0,0
CUST02506,35,Female,California,Clothing,Summer,6,27.47,1,25,Credit Card,Overnight,1.0,0.24,0.942,164.82,Low,0,0,0,35-44,0,1
CUST02507,46,Male,Virginia,Clothing,Summer,9,188.22,1,20,Debit Card,Overnight,3.0,0.07,0.733,1693.98,High,0,0,0,45-54,1,0
CUST02508,23,Female,Georgia,Clothing,Fall,5,98.04,1,25,Buy Now Pay Later,Free Shipping,4.6,0.4,0.792,490.20000000000005,Mid,1,0,0,18-24,1,0
CUST02509,49,Male,Florida,Footwear,Summer,3,19.0,1,5,Apple Pay,Standard,2.2,0.48,0.708,57.0,Low,0,0,0,45-54,0,1
CUST02510,46,Male,Illinois,Clothing,Fall,1,34.11,1,10,Credit Card,Free Shipping,5.0,0.51,0.617,34.11,Low,1,0,0,45-54,0,1
CUST02511,60,Male,New York,Footwear,Winter,2,37.39,1,25,Buy Now Pay Later,Express,1.0,0.2,0.942,74.78,Low,0,0,0,55-64,0,1
CUST02512,19,Female,Georgia,Outerwear,Winter,1,108.21,0,0,PayPal,Express,1.9,0.28,0.15,108.21,Low,0,0,0,18-24,1,0
CUST02513,40,Female,Ohio,Clothing,Spring,2,57.4,1,15,Credit Card,Standard,3.1,0.31,0.675,114.8,Low,0,0,0,35-44,0,1
CUST02514,36,Male,Georgia,Accessories,Summer,4,80.18,1,10,Credit Card,Express,4.4,0.4,0.617,320.72,Mid,1,0,0,35-44,0,0
CUST02515,48,Female,Georgia,Footwear,Fall,5,86.95,1,15,Credit Card,Standard,5.0,0.33,0.675,434.75,Mid,1,0,0,45-54,1,0
CUST02516,22,Female,Texas,Outerwear,Fall,4,91.87,1,10,PayPal,Standard,4.4,0.05,0.617,367.48,Mid,1,0,0,18-24,1,0
CUST02517,36,Male,New York,Outerwear,Spring,1,61.84,0,0,Credit Card,Express,5.0,0.26,0.0,61.84,Low,1,0,0,35-44,0,0
CUST02518,51,Female,Florida,Clothing,Summer,6,51.77,1,30,Debit Card,Free Shipping,3.8,0.38,0.85,310.62,Mid,0,0,0,45-54,0,0
CUST02519,27,Male,New York,Clothing,Winter,1,78.03,0,0,Credit Card,Overnight,2.1,0.05,0.15,78.03,Low,0,0,0,25-34,0,0
CUST02520,42,Female,Georgia,Footwear,Summer,2,121.5,1,15,Buy Now Pay Later,Express,4.1,0.06,0.675,243.0,Mid,1,0,0,35-44,1,0
CUST02521,19,Female,New York,Footwear,Fall,14,186.27,1,5,Credit Card,Express,3.8,0.06,0.558,2607.78,High,0,0,0,18-24,1,0
CUST02522,28,Female,California,Clothing,Fall,5,106.59,0,0,Apple Pay,Express,1.0,0.19,0.15,532.95,High,0,0,0,25-34,1,0
CUST02523,48,Female,Florida,Accessories,Winter,1,93.55,1,15,Buy Now Pay Later,Free Shipping,3.9,0.29,0.675,93.55,Low,0,0,0,45-54,1,1
CUST02524,32,Male,Michigan,Footwear,Winter,4,104.84,1,15,Credit Card,Express,3.0,0.36,0.675,419.36,Mid,0,0,0,25-34,1,0
CUST02525,26,Female,Texas,Clothing,Summer,6,104.29,1,10,Debit Card,Standard,1.0,0.13,0.767,625.74,High,0,0,0,25-34,1,0
CUST02526,40,Male,Washington,Outerwear,Summer,5,86.98,0,0,Credit Card,Standard,5.0,0.07,0.0,434.90000000000003,Mid,1,0,0,35-44,1,0
CUST02527,36,Male,Florida,Clothing,Summer,1,86.95,1,15,Apple Pay,Express,4.1,0.51,0.675,86.95,Low,1,0,0,35-44,1,1
CUST02528,26,Female,California,Footwear,Summer,3,129.14,1,25,Debit Card,Express,4.3,0.34,0.792,387.41999999999996,Mid,1,0,0,25-34,1,0
CUST02529,52,Female,Florida,Footwear,Fall,3,59.16,0,0,Credit Card,Standard,1.1,0.41,0.15,177.48,Low,0,0,0,45-54,0,0
CUST02530,38,Female,Colorado,Clothing,Summer,25,146.54,1,20,Credit Card,Free Shipping,2.9,0.08,0.883,3663.5,High,0,0,0,35-44,1,0
CUST02531,26,Male,Illinois,Footwear,Spring,4,38.04,1,15,Debit Card,Overnight,5.0,0.36,0.675,152.16,Low,1,0,0,25-34,0,1
CUST02532,45,Female,Virginia,Footwear,Spring,29,159.27,0,0,Buy Now Pay Later,Overnight,2.9,0.05,0.15,4618.83,High,0,1,0,45-54,1,0
CUST02533,63,Female,New York,Outerwear,Summer,2,58.47,1,15,PayPal,Standard,1.0,0.33,0.825,116.94,Low,0,0,0,55-64,0,1
CUST02534,24,Male,California,Clothing,Summer,6,38.32,1,20,Apple Pay,Standard,2.1,0.38,0.883,229.92000000000002,Mid,0,0,0,18-24,0,0
CUST02535,33,Male,Tennessee,Footwear,Spring,1,85.26,0,0,Debit Card,Free Shipping,1.6,0.27,0.15,85.26,Low,0,0,0,25-34,0,0
CUST02536,33,Male,New York,Footwear,Fall,29,160.86,0,0,Credit Card,Free Shipping,3.1,0.01,0.0,4664.9400000000005,High,0,1,0,25-34,1,0
CUST02537,50,Male,Washington,Accessories,Winter,6,96.76,1,25,Buy Now Pay Later,Standard,1.9,0.24,0.942,580.5600000000001,High,0,0,0,45-54,1,0
CUST02538,21,Non-binary,Ohio,Outerwear,Summer,2,115.35,1,5,Credit Card,Standard,2.7,0.26,0.708,230.7,Mid,0,0,0,18-24,1,0
CUST02539,21,Female,New York,Clothing,Winter,3,132.12,1,10,Buy Now Pay Later,Express,2.7,0.57,0.767,396.36,Mid,0,0,0,18-24,1,0
CUST02540,56,Female,Colorado,Clothing,Spring,2,151.24,1,15,Debit Card,Standard,1.0,0.3,0.825,302.48,Mid,0,0,0,55-64,1,0
CUST02541,57,Non-binary,California,Accessories,Spring,3,28.0,0,0,Credit Card,Overnight,5.0,0.18,0.0,84.0,Low,1,0,0,55-64,0,0
CUST02542,34,Male,New York,Clothing,Winter,2,75.4,1,5,PayPal,Free Shipping,2.7,0.05,0.708,150.8,Low,0,0,0,25-34,0,1
CUST02543,54,Female,California,Outerwear,Winter,4,130.23,0,0,Buy Now Pay Later,Standard,5.0,0.26,0.0,520.92,High,1,0,0,45-54,1,0
CUST02544,56,Male,North Carolina,Footwear,Summer,6,103.55,1,20,Buy Now Pay Later,Standard,4.7,0.17,0.733,621.3,High,1,0,1,55-64,1,0
CUST02545,46,Female,Texas,Accessories,Fall,5,97.83,1,15,Credit Card,Free Shipping,1.8,0.05,0.825,489.15,Mid,0,0,0,45-54,1,0
CUST02546,53,Male,Colorado,Footwear,Fall,6,38.69,1,20,Credit Card,Standard,1.1,0.72,0.883,232.14,Mid,0,0,0,45-54,0,0
CUST02547,55,Female,Tennessee,Accessories,Fall,7,71.11,1,25,Debit Card,Free Shipping,4.9,0.21,0.792,497.77,High,1,0,1,55-64,0,0
CUST02548,56,Male,Illinois,Accessories,Fall,16,144.28,0,0,PayPal,Overnight,4.3,0.05,0.0,2308.48,High,1,1,1,55-64,1,0
CUST02549,54,Male,Illinois,Clothing,Summer,3,72.94,0,0,PayPal,Free Shipping,4.9,0.03,0.0,218.82,Mid,1,0,0,45-54,0,0
CUST02550,52,Female,Florida,Clothing,Spring,2,58.3,0,0,Credit Card,Standard,1.2,0.16,0.15,116.6,Low,0,0,0,45-54,0,0
CUST02551,24,Male,New York,Clothing,Spring,1,75.36,0,0,Buy Now Pay Later,Standard,2.5,0.42,0.15,75.36,Low,0,0,0,18-24,0,0
CUST02552,44,Female,Florida,Footwear,Spring,27,174.55,0,0,PayPal,Express,2.9,0.2,0.15,4712.85,High,0,1,0,35-44,1,0
CUST02553,45,Male,Washington,Accessories,Spring,6,94.53,0,0,Apple Pay,Express,4.5,0.29,0.0,567.1800000000001,High,1,0,0,45-54,1,0
CUST02554,39,Female,Michigan,Clothing,Spring,3,31.28,1,10,Debit Card,Standard,2.0,0.62,0.767,93.84,Low,0,0,0,35-44,0,1
CUST02555,31,Male,Tennessee,Accessories,Spring,4,121.09,1,15,Debit Card,Free Shipping,1.0,0.22,0.825,484.36,Mid,0,0,0,25-34,1,0
CUST02556,24,Male,Virginia,Clothing,Spring,25,220.53,0,0,Buy Now Pay Later,Free Shipping,4.9,0.0,0.0,5513.25,High,1,1,1,18-24,1,0
CUST02557,54,Male,Virginia,Outerwear,Fall,7,42.1,1,15,Debit Card,Overnight,4.9,0.26,0.675,294.7,Mid,1,0,0,45-54,0,0
CUST02558,39,Male,Florida,Clothing,Spring,6,56.74,1,20,Apple Pay,Standard,4.3,0.18,0.733,340.44,Mid,1,0,0,35-44,0,0
CUST02559,22,Male,Arizona,Outerwear,Winter,7,75.56,1,20,Buy Now Pay Later,Overnight,3.3,0.44,0.733,528.9200000000001,High,0,0,0,18-24,0,0
CUST02560,19,Male,Massachusetts,Accessories,Summer,1,22.89,1,25,PayPal,Overnight,3.3,0.06,0.792,22.89,Low,0,0,0,18-24,0,1
CUST02561,44,Male,Florida,Footwear,Winter,2,64.94,0,0,Debit Card,Express,4.7,0.13,0.0,129.88,Low,1,0,0,35-44,0,0
CUST02562,38,Male,Tennessee,Clothing,Summer,12,82.95,1,25,Credit Card,Free Shipping,5.0,0.07,0.792,995.4000000000001,High,1,0,1,35-44,0,0
CUST02563,55,Female,Florida,Outerwear,Spring,7,52.2,1,15,Credit Card,Standard,2.7,0.21,0.825,365.40000000000003,Mid,0,0,0,55-64,0,0
CUST02564,32,Female,Washington,Clothing,Winter,2,51.34,0,0,Credit Card,Standard,4.2,0.51,0.0,102.68,Low,1,0,0,25-34,0,0
CUST02565,38,Male,Colorado,Accessories,Summer,5,100.44,1,15,Credit Card,Standard,1.9,0.24,0.825,502.2,High,0,0,0,35-44,1,0
CUST02566,27,Female,Tennessee,Outerwear,Spring,20,165.99,0,0,Credit Card,Free Shipping,5.0,0.12,0.0,3319.8,High,1,1,1,25-34,1,0
CUST02567,40,Female,Texas,Outerwear,Spring,7,105.2,1,10,Credit Card,Express,4.9,0.14,0.617,736.4,High,1,0,1,35-44,1,0
CUST02568,56,Male,Georgia,Accessories,Fall,21,185.29,0,0,Debit Card,Standard,3.6,0.07,0.0,3891.0899999999997,High,0,1,0,55-64,1,0
CUST02569,22,Female,Illinois,Outerwear,Summer,5,30.37,1,30,Debit Card,Standard,5.0,0.31,0.85,151.85,Low,1,0,0,18-24,0,1
CUST02570,18,Male,Texas,Footwear,Spring,16,232.43,0,0,Credit Card,Standard,4.2,0.13,0.0,3718.88,High,1,1,1,18-24,1,0
CUST02571,30,Female,Ohio,Clothing,Fall,2,132.42,0,0,Credit Card,Standard,3.0,0.26,0.0,264.84,Mid,0,0,0,25-34,1,0
CUST02572,38,Male,Illinois,Accessories,Winter,27,127.06,0,0,PayPal,Express,3.6,0.05,0.0,3430.62,High,0,1,0,35-44,1,0
CUST02573,43,Female,Arizona,Clothing,Fall,1,50.5,0,0,Debit Card,Standard,1.2,0.09,0.15,50.5,Low,0,0,0,35-44,0,0
CUST02574,62,Female,New York,Clothing,Spring,4,94.44,0,0,Debit Card,Standard,1.0,0.44,0.15,377.76,Mid,0,0,0,55-64,1,0
CUST02575,38,Male,Florida,Footwear,Summer,6,111.61,0,0,PayPal,Free Shipping,2.1,0.12,0.15,669.66,High,0,0,0,35-44,1,0
CUST02576,35,Male,Washington,Accessories,Fall,5,92.51,1,15,Apple Pay,Express,2.9,0.18,0.825,462.55,Mid,0,0,0,35-44,1,0
CUST02577,54,Non-binary,Florida,Clothing,Spring,1,77.0,1,20,Debit Card,Overnight,1.0,0.57,0.883,77.0,Low,0,0,0,45-54,0,1
CUST02578,62,Male,Texas,Outerwear,Fall,1,49.9,0,0,PayPal,Standard,1.1,0.19,0.15,49.9,Low,0,0,0,55-64,0,0
CUST02579,49,Female,Tennessee,Clothing,Fall,14,193.03,1,5,Buy Now Pay Later,Standard,4.8,0.03,0.558,2702.42,High,1,0,1,45-54,1,0
CUST02580,53,Female,Illinois,Outerwear,Spring,5,56.99,1,10,Apple Pay,Express,5.0,0.03,0.617,284.95,Mid,1,0,0,45-54,0,0
CUST02581,34,Female,Georgia,Outerwear,Fall,1,72.7,1,25,Debit Card,Standard,4.1,0.02,0.792,72.7,Low,1,0,0,25-34,0,1
CUST02582,52,Female,Florida,Outerwear,Winter,4,72.66,1,10,PayPal,Standard,3.4,0.18,0.617,290.64,Mid,0,0,0,45-54,0,0
CUST02583,28,Female,New York,Footwear,Fall,28,215.33,0,0,Credit Card,Free Shipping,4.0,0.11,0.0,6029.240000000001,High,1,1,1,25-34,1,0
CUST02584,38,Female,Florida,Clothing,Winter,4,166.56,0,0,Debit Card,Free Shipping,2.2,0.07,0.15,666.24,High,0,0,0,35-44,1,0
CUST02585,43,Male,Florida,Accessories,Fall,7,43.53,0,0,Buy Now Pay Later,Standard,3.8,0.3,0.0,304.71000000000004,Mid,0,1,0,35-44,0,0
CUST02586,21,Male,Illinois,Clothing,Fall,4,53.27,1,10,Debit Card,Standard,2.3,0.5,0.767,213.08,Low,0,0,0,18-24,0,1
CUST02587,51,Male,Illinois,Clothing,Winter,4,116.28,1,5,Buy Now Pay Later,Free Shipping,2.8,0.2,0.708,465.12,Mid,0,0,0,45-54,1,0
CUST02588,35,Non-binary,Illinois,Footwear,Summer,5,131.37,1,10,Debit Card,Standard,5.0,0.8,0.617,656.85,High,1,0,0,35-44,1,0
CUST02589,57,Female,California,Clothing,Spring,7,81.32,1,25,Buy Now Pay Later,Express,2.1,0.16,0.942,569.24,High,0,0,0,55-64,0,0
CUST02590,52,Male,Illinois,Outerwear,Spring,9,186.35,0,0,Debit Card,Free Shipping,3.8,0.16,0.0,1677.1499999999999,High,0,1,0,45-54,1,0
CUST02591,58,Female,Texas,Outerwear,Winter,5,48.73,1,15,Credit Card,Free Shipping,2.2,0.58,0.825,243.64999999999998,Mid,0,0,0,55-64,0,0
CUST02592,46,Female,California,Clothing,Fall,7,115.19,0,0,Debit Card,Express,1.0,0.26,0.15,806.3299999999999,High,0,1,0,45-54,1,0
CUST02593,46,Male,Tennessee,Accessories,Fall,1,84.72,0,0,Credit Card,Standard,1.2,0.15,0.15,84.72,Low,0,0,0,45-54,0,0
CUST02594,55,Female,Washington,Accessories,Fall,21,130.22,0,0,Credit Card,Standard,3.2,0.05,0.0,2734.62,High,0,1,0,55-64,1,0
CUST02595,59,Male,Arizona,Outerwear,Fall,29,184.57,0,0,Apple Pay,Free Shipping,5.0,0.09,0.0,5352.53,High,1,1,1,55-64,1,0
CUST02596,38,Female,Florida,Footwear,Fall,7,79.75,0,0,Credit Card,Free Shipping,1.1,0.22,0.15,558.25,High,0,1,0,35-44,0,0
CUST02597,59,Male,Massachusetts,Clothing,Summer,3,29.28,1,25,PayPal,Express,2.5,0.15,0.942,87.84,Low,0,0,0,55-64,0,1
CUST02598,30,Female,Arizona,Accessories,Winter,1,89.17,0,0,Credit Card,Free Shipping,2.1,0.14,0.15,89.17,Low,0,0,0,25-34,1,0
CUST02599,58,Female,Georgia,Accessories,Spring,6,65.6,1,10,Credit Card,Overnight,4.0,0.48,0.617,393.59999999999997,Mid,1,0,0,55-64,0,0
CUST02600,34,Male,New York,Outerwear,Fall,7,37.58,1,25,Buy Now Pay Later,Overnight,5.0,0.32,0.792,263.06,Mid,1,0,0,25-34,0,0
CUST02601,26,Non-binary,Tennessee,Clothing,Fall,7,95.74,0,0,Debit Card,Free Shipping,1.3,0.56,0.15,670.18,High,0,1,0,25-34,1,0
CUST02602,58,Female,North Carolina,Clothing,Spring,7,100.82,0,0,PayPal,Overnight,4.5,0.22,0.0,705.74,High,1,1,1,55-64,1,0
CUST02603,18,Male,Virginia,Outerwear,Spring,11,233.82,1,15,PayPal,Express,4.0,0.05,0.675,2572.02,High,1,0,1,18-24,1,0
CUST02604,19,Male,Texas,Outerwear,Winter,3,104.72,1,15,Debit Card,Standard,3.8,0.48,0.675,314.15999999999997,Mid,0,0,0,18-24,1,0
CUST02605,46,Female,Texas,Outerwear,Summer,2,120.17,0,0,Apple Pay,Overnight,1.2,0.07,0.15,240.34,Mid,0,0,0,45-54,1,0
CUST02606,50,Male,New York,Accessories,Fall,5,72.86,1,10,PayPal,Express,3.7,0.37,0.617,364.3,Mid,0,0,0,45-54,0,0
CUST02607,27,Male,Texas,Footwear,Spring,2,57.34,0,0,Debit Card,Standard,3.1,0.16,0.0,114.68,Low,0,0,0,25-34,0,0
CUST02608,57,Male,Virginia,Accessories,Summer,18,177.03,0,0,Apple Pay,Free Shipping,3.1,0.03,0.0,3186.54,High,0,1,0,55-64,1,0
CUST02609,38,Male,California,Clothing,Winter,2,80.84,1,5,Credit Card,Overnight,1.0,0.12,0.708,161.68,Low,0,0,0,35-44,0,1
CUST02610,45,Female,California,Accessories,Summer,17,189.37,1,20,Debit Card,Free Shipping,5.0,0.03,0.733,3219.29,High,1,0,1,45-54,1,0
CUST02611,28,Male,Texas,Clothing,Winter,19,138.39,1,25,Buy Now Pay Later,Standard,3.7,0.02,0.792,2629.41,High,0,0,0,25-34,1,0
CUST02612,51,Male,Texas,Clothing,Summer,1,91.21,0,0,PayPal,Express,1.0,0.56,0.15,91.21,Low,0,0,0,45-54,1,0
CUST02613,25,Male,Texas,Outerwear,Summer,5,111.75,1,15,Apple Pay,Standard,4.2,0.37,0.675,558.75,High,1,0,0,25-34,1,0
CUST02614,39,Male,Ohio,Clothing,Fall,3,31.17,1,20,PayPal,Free Shipping,4.6,0.64,0.733,93.51,Low,1,0,0,35-44,0,1
CUST02615,25,Female,Washington,Outerwear,Fall,3,76.69,1,20,Apple Pay,Standard,5.0,0.44,0.733,230.07,Mid,1,0,0,25-34,0,0
CUST02616,32,Male,California,Clothing,Winter,5,48.55,1,10,Buy Now Pay Later,Overnight,1.9,0.18,0.767,242.75,Mid,0,0,0,25-34,0,0
CUST02617,34,Non-binary,Florida,Clothing,Summer,1,81.71,1,15,Credit Card,Free Shipping,2.6,0.09,0.825,81.71,Low,0,0,0,25-34,0,1
CUST02618,40,Female,Florida,Footwear,Fall,3,84.13,1,20,Credit Card,Standard,5.0,0.08,0.733,252.39,Mid,1,0,0,35-44,0,0
CUST02619,41,Male,California,Footwear,Fall,6,37.62,1,10,Debit Card,Free Shipping,2.8,0.19,0.767,225.71999999999997,Mid,0,0,0,35-44,0,0
CUST02620,62,Female,Colorado,Accessories,Fall,21,141.29,1,15,PayPal,Free Shipping,3.1,0.24,0.675,2967.0899999999997,High,0,0,0,55-64,1,0
CUST02621,36,Male,Colorado,Outerwear,Summer,1,79.94,1,15,Credit Card,Standard,2.9,0.15,0.825,79.94,Low,0,0,0,35-44,0,1
CUST02622,22,Female,Georgia,Clothing,Winter,1,130.64,0,0,Credit Card,Standard,1.0,0.45,0.15,130.64,Low,0,0,0,18-24,1,0
CUST02623,49,Non-binary,Georgia,Outerwear,Fall,1,68.62,1,20,Credit Card,Standard,2.0,0.37,0.883,68.62,Low,0,0,0,45-54,0,1
CUST02624,61,Male,California,Clothing,Winter,3,95.0,0,0,Buy Now Pay Later,Standard,2.9,0.36,0.15,285.0,Mid,0,0,0,55-64,1,0
CUST02625,18,Male,Tennessee,Outerwear,Winter,4,99.96,0,0,PayPal,Free Shipping,3.0,0.23,0.0,399.84,Mid,0,0,0,18-24,1,0
CUST02626,40,Female,North Carolina,Accessories,Spring,17,114.88,0,0,Debit Card,Free Shipping,4.8,0.15,0.0,1952.96,High,1,1,1,35-44,1,0
CUST02627,54,Male,Massachusetts,Footwear,Fall,2,17.12,1,20,Credit Card,Standard,1.0,0.21,0.883,34.24,Low,0,0,0,45-54,0,1
CUST02628,25,Male,California,Footwear,Winter,5,30.57,0,0,Debit Card,Express,5.0,0.07,0.0,152.85,Low,1,0,0,25-34,0,0
CUST02629,30,Male,Tennessee,Clothing,Winter,1,81.41,0,0,Credit Card,Express,3.0,0.03,0.0,81.41,Low,0,0,0,25-34,0,0
CUST02630,25,Male,Ohio,Outerwear,Spring,3,78.17,1,20,Credit Card,Standard,4.0,0.26,0.733,234.51,Mid,1,0,0,25-34,0,0
CUST02631,40,Female,North Carolina,Clothing,Winter,5,27.05,0,0,Apple Pay,Standard,4.8,0.1,0.0,135.25,Low,1,0,0,35-44,0,0
CUST02632,60,Male,California,Clothing,Summer,4,74.52,1,10,Buy Now Pay Later,Standard,5.0,0.52,0.617,298.08,Mid,1,0,0,55-64,0,0
CUST02633,18,Male,Georgia,Footwear,Fall,6,49.83,1,15,Credit Card,Express,1.0,0.32,0.825,298.98,Mid,0,0,0,18-24,0,0
CUST02634,62,Female,Tennessee,Clothing,Fall,4,31.79,1,20,Credit Card,Overnight,4.6,0.12,0.733,127.16,Low,1,0,0,55-64,0,1
CUST02635,41,Male,Colorado,Clothing,Winter,3,78.93,0,0,Credit Card,Overnight,5.0,0.15,0.0,236.79000000000002,Mid,1,0,0,35-44,0,0
CUST02636,52,Male,Washington,Accessories,Winter,1,98.93,1,10,Debit Card,Standard,1.8,0.49,0.767,98.93,Low,0,0,0,45-54,1,1
CUST02637,41,Female,Tennessee,Footwear,Winter,4,149.76,0,0,Credit Card,Free Shipping,3.2,0.27,0.0,599.04,High,0,0,0,35-44,1,0
CUST02638,34,Male,Florida,Clothing,Winter,7,159.01,0,0,Credit Card,Overnight,1.2,0.72,0.15,1113.07,High,0,1,0,25-34,1,0
CUST02639,22,Female,Washington,Accessories,Summer,4,109.28,1,15,Credit Card,Free Shipping,5.0,0.59,0.675,437.12,Mid,1,0,0,18-24,1,0
CUST02640,37,Female,Florida,Footwear,Spring,4,96.32,0,0,PayPal,Express,2.9,0.15,0.15,385.28,Mid,0,0,0,35-44,1,0
CUST02641,38,Male,Tennessee,Outerwear,Spring,7,73.09,1,10,PayPal,Free Shipping,1.0,0.57,0.767,511.63,High,0,0,0,35-44,0,0
CUST02642,57,Female,California,Outerwear,Spring,6,90.22,0,0,PayPal,Free Shipping,5.0,0.36,0.0,541.3199999999999,High,1,0,0,55-64,1,0
CUST02643,48,Male,Illinois,Footwear,Winter,3,81.17,1,10,Debit Card,Express,4.2,0.27,0.617,243.51,Mid,1,0,0,45-54,0,0
CUST02644,63,Male,Colorado,Footwear,Summer,5,124.17,0,0,Apple Pay,Standard,1.8,0.13,0.15,620.85,High,0,0,0,55-64,1,0
CUST02645,53,Female,Ohio,Accessories,Winter,2,119.84,1,15,Buy Now Pay Later,Free Shipping,1.0,0.27,0.825,239.68,Mid,0,0,0,45-54,1,0
CUST02646,28,Female,Washington,Clothing,Fall,3,35.39,1,20,Credit Card,Overnight,4.4,0.39,0.733,106.17,Low,1,0,0,25-34,0,1
CUST02647,32,Male,Massachusetts,Footwear,Winter,10,176.25,0,0,Credit Card,Free Shipping,3.9,0.07,0.0,1762.5,High,0,1,0,25-34,1,0
CUST02648,36,Female,Tennessee,Outerwear,Winter,3,106.66,1,10,Debit Card,Free Shipping,1.0,0.42,0.767,319.98,Mid,0,0,0,35-44,1,0
CUST02649,24,Female,California,Footwear,Fall,3,80.56,0,0,Credit Card,Express,2.5,0.17,0.15,241.68,Mid,0,0,0,18-24,0,0
CUST02650,45,Non-binary,Florida,Clothing,Summer,6,52.92,1,25,Debit Card,Standard,4.0,0.04,0.792,317.52,Mid,1,0,0,45-54,0,0
CUST02651,60,Female,California,Accessories,Summer,2,119.29,1,5,Debit Card,Standard,4.7,0.26,0.558,238.58,Mid,1,0,0,55-64,1,0
CUST02652,22,Male,New York,Footwear,Summer,2,50.4,1,25,Debit Card,Free Shipping,3.0,0.66,0.792,100.8,Low,0,0,0,18-24,0,1
CUST02653,22,Male,Illinois,Footwear,Spring,2,91.82,1,15,Credit Card,Standard,4.3,0.07,0.675,183.64,Low,1,0,0,18-24,1,1
CUST02654,47,Female,Massachusetts,Footwear,Fall,5,55.41,1,25,Debit Card,Standard,1.2,0.28,0.942,277.04999999999995,Mid,0,0,0,45-54,0,0
CUST02655,49,Male,North Carolina,Accessories,Fall,3,121.94,1,25,Buy Now Pay Later,Overnight,3.8,0.16,0.792,365.82,Mid,0,0,0,45-54,1,0
CUST02656,25,Female,California,Clothing,Spring,6,96.6,1,25,Credit Card,Overnight,3.1,0.04,0.792,579.5999999999999,High,0,0,0,25-34,1,0
CUST02657,27,Male,California,Outerwear,Winter,1,62.42,1,15,PayPal,Standard,4.0,0.43,0.675,62.42,Low,1,0,0,25-34,0,1
CUST02658,55,Male,Washington,Footwear,Winter,28,133.25,1,15,Credit Card,Standard,3.2,0.05,0.675,3731.0,High,0,0,0,55-64,1,0
CUST02659,64,Male,Illinois,Clothing,Spring,7,89.71,1,15,Credit Card,Express,1.9,0.22,0.825,627.9699999999999,High,0,0,0,55-64,1,0
CUST02660,49,Non-binary,Texas,Clothing,Spring,2,63.31,1,10,Debit Card,Standard,1.1,0.15,0.767,126.62,Low,0,0,0,45-54,0,1
CUST02661,45,Male,Massachusetts,Outerwear,Summer,7,66.57,1,10,Credit Card,Free Shipping,5.0,0.59,0.617,465.98999999999995,Mid,1,0,0,45-54,0,0
CUST02662,34,Female,Massachusetts,Outerwear,Fall,3,97.21,1,15,Credit Card,Standard,3.5,0.43,0.675,291.63,Mid,0,0,0,25-34,1,0
CUST02663,48,Male,Florida,Accessories,Winter,1,84.81,0,0,Credit Card,Free Shipping,2.1,0.18,0.15,84.81,Low,0,0,0,45-54,0,0
CUST02664,25,Male,Massachusetts,Clothing,Fall,13,207.88,0,0,Debit Card,Free Shipping,5.0,0.1,0.0,2702.44,High,1,1,1,25-34,1,0
CUST02665,57,Male,New York,Clothing,Fall,2,73.33,1,30,PayPal,Overnight,1.7,0.2,1.0,146.66,Low,0,0,0,55-64,0,1
CUST02666,42,Female,Georgia,Clothing,Summer,3,106.87,1,10,Credit Card,Standard,2.9,0.28,0.767,320.61,Mid,0,0,0,35-44,1,0
CUST02667,26,Male,Florida,Footwear,Fall,23,181.05,1,20,PayPal,Express,2.9,0.19,0.883,4164.150000000001,High,0,0,0,25-34,1,0
CUST02668,19,Male,California,Accessories,Spring,6,46.35,1,20,Credit Card,Express,2.9,0.07,0.883,278.1,Mid,0,0,0,18-24,0,0
CUST02669,32,Male,Massachusetts,Footwear,Fall,7,131.5,0,0,PayPal,Standard,1.8,0.29,0.15,920.5,High,0,1,0,25-34,1,0
CUST02670,20,Male,Florida,Footwear,Summer,5,90.4,0,0,Debit Card,Free Shipping,3.9,0.3,0.0,452.0,Mid,0,0,0,18-24,1,0
CUST02671,53,Non-binary,Georgia,Clothing,Spring,6,82.21,0,0,PayPal,Express,5.0,0.39,0.0,493.26,Mid,1,0,0,45-54,0,0
CUST02672,21,Female,New York,Clothing,Fall,27,112.68,0,0,Buy Now Pay Later,Free Shipping,5.0,0.09,0.0,3042.36,High,1,1,1,18-24,1,0
CUST02673,31,Male,California,Clothing,Summer,2,135.93,0,0,Buy Now Pay Later,Standard,5.0,0.09,0.0,271.86,Mid,1,0,0,25-34,1,0
CUST02674,58,Female,California,Clothing,Fall,6,94.17,0,0,Credit Card,Standard,2.2,0.33,0.15,565.02,High,0,0,0,55-64,1,0
CUST02675,58,Female,Illinois,Clothing,Fall,1,85.42,1,15,Apple Pay,Free Shipping,3.4,0.57,0.675,85.42,Low,0,0,0,55-64,1,1
CUST02676,42,Male,Colorado,Footwear,Winter,7,79.54,0,0,Credit Card,Express,4.4,0.21,0.0,556.7800000000001,High,1,1,1,35-44,0,0
CUST02677,27,Female,New York,Footwear,Winter,4,85.53,0,0,Buy Now Pay Later,Express,1.0,0.15,0.15,342.12,Mid,0,0,0,25-34,1,0
CUST02678,38,Female,Colorado,Footwear,Fall,1,66.52,1,10,Credit Card,Express,1.3,0.16,0.767,66.52,Low,0,0,0,35-44,0,1
CUST02679,53,Male,Colorado,Footwear,Summer,1,86.81,1,15,Debit Card,Standard,4.1,0.44,0.675,86.81,Low,1,0,0,45-54,1,1
CUST02680,29,Male,Colorado,Footwear,Summer,1,41.51,1,10,Credit Card,Overnight,2.0,0.14,0.767,41.51,Low,0,0,0,25-34,0,1
CUST02681,44,Non-binary,Illinois,Footwear,Fall,19,132.37,0,0,Credit Card,Standard,4.0,0.09,0.0,2515.03,High,1,1,1,35-44,1,0
CUST02682,57,Female,Massachusetts,Clothing,Summer,3,68.57,1,5,PayPal,Express,4.2,0.51,0.558,205.70999999999998,Low,1,0,0,55-64,0,1
CUST02683,19,Male,Florida,Outerwear,Summer,6,60.32,1,10,Buy Now Pay Later,Express,2.3,0.16,0.767,361.92,Mid,0,0,0,18-24,0,0
CUST02684,30,Male,Florida,Clothing,Summer,19,162.79,0,0,PayPal,Free Shipping,3.1,0.01,0.0,3093.0099999999998,High,0,1,0,25-34,1,0
CUST02685,49,Male,Texas,Clothing,Summer,29,192.21,0,0,PayPal,Express,3.9,0.03,0.0,5574.09,High,0,1,0,45-54,1,0
CUST02686,48,Female,New York,Clothing,Winter,7,35.17,1,30,PayPal,Standard,4.9,0.27,0.85,246.19,Mid,1,0,0,45-54,0,0
CUST02687,33,Female,California,Outerwear,Summer,4,54.03,0,0,Credit Card,Express,1.0,0.12,0.15,216.12,Low,0,0,0,25-34,0,0
CUST02688,49,Non-binary,Arizona,Outerwear,Summer,6,92.03,0,0,Credit Card,Standard,1.1,0.44,0.15,552.1800000000001,High,0,0,0,45-54,1,0
CUST02689,49,Male,Texas,Footwear,Summer,1,57.61,0,0,Credit Card,Standard,5.0,0.24,0.0,57.61,Low,1,0,0,45-54,0,0
CUST02690,51,Female,New York,Footwear,Spring,6,22.95,1,15,Debit Card,Standard,1.8,0.3,0.825,137.7,Low,0,0,0,45-54,0,1
CUST02691,28,Female,Ohio,Accessories,Summer,7,113.83,0,0,Credit Card,Express,4.1,0.51,0.0,796.81,High,1,1,0,25-34,1,0
CUST02692,27,Male,New York,Outerwear,Summer,2,35.43,1,15,Credit Card,Standard,2.1,0.2,0.825,70.86,Low,0,0,0,25-34,0,1
CUST02693,32,Male,Texas,Footwear,Fall,6,61.65,1,15,Credit Card,Express,1.7,0.34,0.825,369.9,Mid,0,0,0,25-34,0,0
CUST02694,34,Non-binary,Texas,Outerwear,Fall,16,196.36,0,0,Credit Card,Free Shipping,2.9,0.05,0.15,3141.76,High,0,1,0,25-34,1,0
CUST02695,57,Female,Ohio,Clothing,Fall,6,52.0,0,0,Apple Pay,Overnight,2.3,0.47,0.15,312.0,Mid,0,0,0,55-64,0,0
CUST02696,35,Female,California,Clothing,Spring,7,96.9,0,0,Credit Card,Standard,2.9,0.17,0.15,678.3000000000001,High,0,1,0,35-44,1,0
CUST02697,26,Female,Florida,Outerwear,Summer,17,154.24,1,5,Debit Card,Standard,5.0,0.1,0.558,2622.08,High,1,0,1,25-34,1,0
CUST02698,42,Male,Illinois,Clothing,Summer,6,69.46,1,10,Debit Card,Overnight,3.0,0.38,0.617,416.76,Mid,0,0,0,35-44,0,0
CUST02699,57,Female,Colorado,Outerwear,Fall,4,18.35,1,15,Debit Card,Free Shipping,4.0,0.13,0.675,73.4,Low,1,0,0,55-64,0,1
CUST02700,31,Female,Arizona,Accessories,Spring,1,146.24,0,0,Credit Card,Standard,5.0,0.19,0.0,146.24,Low,1,0,0,25-34,1,0
CUST02701,42,Female,North Carolina,Outerwear,Spring,3,97.53,0,0,Credit Card,Free Shipping,5.0,0.21,0.0,292.59000000000003,Mid,1,0,0,35-44,1,0
CUST02702,39,Non-binary,California,Clothing,Spring,3,107.1,1,20,Credit Card,Express,4.3,0.13,0.733,321.29999999999995,Mid,1,0,0,35-44,1,0
CUST02703,47,Female,New York,Footwear,Fall,6,129.71,0,0,Debit Card,Express,3.9,0.4,0.0,778.26,High,0,0,0,45-54,1,0
CUST02704,37,Male,New York,Accessories,Fall,6,126.57,0,0,Credit Card,Free Shipping,2.1,0.27,0.15,759.42,High,0,0,0,35-44,1,0
CUST02705,38,Female,California,Footwear,Fall,4,61.07,1,20,Debit Card,Overnight,1.2,0.06,0.883,244.28,Mid,0,0,0,35-44,0,0
CUST02706,61,Male,New York,Accessories,Fall,7,86.6,0,0,PayPal,Free Shipping,3.0,0.29,0.0,606.1999999999999,High,0,1,0,55-64,1,0
CUST02707,49,Male,New York,Outerwear,Spring,7,40.1,1,20,Debit Card,Standard,3.9,0.37,0.733,280.7,Mid,0,0,0,45-54,0,0
CUST02708,63,Male,Illinois,Footwear,Fall,5,70.46,1,20,Debit Card,Express,5.0,0.45,0.733,352.29999999999995,Mid,1,0,0,55-64,0,0
CUST02709,38,Male,Arizona,Clothing,Spring,10,101.26,1,25,Debit Card,Express,3.9,0.08,0.792,1012.6,High,0,0,0,35-44,1,0
CUST02710,52,Female,New York,Outerwear,Winter,4,114.28,1,15,Apple Pay,Standard,1.0,0.32,0.825,457.12,Mid,0,0,0,45-54,1,0
CUST02711,49,Female,Colorado,Clothing,Spring,28,142.24,0,0,Credit Card,Express,4.0,0.02,0.0,3982.7200000000003,High,1,1,1,45-54,1,0
CUST02712,47,Female,New York,Clothing,Winter,6,80.1,1,25,PayPal,Standard,5.0,0.57,0.792,480.59999999999997,Mid,1,0,0,45-54,0,0
CUST02713,56,Female,New York,Clothing,Spring,6,52.28,1,20,PayPal,Standard,1.0,0.18,0.883,313.68,Mid,0,0,0,55-64,0,0
CUST02714,29,Male,Illinois,Outerwear,Fall,15,162.39,0,0,Debit Card,Standard,2.7,0.15,0.15,2435.85,High,0,1,0,25-34,1,0
CUST02715,58,Female,California,Clothing,Winter,2,22.25,1,25,Credit Card,Overnight,3.0,0.46,0.792,44.5,Low,0,0,0,55-64,0,1
CUST02716,64,Male,California,Clothing,Fall,9,131.41,1,25,Debit Card,Free Shipping,2.5,0.02,0.942,1182.69,High,0,0,0,55-64,1,0
CUST02717,35,Male,Florida,Outerwear,Summer,6,81.32,1,10,Credit Card,Express,1.0,0.05,0.767,487.91999999999996,Mid,0,0,0,35-44,0,0
CUST02718,38,Female,Tennessee,Footwear,Spring,14,168.59,0,0,Credit Card,Express,5.0,0.09,0.0,2360.26,High,1,1,1,35-44,1,0
CUST02719,30,Male,Georgia,Clothing,Fall,24,226.16,0,0,Credit Card,Standard,4.2,0.25,0.0,5427.84,High,1,1,0,25-34,1,0
CUST02720,38,Male,California,Footwear,Fall,7,132.45,0,0,Credit Card,Free Shipping,5.0,0.62,0.0,927.1499999999999,High,1,1,0,35-44,1,0
CUST02721,25,Female,North Carolina,Outerwear,Summer,3,125.51,0,0,Debit Card,Express,1.0,0.59,0.15,376.53000000000003,Mid,0,0,0,25-34,1,0
CUST02722,63,Female,Georgia,Clothing,Summer,14,205.84,0,0,Apple Pay,Free Shipping,4.9,0.05,0.0,2881.76,High,1,1,1,55-64,1,0
CUST02723,57,Male,Washington,Footwear,Summer,7,51.94,1,20,Credit Card,Free Shipping,4.9,0.3,0.733,363.58,Mid,1,0,0,55-64,0,0
CUST02724,63,Non-binary,North Carolina,Accessories,Winter,18,151.23,0,0,Buy Now Pay Later,Standard,4.3,0.01,0.0,2722.14,High,1,1,1,55-64,1,0
CUST02725,24,Female,Florida,Footwear,Winter,4,116.59,0,0,Buy Now Pay Later,Express,1.0,0.24,0.15,466.36,Mid,0,0,0,18-24,1,0
CUST02726,40,Female,Texas,Accessories,Winter,1,95.3,0,0,Buy Now Pay Later,Free Shipping,3.9,0.11,0.0,95.3,Low,0,0,0,35-44,1,0
CUST02727,61,Male,Illinois,Footwear,Summer,4,97.49,0,0,Apple Pay,Standard,5.0,0.53,0.0,389.96,Mid,1,0,0,55-64,1,0
CUST02728,49,Female,Illinois,Clothing,Winter,6,86.71,1,15,Debit Card,Overnight,2.9,0.04,0.825,520.26,High,0,0,0,45-54,1,0
CUST02729,28,Female,Illinois,Footwear,Summer,26,183.39,0,0,Credit Card,Free Shipping,3.4,0.15,0.0,4768.139999999999,High,0,1,0,25-34,1,0
CUST02730,39,Female,Washington,Clothing,Summer,4,46.6,1,25,Debit Card,Standard,2.1,0.36,0.942,186.4,Low,0,0,0,35-44,0,1
CUST02731,39,Female,Tennessee,Accessories,Spring,29,216.92,1,10,Debit Card,Free Shipping,4.2,0.11,0.617,6290.679999999999,High,1,0,1,35-44,1,0
CUST02732,60,Male,Massachusetts,Clothing,Summer,5,63.93,0,0,Apple Pay,Free Shipping,1.0,0.12,0.15,319.65,Mid,0,0,0,55-64,0,0
CUST02733,42,Male,Virginia,Footwear,Spring,6,77.29,1,20,Buy Now Pay Later,Overnight,3.2,0.57,0.733,463.74,Mid,0,0,0,35-44,0,0
CUST02734,39,Male,Ohio,Clothing,Spring,5,36.13,1,10,Debit Card,Standard,2.8,0.32,0.767,180.65,Low,0,0,0,35-44,0,1
CUST02735,45,Male,Tennessee,Accessories,Spring,9,155.92,0,0,Credit Card,Standard,5.0,0.17,0.0,1403.28,High,1,1,1,45-54,1,0
CUST02736,46,Female,California,Accessories,Summer,26,199.88,0,0,Credit Card,Standard,3.9,0.2,0.0,5196.88,High,0,1,0,45-54,1,0
CUST02737,30,Male,Texas,Footwear,Winter,1,83.34,1,10,Credit Card,Free Shipping,5.0,0.06,0.617,83.34,Low,1,0,0,25-34,0,1
CUST02738,35,Non-binary,Illinois,Accessories,Summer,5,101.38,1,20,Debit Card,Free Shipping,4.8,0.14,0.733,506.9,High,1,0,1,35-44,1,0
CUST02739,19,Female,North Carolina,Footwear,Fall,8,228.4,0,0,Debit Card,Express,2.7,0.07,0.15,1827.2,High,0,1,0,18-24,1,0
CUST02740,46,Male,Illinois,Clothing,Winter,18,126.97,0,0,Apple Pay,Standard,3.0,0.03,0.0,2285.46,High,0,1,0,45-54,1,0
CUST02741,38,Male,Georgia,Clothing,Fall,3,100.35,0,0,Debit Card,Standard,1.0,0.45,0.15,301.04999999999995,Mid,0,0,0,35-44,1,0
CUST02742,32,Female,California,Accessories,Fall,5,77.37,1,5,Apple Pay,Free Shipping,1.0,0.03,0.708,386.85,Mid,0,0,0,25-34,0,0
CUST02743,44,Non-binary,Texas,Outerwear,Fall,7,69.78,1,10,PayPal,Overnight,1.0,0.39,0.767,488.46000000000004,Mid,0,0,0,35-44,0,0
CUST02744,48,Male,Georgia,Clothing,Spring,4,70.08,1,5,Apple Pay,Free Shipping,4.5,0.2,0.558,280.32,Mid,1,0,0,45-54,0,0
CUST02745,32,Male,Texas,Clothing,Fall,5,123.55,0,0,Credit Card,Overnight,5.0,0.11,0.0,617.75,High,1,0,1,25-34,1,0
CUST02746,40,Female,New York,Clothing,Fall,3,78.74,1,15,Apple Pay,Free Shipping,4.9,0.16,0.675,236.21999999999997,Mid,1,0,0,35-44,0,0
CUST02747,41,Female,Texas,Footwear,Spring,7,115.02,0,0,PayPal,Overnight,4.9,0.37,0.0,805.14,High,1,1,0,35-44,1,0
CUST02748,61,Male,New York,Clothing,Spring,15,144.7,0,0,Credit Card,Express,3.0,0.11,0.0,2170.5,High,0,1,0,55-64,1,0
CUST02749,30,Female,Colorado,Footwear,Fall,29,204.72,0,0,Credit Card,Express,5.0,0.1,0.0,5936.88,High,1,1,1,25-34,1,0
CUST02750,39,Male,New York,Clothing,Winter,16,195.16,1,15,Buy Now Pay Later,Free Shipping,5.0,0.07,0.675,3122.56,High,1,0,1,35-44,1,0
CUST02751,60,Male,Illinois,Clothing,Fall,6,103.87,1,5,Credit Card,Overnight,2.9,0.1,0.708,623.22,High,0,0,0,55-64,1,0
CUST02752,54,Male,California,Clothing,Summer,4,78.0,0,0,Debit Card,Standard,5.0,0.19,0.0,312.0,Mid,1,0,0,45-54,0,0
CUST02753,50,Male,Ohio,Footwear,Winter,3,106.16,1,10,Credit Card,Standard,1.9,0.29,0.767,318.48,Mid,0,0,0,45-54,1,0
CUST02754,20,Male,New York,Footwear,Spring,7,55.33,0,0,PayPal,Standard,2.7,0.37,0.15,387.31,Mid,0,1,0,18-24,0,0
CUST02755,36,Female,Arizona,Clothing,Spring,4,79.66,1,10,Apple Pay,Express,4.0,0.31,0.617,318.64,Mid,1,0,0,35-44,0,0
CUST02756,40,Male,Georgia,Outerwear,Fall,2,46.95,1,5,Debit Card,Standard,1.0,0.08,0.708,93.9,Low,0,0,0,35-44,0,1
CUST02757,46,Male,Texas,Clothing,Spring,1,39.82,0,0,Debit Card,Standard,3.2,0.29,0.0,39.82,Low,0,0,0,45-54,0,0
CUST02758,47,Male,Virginia,Footwear,Spring,1,91.46,1,5,Buy Now Pay Later,Express,1.9,0.13,0.708,91.46,Low,0,0,0,45-54,1,1
CUST02759,56,Non-binary,Washington,Accessories,Winter,26,130.6,0,0,PayPal,Standard,4.0,0.19,0.0,3395.6,High,1,1,1,55-64,1,0
CUST02760,61,Male,Florida,Clothing,Spring,1,62.92,1,5,Apple Pay,Free Shipping,3.8,0.15,0.558,62.92,Low,0,0,0,55-64,0,1
CUST02761,64,Male,Texas,Footwear,Fall,11,130.91,0,0,Debit Card,Express,5.0,0.23,0.0,1440.01,High,1,1,1,55-64,1,0
CUST02762,42,Female,Tennessee,Footwear,Summer,1,100.73,1,15,Credit Card,Express,1.0,0.24,0.825,100.73,Low,0,0,0,35-44,1,1
CUST02763,54,Non-binary,Georgia,Clothing,Spring,3,130.95,1,15,Debit Card,Standard,1.9,0.08,0.825,392.84999999999997,Mid,0,0,0,45-54,1,0
CUST02764,64,Male,Texas,Accessories,Summer,3,16.0,1,20,PayPal,Standard,5.0,0.36,0.733,48.0,Low,1,0,0,55-64,0,1
CUST02765,25,Female,New York,Clothing,Summer,5,43.92,1,20,Credit Card,Express,5.0,0.06,0.733,219.60000000000002,Mid,1,0,0,25-34,0,0
CUST02766,59,Female,Ohio,Footwear,Fall,1,20.0,0,0,Credit Card,Free Shipping,2.7,0.28,0.15,20.0,Low,0,0,0,55-64,0,0
CUST02767,33,Female,Colorado,Clothing,Spring,5,40.62,0,0,Credit Card,Free Shipping,4.2,0.51,0.0,203.1,Low,1,0,0,25-34,0,0
CUST02768,25,Male,Georgia,Footwear,Spring,4,82.69,1,20,Debit Card,Standard,1.2,0.2,0.883,330.76,Mid,0,0,0,25-34,0,0
CUST02769,18,Female,Florida,Clothing,Fall,2,83.98,0,0,Apple Pay,Express,3.0,0.43,0.0,167.96,Low,0,0,0,18-24,0,0
CUST02770,61,Male,Colorado,Clothing,Spring,7,28.93,0,0,Credit Card,Standard,3.0,0.42,0.0,202.51,Low,0,1,0,55-64,0,0
CUST02771,22,Female,New York,Clothing,Spring,1,72.46,1,25,PayPal,Free Shipping,1.0,0.38,0.942,72.46,Low,0,0,0,18-24,0,1
CUST02772,20,Female,Texas,Clothing,Winter,4,118.27,1,15,Buy Now Pay Later,Free Shipping,2.3,0.41,0.825,473.08,Mid,0,0,0,18-24,1,0
CUST02773,18,Male,Arizona,Accessories,Spring,6,48.17,0,0,Credit Card,Express,5.0,0.09,0.0,289.02,Mid,1,0,0,18-24,0,0
CUST02774,21,Female,Michigan,Clothing,Fall,7,89.78,1,10,PayPal,Overnight,2.1,0.12,0.767,628.46,High,0,0,0,18-24,1,0
CUST02775,57,Male,New York,Footwear,Spring,25,173.99,0,0,Buy Now Pay Later,Free Shipping,3.2,0.07,0.0,4349.75,High,0,1,0,55-64,1,0
CUST02776,52,Female,Florida,Clothing,Winter,15,179.44,1,15,Buy Now Pay Later,Overnight,3.2,0.1,0.675,2691.6,High,0,0,0,45-54,1,0
CUST02777,49,Male,Colorado,Footwear,Fall,17,228.1,0,0,Credit Card,Overnight,3.2,0.16,0.0,3877.7,High,0,1,0,45-54,1,0
CUST02778,59,Male,Illinois,Accessories,Summer,29,197.68,0,0,Credit Card,Free Shipping,2.8,0.14,0.15,5732.72,High,0,1,0,55-64,1,0
CUST02779,51,Male,North Carolina,Outerwear,Summer,5,132.37,0,0,Credit Card,Express,2.9,0.15,0.15,661.85,High,0,0,0,45-54,1,0
CUST02780,60,Female,Georgia,Outerwear,Fall,7,89.65,1,10,PayPal,Express,4.1,0.09,0.617,627.5500000000001,High,1,0,1,55-64,1,0
CUST02781,42,Male,California,Outerwear,Winter,7,44.59,1,30,PayPal,Free Shipping,4.0,0.25,0.85,312.13,Mid,1,0,0,35-44,0,0
CUST02782,27,Male,Michigan,Footwear,Spring,2,74.57,1,5,PayPal,Overnight,1.2,0.21,0.708,149.14,Low,0,0,0,25-34,0,1
CUST02783,38,Male,Georgia,Clothing,Spring,14,135.25,0,0,Credit Card,Overnight,3.1,0.0,0.0,1893.5,High,0,1,0,35-44,1,0
CUST02784,63,Female,Virginia,Footwear,Summer,7,29.02,0,0,Credit Card,Standard,3.0,0.43,0.0,203.14,Low,0,1,0,55-64,0,0
CUST02785,56,Female,Arizona,Outerwear,Fall,10,170.83,0,0,Debit Card,Standard,4.5,0.01,0.0,1708.3000000000002,High,1,1,1,55-64,1,0
CUST02786,44,Male,Virginia,Clothing,Spring,7,69.54,1,25,Debit Card,Standard,1.2,0.1,0.942,486.78000000000003,Mid,0,0,0,35-44,0,0
CUST02787,44,Male,California,Accessories,Summer,8,148.06,0,0,PayPal,Express,3.2,0.14,0.0,1184.48,High,0,1,0,35-44,1,0
CUST02788,19,Male,New York,Clothing,Summer,7,100.97,0,0,Debit Card,Express,2.4,0.15,0.15,706.79,High,0,1,0,18-24,1,0
CUST02789,58,Male,Virginia,Accessories,Summer,5,30.93,1,10,Credit Card,Free Shipping,4.9,0.26,0.617,154.65,Low,1,0,0,55-64,0,1
CUST02790,30,Male,Texas,Accessories,Summer,3,101.96,1,15,Credit Card,Express,3.6,0.52,0.675,305.88,Mid,0,0,0,25-34,1,0
CUST02791,26,Female,California,Accessories,Winter,5,94.73,1,25,Credit Card,Free Shipping,2.0,0.28,0.942,473.65000000000003,Mid,0,0,0,25-34,1,0
CUST02792,53,Male,Ohio,Accessories,Summer,3,108.16,1,10,Credit Card,Standard,5.0,0.6,0.617,324.48,Mid,1,0,0,45-54,1,0
CUST02793,39,Male,North Carolina,Outerwear,Summer,5,85.71,0,0,Credit Card,Free Shipping,4.9,0.13,0.0,428.54999999999995,Mid,1,0,0,35-44,1,0
CUST02794,59,Male,Texas,Accessories,Fall,6,58.57,1,10,Credit Card,Express,3.3,0.52,0.617,351.42,Mid,0,0,0,55-64,0,0
CUST02795,43,Non-binary,Virginia,Footwear,Winter,5,115.22,1,15,Credit Card,Overnight,4.9,0.22,0.675,576.1,High,1,0,1,35-44,1,0
CUST02796,29,Female,Colorado,Clothing,Spring,2,58.34,1,15,Credit Card,Standard,4.0,0.37,0.675,116.68,Low,1,0,0,25-34,0,1
CUST02797,34,Female,Illinois,Accessories,Fall,28,214.9,0,0,PayPal,Express,4.0,0.05,0.0,6017.2,High,1,1,1,25-34,1,0
CUST02798,31,Male,North Carolina,Accessories,Winter,4,117.4,0,0,Credit Card,Express,2.6,0.32,0.15,469.6,Mid,0,0,0,25-34,1,0
CUST02799,31,Male,Florida,Clothing,Spring,6,129.43,0,0,PayPal,Express,3.8,0.06,0.0,776.58,High,0,0,0,25-34,1,0
CUST02800,51,Male,Texas,Clothing,Fall,4,56.79,1,5,PayPal,Free Shipping,5.0,0.23,0.558,227.16,Mid,1,0,0,45-54,0,0
CUST02801,37,Male,New York,Accessories,Summer,6,130.58,0,0,Debit Card,Free Shipping,1.0,0.05,0.15,783.48,High,0,0,0,35-44,1,0
CUST02802,28,Female,Illinois,Accessories,Spring,4,66.01,0,0,Buy Now Pay Later,Free Shipping,1.1,0.28,0.15,264.04,Mid,0,0,0,25-34,0,0
CUST02803,33,Female,Illinois,Footwear,Summer,2,113.08,0,0,Credit Card,Overnight,4.8,0.14,0.0,226.16,Mid,1,0,0,25-34,1,0
CUST02804,48,Female,Ohio,Clothing,Summer,4,108.16,0,0,PayPal,Free Shipping,4.2,0.14,0.0,432.64,Mid,1,0,0,45-54,1,0
CUST02805,23,Female,Ohio,Clothing,Fall,7,87.45,0,0,Buy Now Pay Later,Free Shipping,5.0,0.26,0.0,612.15,High,1,1,0,18-24,1,0
CUST02806,36,Male,Washington,Footwear,Spring,5,37.18,0,0,Apple Pay,Standard,2.1,0.09,0.15,185.9,Low,0,0,0,35-44,0,0
CUST02807,54,Female,Ohio,Clothing,Spring,2,39.77,1,20,Credit Card,Express,1.0,0.11,0.883,79.54,Low,0,0,0,45-54,0,1
CUST02808,21,Male,Texas,Clothing,Summer,17,262.55,0,0,Credit Card,Standard,3.0,0.09,0.0,4463.35,High,0,1,0,18-24,1,0
CUST02809,64,Male,California,Clothing,Spring,4,101.15,0,0,Credit Card,Standard,1.0,0.4,0.15,404.6,Mid,0,0,0,55-64,1,0
CUST02810,21,Female,Virginia,Clothing,Fall,11,185.71,0,0,PayPal,Standard,3.2,0.01,0.0,2042.8100000000002,High,0,1,0,18-24,1,0
CUST02811,37,Male,California,Clothing,Fall,5,67.72,1,10,PayPal,Standard,4.8,0.29,0.617,338.6,Mid,1,0,0,35-44,0,0
CUST02812,27,Male,Texas,Clothing,Winter,29,207.53,0,0,Credit Card,Overnight,3.2,0.05,0.0,6018.37,High,0,1,0,25-34,1,0
CUST02813,41,Male,Colorado,Clothing,Spring,25,150.54,1,10,Debit Card,Express,4.2,0.25,0.617,3763.5,High,1,0,0,35-44,1,0
CUST02814,52,Female,Florida,Footwear,Summer,2,73.58,0,0,PayPal,Standard,1.0,0.13,0.15,147.16,Low,0,0,0,45-54,0,0
CUST02815,43,Female,Virginia,Clothing,Summer,6,75.76,1,25,Debit Card,Free Shipping,5.0,0.47,0.792,454.56000000000006,Mid,1,0,0,35-44,0,0
CUST02816,54,Male,New York,Accessories,Spring,1,43.91,0,0,Apple Pay,Free Shipping,1.0,0.01,0.15,43.91,Low,0,0,0,45-54,0,0
CUST02817,55,Female,California,Outerwear,Summer,4,83.64,1,5,PayPal,Free Shipping,4.2,0.5,0.558,334.56,Mid,1,0,0,55-64,0,0
CUST02818,38,Male,New York,Footwear,Spring,5,47.81,1,20,Credit Card,Express,4.9,0.34,0.733,239.05,Mid,1,0,0,35-44,0,0
CUST02819,57,Male,Washington,Clothing,Spring,3,93.03,0,0,PayPal,Express,1.0,0.11,0.15,279.09000000000003,Mid,0,0,0,55-64,1,0
CUST02820,56,Female,New York,Outerwear,Spring,2,42.16,1,10,Credit Card,Standard,5.0,0.03,0.617,84.32,Low,1,0,0,55-64,0,1
CUST02821,38,Female,Illinois,Clothing,Summer,6,110.92,1,15,Debit Card,Standard,5.0,0.46,0.675,665.52,High,1,0,0,35-44,1,0
CUST02822,27,Non-binary,Virginia,Clothing,Spring,2,23.88,1,15,Buy Now Pay Later,Standard,1.6,0.37,0.825,47.76,Low,0,0,0,25-34,0,1
CUST02823,55,Male,Massachusetts,Outerwear,Winter,4,109.68,1,10,Apple Pay,Express,1.0,0.29,0.767,438.72,Mid,0,0,0,55-64,1,0
CUST02824,63,Female,Texas,Outerwear,Fall,6,51.81,1,30,Debit Card,Free Shipping,5.0,0.17,0.85,310.86,Mid,1,0,0,55-64,0,0
CUST02825,21,Female,Florida,Accessories,Spring,4,90.78,1,15,Credit Card,Standard,3.2,0.56,0.675,363.12,Mid,0,0,0,18-24,1,0
CUST02826,62,Female,Illinois,Footwear,Summer,1,75.94,1,25,Credit Card,Standard,2.6,0.1,0.942,75.94,Low,0,0,0,55-64,0,1
CUST02827,37,Male,Tennessee,Footwear,Fall,5,56.77,1,15,Debit Card,Standard,2.0,0.52,0.825,283.85,Mid,0,0,0,35-44,0,0
CUST02828,34,Female,Michigan,Clothing,Spring,6,56.47,1,20,Credit Card,Overnight,5.0,0.48,0.733,338.82,Mid,1,0,0,25-34,0,0
CUST02829,24,Female,Texas,Clothing,Summer,6,115.64,1,5,Debit Card,Standard,1.1,0.24,0.708,693.84,High,0,0,0,18-24,1,0
CUST02830,21,Male,Georgia,Accessories,Spring,12,122.31,0,0,Credit Card,Express,5.0,0.3,0.0,1467.72,High,1,1,0,18-24,1,0
CUST02831,46,Male,New York,Outerwear,Summer,11,217.72,0,0,Credit Card,Standard,5.0,0.03,0.0,2394.92,High,1,1,1,45-54,1,0
CUST02832,31,Male,California,Clothing,Winter,3,67.48,1,5,Credit Card,Express,4.0,0.41,0.558,202.44,Low,1,0,0,25-34,0,1
CUST02833,20,Female,California,Footwear,Summer,7,61.47,1,20,Buy Now Pay Later,Standard,5.0,0.37,0.733,430.28999999999996,Mid,1,0,0,18-24,0,0
CUST02834,41,Female,Florida,Clothing,Fall,6,142.97,0,0,PayPal,Express,1.8,0.5,0.15,857.8199999999999,High,0,0,0,35-44,1,0
CUST02835,54,Female,Florida,Accessories,Summer,2,110.12,1,20,Credit Card,Standard,1.9,0.47,0.883,220.24,Mid,0,0,0,45-54,1,0
CUST02836,33,Female,California,Footwear,Summer,2,101.06,1,30,Credit Card,Free Shipping,4.9,0.29,0.85,202.12,Low,1,0,0,25-34,1,1
CUST02837,21,Female,Colorado,Footwear,Fall,27,152.13,0,0,Debit Card,Express,3.2,0.01,0.0,4107.51,High,0,1,0,18-24,1,0
CUST02838,41,Male,New York,Clothing,Fall,27,164.27,0,0,Credit Card,Overnight,4.9,0.16,0.0,4435.29,High,1,1,1,35-44,1,0
CUST02839,51,Male,Illinois,Accessories,Fall,3,74.35,1,15,Debit Card,Express,2.2,0.15,0.825,223.04999999999998,Mid,0,0,0,45-54,0,0
CUST02840,47,Female,New York,Accessories,Spring,7,51.27,1,20,Apple Pay,Standard,1.0,0.29,0.883,358.89000000000004,Mid,0,0,0,45-54,0,0
CUST02841,35,Male,Texas,Clothing,Fall,2,87.24,1,25,PayPal,Standard,2.1,0.18,0.942,174.48,Low,0,0,0,35-44,1,1
CUST02842,36,Male,Florida,Clothing,Fall,14,64.9,0,0,PayPal,Express,3.1,0.09,0.0,908.6000000000001,High,0,1,0,35-44,0,0
CUST02843,48,Female,Texas,Footwear,Spring,5,70.15,0,0,Debit Card,Express,2.1,0.56,0.15,350.75,Mid,0,0,0,45-54,0,0
CUST02844,36,Male,Illinois,Accessories,Spring,6,67.7,1,5,Buy Now Pay Later,Express,2.2,0.46,0.708,406.20000000000005,Mid,0,0,0,35-44,0,0
CUST02845,63,Male,Texas,Clothing,Fall,2,59.22,0,0,Buy Now Pay Later,Overnight,2.9,0.41,0.15,118.44,Low,0,0,0,55-64,0,0
CUST02846,36,Male,Illinois,Accessories,Summer,15,186.46,0,0,Debit Card,Free Shipping,3.9,0.05,0.0,2796.9,High,0,1,0,35-44,1,0
CUST02847,39,Male,Texas,Outerwear,Fall,2,103.67,0,0,Credit Card,Free Shipping,4.8,0.45,0.0,207.34,Low,1,0,0,35-44,1,0
CUST02848,41,Female,Colorado,Clothing,Fall,6,48.25,1,20,Debit Card,Standard,2.0,0.09,0.883,289.5,Mid,0,0,0,35-44,0,0
CUST02849,62,Female,Georgia,Footwear,Fall,2,116.83,0,0,Credit Card,Express,3.0,0.09,0.0,233.66,Mid,0,0,0,55-64,1,0
CUST02850,29,Female,California,Clothing,Summer,15,178.43,0,0,PayPal,Standard,5.0,0.23,0.0,2676.4500000000003,High,1,1,1,25-34,1,0
CUST02851,47,Male,Florida,Clothing,Summer,18,141.7,1,15,Debit Card,Overnight,3.1,0.05,0.675,2550.6,High,0,0,0,45-54,1,0
CUST02852,55,Female,California,Clothing,Fall,2,43.62,1,10,Credit Card,Standard,3.1,0.03,0.617,87.24,Low,0,0,0,55-64,0,1
CUST02853,48,Female,Washington,Accessories,Winter,3,39.61,1,25,Credit Card,Standard,4.0,0.11,0.792,118.83,Low,1,0,0,45-54,0,1
CUST02854,53,Female,Texas,Footwear,Summer,6,105.4,1,10,Debit Card,Free Shipping,2.1,0.59,0.767,632.4000000000001,High,0,0,0,45-54,1,0
CUST02855,36,Male,Illinois,Clothing,Winter,6,116.31,1,15,Apple Pay,Express,1.4,0.18,0.825,697.86,High,0,0,0,35-44,1,0
CUST02856,62,Female,Illinois,Footwear,Summer,4,18.0,1,10,Debit Card,Standard,1.0,0.24,0.767,72.0,Low,0,0,0,55-64,0,1
CUST02857,53,Female,Massachusetts,Accessories,Spring,24,214.68,1,5,PayPal,Standard,2.6,0.19,0.708,5152.32,High,0,0,0,45-54,1,0
CUST02858,47,Female,Illinois,Clothing,Winter,3,110.85,1,15,Credit Card,Express,5.0,0.11,0.675,332.54999999999995,Mid,1,0,0,45-54,1,0
CUST02859,50,Female,Washington,Accessories,Fall,6,74.96,0,0,Debit Card,Free Shipping,1.8,0.66,0.15,449.76,Mid,0,0,0,45-54,0,0
CUST02860,35,Male,Florida,Footwear,Winter,1,109.64,1,10,Debit Card,Express,2.7,0.3,0.767,109.64,Low,0,0,0,35-44,1,1
CUST02861,45,Female,Tennessee,Footwear,Fall,2,79.05,1,10,PayPal,Free Shipping,1.1,0.08,0.767,158.1,Low,0,0,0,45-54,0,1
CUST02862,64,Male,Ohio,Footwear,Spring,3,95.95,0,0,Credit Card,Standard,1.8,0.1,0.15,287.85,Mid,0,0,0,55-64,1,0
CUST02863,28,Female,New York,Clothing,Fall,2,123.44,0,0,Debit Card,Express,2.3,0.27,0.15,246.88,Mid,0,0,0,25-34,1,0
CUST02864,62,Male,North Carolina,Footwear,Fall,2,75.65,1,10,Credit Card,Free Shipping,3.0,0.12,0.617,151.3,Low,0,0,0,55-64,0,1
CUST02865,50,Male,Florida,Clothing,Summer,15,150.34,0,0,Credit Card,Express,4.0,0.01,0.0,2255.1,High,1,1,1,45-54,1,0
CUST02866,34,Male,North Carolina,Footwear,Fall,1,99.84,1,5,Buy Now Pay Later,Standard,1.0,0.54,0.708,99.84,Low,0,0,0,25-34,1,1
CUST02867,23,Female,North Carolina,Outerwear,Fall,1,70.86,0,0,Credit Card,Express,1.0,0.51,0.15,70.86,Low,0,0,0,18-24,0,0
CUST02868,21,Male,Texas,Clothing,Spring,3,164.71,0,0,Credit Card,Express,4.7,0.4,0.0,494.13,High,1,0,0,18-24,1,0
CUST02869,37,Female,Colorado,Accessories,Winter,3,71.6,1,10,Debit Card,Overnight,1.0,0.13,0.767,214.79999999999998,Low,0,0,0,35-44,0,1
CUST02870,64,Female,New York,Footwear,Fall,6,103.49,0,0,Apple Pay,Free Shipping,3.7,0.04,0.0,620.9399999999999,High,0,0,0,55-64,1,0
CUST02871,44,Male,New York,Footwear,Fall,7,117.36,0,0,Debit Card,Free Shipping,3.2,0.29,0.0,821.52,High,0,1,0,35-44,1,0
CUST02872,32,Male,New York,Clothing,Spring,7,127.33,0,0,PayPal,Overnight,1.0,0.24,0.15,891.31,High,0,1,0,25-34,1,0
CUST02873,23,Male,Georgia,Outerwear,Winter,4,126.17,0,0,Apple Pay,Standard,2.7,0.43,0.15,504.68,High,0,0,0,18-24,1,0
CUST02874,64,Female,Texas,Footwear,Fall,2,107.22,1,15,Credit Card,Express,3.0,0.33,0.675,214.44,Low,0,0,0,55-64,1,1
CUST02875,31,Female,California,Clothing,Spring,6,81.67,0,0,Debit Card,Free Shipping,4.4,0.66,0.0,490.02,Mid,1,0,0,25-34,0,0
CUST02876,28,Male,Colorado,Clothing,Fall,2,101.54,1,10,Debit Card,Free Shipping,1.2,0.37,0.767,203.08,Low,0,0,0,25-34,1,1
CUST02877,56,Male,Texas,Footwear,Summer,1,18.0,1,10,Apple Pay,Standard,2.8,0.22,0.767,18.0,Low,0,0,0,55-64,0,1
CUST02878,26,Female,California,Clothing,Summer,1,102.35,1,5,Credit Card,Express,1.0,0.06,0.708,102.35,Low,0,0,0,25-34,1,1
CUST02879,43,Female,Texas,Clothing,Winter,7,93.06,1,15,Credit Card,Standard,3.8,0.13,0.675,651.4200000000001,High,0,0,0,35-44,1,0
CUST02880,33,Female,New York,Accessories,Winter,20,129.82,0,0,PayPal,Standard,2.8,0.14,0.15,2596.3999999999996,High,0,1,0,25-34,1,0
CUST02881,22,Female,Florida,Footwear,Spring,24,191.71,0,0,Debit Card,Express,3.1,0.03,0.0,4601.04,High,0,1,0,18-24,1,0
CUST02882,27,Male,California,Footwear,Fall,27,181.88,0,0,Debit Card,Express,4.9,0.38,0.0,4910.76,High,1,1,0,25-34,1,0
CUST02883,20,Male,Michigan,Clothing,Spring,11,225.23,0,0,Debit Card,Standard,2.8,0.06,0.15,2477.5299999999997,High,0,1,0,18-24,1,0
CUST02884,30,Male,Colorado,Footwear,Spring,4,68.81,1,10,Credit Card,Free Shipping,1.7,0.12,0.767,275.24,Mid,0,0,0,25-34,0,0
CUST02885,60,Male,New York,Outerwear,Spring,1,109.55,0,0,Debit Card,Free Shipping,3.5,0.29,0.0,109.55,Low,0,0,0,55-64,1,0
CUST02886,47,Male,New York,Clothing,Spring,1,23.38,0,0,Debit Card,Free Shipping,2.1,0.35,0.15,23.38,Low,0,0,0,45-54,0,0
CUST02887,62,Male,Florida,Footwear,Fall,4,30.61,1,10,Apple Pay,Standard,1.0,0.3,0.767,122.44,Low,0,0,0,55-64,0,1
CUST02888,23,Male,Arizona,Outerwear,Fall,4,54.88,1,15,Credit Card,Express,5.0,0.15,0.675,219.52,Mid,1,0,0,18-24,0,0
CUST02889,34,Female,California,Footwear,Spring,3,60.17,1,15,Apple Pay,Express,1.0,0.11,0.825,180.51,Low,0,0,0,25-34,0,1
CUST02890,62,Female,Texas,Footwear,Spring,4,81.18,1,15,PayPal,Standard,4.0,0.24,0.675,324.72,Mid,1,0,0,55-64,0,0
CUST02891,36,Female,Virginia,Clothing,Spring,2,158.51,0,0,Credit Card,Express,3.0,0.25,0.0,317.02,Mid,0,0,0,35-44,1,0
CUST02892,59,Female,Texas,Accessories,Fall,25,135.56,0,0,PayPal,Free Shipping,5.0,0.08,0.0,3389.0,High,1,1,1,55-64,1,0
CUST02893,52,Male,New York,Accessories,Summer,5,96.33,1,5,Credit Card,Standard,2.8,0.28,0.708,481.65,Mid,0,0,0,45-54,1,0
CUST02894,63,Female,Virginia,Footwear,Spring,4,28.31,0,0,Buy Now Pay Later,Free Shipping,4.0,0.26,0.0,113.24,Low,1,0,0,55-64,0,0
CUST02895,43,Male,Arizona,Outerwear,Summer,1,62.68,1,10,Apple Pay,Free Shipping,3.7,0.25,0.617,62.68,Low,0,0,0,35-44,0,1
CUST02896,22,Female,New York,Clothing,Spring,12,124.12,1,15,Credit Card,Free Shipping,4.9,0.26,0.675,1489.44,High,1,0,0,18-24,1,0
CUST02897,46,Male,Colorado,Clothing,Fall,14,264.58,0,0,Credit Card,Free Shipping,4.3,0.06,0.0,3704.12,High,1,1,1,45-54,1,0
CUST02898,54,Non-binary,California,Clothing,Summer,5,64.01,0,0,Debit Card,Standard,4.2,0.25,0.0,320.05,Mid,1,0,0,45-54,0,0
CUST02899,37,Male,Georgia,Footwear,Summer,2,19.0,1,5,Debit Card,Free Shipping,2.9,0.24,0.708,38.0,Low,0,0,0,35-44,0,1
CUST02900,38,Male,Florida,Clothing,Fall,4,49.88,1,15,Debit Card,Standard,2.7,0.38,0.825,199.52,Low,0,0,0,35-44,0,1
CUST02901,27,Female,North Carolina,Footwear,Summer,4,93.63,1,25,Credit Card,Free Shipping,3.6,0.16,0.792,374.52,Mid,0,0,0,25-34,1,0
CUST02902,22,Male,Tennessee,Clothing,Summer,5,70.03,0,0,PayPal,Standard,1.1,0.59,0.15,350.15,Mid,0,0,0,18-24,0,0
CUST02903,53,Female,Massachusetts,Accessories,Fall,7,75.0,1,15,Credit Card,Standard,5.0,0.51,0.675,525.0,High,1,0,0,45-54,0,0
CUST02904,23,Female,Massachusetts,Clothing,Summer,3,59.02,0,0,Apple Pay,Express,2.1,0.08,0.15,177.06,Low,0,0,0,18-24,0,0
CUST02905,43,Female,Illinois,Outerwear,Winter,3,59.76,1,20,Apple Pay,Standard,5.0,0.07,0.733,179.28,Low,1,0,0,35-44,0,1
CUST02906,21,Non-binary,New York,Accessories,Summer,7,120.62,1,5,Debit Card,Express,4.0,0.04,0.558,844.34,High,1,0,1,18-24,1,0
CUST02907,56,Non-binary,Florida,Outerwear,Winter,2,59.11,1,15,Apple Pay,Express,4.0,0.17,0.675,118.22,Low,1,0,0,55-64,0,1
CUST02908,56,Male,Colorado,Accessories,Winter,9,142.24,0,0,Credit Card,Free Shipping,2.7,0.07,0.15,1280.16,High,0,1,0,55-64,1,0
CUST02909,52,Female,Virginia,Clothing,Winter,4,115.08,1,10,Credit Card,Express,1.3,0.42,0.767,460.32,Mid,0,0,0,45-54,1,0
CUST02910,18,Female,Texas,Clothing,Spring,4,83.99,0,0,PayPal,Standard,1.0,0.14,0.15,335.96,Mid,0,0,0,18-24,0,0
CUST02911,41,Female,Massachusetts,Outerwear,Summer,7,63.33,1,15,Debit Card,Standard,3.8,0.53,0.675,443.31,Mid,0,0,0,35-44,0,0
CUST02912,53,Male,North Carolina,Footwear,Winter,1,77.58,1,15,Debit Card,Express,1.0,0.14,0.825,77.58,Low,0,0,0,45-54,0,1
CUST02913,23,Female,Michigan,Clothing,Winter,6,110.0,1,10,Apple Pay,Express,2.4,0.26,0.767,660.0,High,0,0,0,18-24,1,0
CUST02914,58,Non-binary,Virginia,Footwear,Fall,3,76.17,1,15,Buy Now Pay Later,Overnight,1.4,0.66,0.825,228.51,Mid,0,0,0,55-64,0,0
CUST02915,63,Female,Texas,Accessories,Fall,7,54.69,1,10,PayPal,Standard,1.0,0.2,0.767,382.83,Mid,0,0,0,55-64,0,0
CUST02916,61,Male,California,Clothing,Winter,6,84.83,1,5,PayPal,Standard,3.2,0.56,0.558,508.98,High,0,0,0,55-64,0,0
CUST02917,48,Male,California,Clothing,Spring,5,24.16,1,20,Credit Card,Standard,4.1,0.3,0.733,120.8,Low,1,0,0,45-54,0,1
CUST02918,37,Male,New York,Footwear,Winter,6,53.01,0,0,Credit Card,Standard,1.2,0.49,0.15,318.06,Mid,0,0,0,35-44,0,0
CUST02919,41,Female,Washington,Clothing,Summer,1,91.9,1,5,PayPal,Standard,4.1,0.07,0.558,91.9,Low,1,0,0,35-44,1,1
CUST02920,42,Female,Ohio,Clothing,Spring,1,77.45,1,10,Debit Card,Free Shipping,1.1,0.49,0.767,77.45,Low,0,0,0,35-44,0,1
CUST02921,53,Male,Massachusetts,Clothing,Fall,3,98.89,0,0,Debit Card,Standard,1.3,0.21,0.15,296.67,Mid,0,0,0,45-54,1,0
CUST02922,38,Male,Arizona,Clothing,Fall,4,80.05,1,20,Credit Card,Express,1.0,0.47,0.883,320.2,Mid,0,0,0,35-44,0,0
CUST02923,47,Male,California,Accessories,Fall,2,113.85,0,0,PayPal,Express,3.1,0.08,0.0,227.7,Mid,0,0,0,45-54,1,0
CUST02924,41,Male,Texas,Clothing,Summer,6,88.87,0,0,Credit Card,Standard,1.0,0.33,0.15,533.22,High,0,0,0,35-44,1,0
CUST02925,61,Female,California,Clothing,Spring,7,96.36,1,20,PayPal,Overnight,4.9,0.32,0.733,674.52,High,1,0,0,55-64,1,0
CUST02926,59,Female,New York,Outerwear,Fall,7,70.76,1,30,Credit Card,Express,2.0,0.04,1.0,495.32000000000005,High,0,0,0,55-64,0,0
CUST02927,47,Male,Illinois,Clothing,Spring,5,72.13,1,30,Credit Card,Express,1.0,0.21,1.0,360.65,Mid,0,0,0,45-54,0,0
CUST02928,39,Female,California,Clothing,Fall,3,39.05,1,30,Credit Card,Free Shipping,4.9,0.11,0.85,117.14999999999999,Low,1,0,0,35-44,0,1
CUST02929,45,Male,New York,Accessories,Winter,2,47.95,1,20,Credit Card,Standard,3.7,0.33,0.733,95.9,Low,0,0,0,45-54,0,1
CUST02930,24,Non-binary,Texas,Accessories,Winter,3,66.62,0,0,Apple Pay,Free Shipping,2.9,0.47,0.15,199.86,Low,0,0,0,18-24,0,0
CUST02931,52,Male,Arizona,Footwear,Summer,3,144.0,1,5,Credit Card,Express,4.1,0.32,0.558,432.0,Mid,1,0,0,45-54,1,0
CUST02932,45,Male,Florida,Clothing,Spring,3,106.35,1,20,Credit Card,Express,3.2,0.35,0.733,319.04999999999995,Mid,0,0,0,45-54,1,0
CUST02933,31,Male,Illinois,Outerwear,Spring,3,54.03,0,0,Debit Card,Free Shipping,3.8,0.25,0.0,162.09,Low,0,0,0,25-34,0,0
CUST02934,27,Female,Florida,Footwear,Summer,4,75.86,1,10,Debit Card,Free Shipping,4.3,0.25,0.617,303.44,Mid,1,0,0,25-34,0,0
CUST02935,33,Female,Tennessee,Footwear,Winter,7,57.06,0,0,Credit Card,Express,2.1,0.26,0.15,399.42,Mid,0,1,0,25-34,0,0
CUST02936,33,Female,Texas,Clothing,Spring,1,58.04,0,0,Credit Card,Free Shipping,2.3,0.12,0.15,58.04,Low,0,0,0,25-34,0,0
CUST02937,48,Male,Illinois,Clothing,Spring,27,158.66,0,0,Buy Now Pay Later,Express,4.6,0.01,0.0,4283.82,High,1,1,1,45-54,1,0
CUST02938,59,Male,Georgia,Accessories,Fall,7,30.25,1,10,PayPal,Express,4.1,0.59,0.617,211.75,Low,1,0,0,55-64,0,1
CUST02939,42,Male,Illinois,Outerwear,Spring,6,101.51,0,0,Debit Card,Standard,3.1,0.16,0.0,609.0600000000001,High,0,0,0,35-44,1,0
CUST02940,30,Female,Massachusetts,Accessories,Winter,29,187.16,1,30,Debit Card,Standard,4.7,0.16,0.85,5427.64,High,1,0,1,25-34,1,0
CUST02941,23,Male,New York,Clothing,Summer,2,119.89,0,0,Credit Card,Free Shipping,3.5,0.31,0.0,239.78,Mid,0,0,0,18-24,1,0
CUST02942,61,Female,Florida,Clothing,Summer,6,77.99,1,15,Credit Card,Standard,2.9,0.31,0.825,467.93999999999994,Mid,0,0,0,55-64,0,0
CUST02943,26,Female,California,Footwear,Spring,28,231.07,0,0,PayPal,Standard,4.1,0.04,0.0,6469.96,High,1,1,1,25-34,1,0
CUST02944,62,Female,Washington,Footwear,Spring,2,77.7,1,10,Apple Pay,Free Shipping,5.0,0.3,0.617,155.4,Low,1,0,0,55-64,0,1
CUST02945,53,Male,New York,Clothing,Winter,1,100.62,1,15,Credit Card,Standard,4.0,0.18,0.675,100.62,Low,1,0,0,45-54,1,1
CUST02946,60,Male,Texas,Clothing,Fall,8,225.24,0,0,Apple Pay,Standard,3.3,0.28,0.0,1801.92,High,0,1,0,55-64,1,0
CUST02947,37,Male,Illinois,Accessories,Spring,2,65.69,1,25,Credit Card,Express,4.4,0.22,0.792,131.38,Low,1,0,0,35-44,0,1
CUST02948,35,Female,Illinois,Accessories,Winter,4,108.42,1,15,Credit Card,Express,2.8,0.18,0.825,433.68,Mid,0,0,0,35-44,1,0
CUST02949,60,Female,California,Footwear,Summer,1,87.81,0,0,Credit Card,Free Shipping,5.0,0.2,0.0,87.81,Low,1,0,0,55-64,1,0
CUST02950,38,Male,Colorado,Footwear,Fall,1,72.85,1,20,Credit Card,Express,1.2,0.34,0.883,72.85,Low,0,0,0,35-44,0,1
CUST02951,21,Male,Arizona,Footwear,Fall,9,160.61,0,0,Apple Pay,Express,4.7,0.0,0.0,1445.4900000000002,High,1,1,1,18-24,1,0
CUST02952,50,Female,Texas,Clothing,Winter,3,77.7,1,10,Debit Card,Overnight,5.0,0.47,0.617,233.10000000000002,Mid,1,0,0,45-54,0,0
CUST02953,44,Female,Florida,Footwear,Winter,13,169.01,0,0,Credit Card,Express,5.0,0.04,0.0,2197.13,High,1,1,1,35-44,1,0
CUST02954,24,Male,Georgia,Outerwear,Fall,6,55.8,1,20,Buy Now Pay Later,Express,1.3,0.17,0.883,334.79999999999995,Mid,0,0,0,18-24,0,0
CUST02955,23,Female,Illinois,Outerwear,Spring,2,72.47,1,25,Apple Pay,Free Shipping,2.1,0.31,0.942,144.94,Low,0,0,0,18-24,0,1
CUST02956,32,Male,Florida,Outerwear,Winter,2,79.89,0,0,PayPal,Express,4.3,0.12,0.0,159.78,Low,1,0,0,25-34,0,0
CUST02957,35,Male,New York,Clothing,Winter,4,58.04,1,25,Buy Now Pay Later,Standard,3.1,0.48,0.792,232.16,Mid,0,0,0,35-44,0,0
CUST02958,49,Female,Washington,Footwear,Fall,2,99.66,1,5,Credit Card,Standard,4.7,0.15,0.558,199.32,Low,1,0,0,45-54,1,1
CUST02959,28,Female,Tennessee,Outerwear,Winter,7,125.88,1,10,Apple Pay,Express,4.9,0.21,0.617,881.16,High,1,0,1,25-34,1,0
CUST02960,37,Female,Colorado,Footwear,Fall,5,56.8,1,20,PayPal,Standard,2.9,0.27,0.883,284.0,Mid,0,0,0,35-44,0,0
CUST02961,41,Male,California,Clothing,Spring,2,97.99,1,15,Apple Pay,Express,1.0,0.28,0.825,195.98,Low,0,0,0,35-44,1,1
CUST02962,32,Female,Florida,Outerwear,Summer,4,75.89,1,10,PayPal,Free Shipping,1.0,0.42,0.767,303.56,Mid,0,0,0,25-34,0,0
CUST02963,24,Male,Massachusetts,Accessories,Summer,4,82.69,1,20,Credit Card,Express,4.9,0.3,0.733,330.76,Mid,1,0,0,18-24,0,0
CUST02964,38,Male,California,Clothing,Summer,4,124.26,1,20,PayPal,Standard,5.0,0.2,0.733,497.04,High,1,0,1,35-44,1,0
CUST02965,59,Female,Michigan,Clothing,Winter,7,99.93,1,15,Credit Card,Free Shipping,3.3,0.16,0.675,699.51,High,0,0,0,55-64,1,0
CUST02966,43,Male,Tennessee,Footwear,Winter,15,121.6,1,15,Credit Card,Standard,3.0,0.01,0.675,1824.0,High,0,0,0,35-44,1,0
CUST02967,61,Female,California,Accessories,Summer,5,56.67,1,20,Credit Card,Overnight,4.1,0.26,0.733,283.35,Mid,1,0,0,55-64,0,0
CUST02968,31,Female,Tennessee,Clothing,Winter,7,65.53,1,20,Buy Now Pay Later,Express,1.0,0.38,0.883,458.71000000000004,Mid,0,0,0,25-34,0,0
CUST02969,54,Male,New York,Footwear,Winter,1,47.26,0,0,Credit Card,Standard,2.0,0.43,0.15,47.26,Low,0,0,0,45-54,0,0
CUST02970,38,Male,North Carolina,Footwear,Summer,3,54.19,1,15,Debit Card,Free Shipping,2.2,0.16,0.825,162.57,Low,0,0,0,35-44,0,1
CUST02971,35,Male,Florida,Footwear,Winter,13,162.88,0,0,Debit Card,Standard,3.2,0.0,0.0,2117.44,High,0,1,0,35-44,1,0
CUST02972,22,Male,Florida,Clothing,Spring,29,194.78,1,15,Buy Now Pay Later,Free Shipping,3.2,0.04,0.675,5648.62,High,0,0,0,18-24,1,0
CUST02973,20,Female,Arizona,Footwear,Summer,1,93.16,0,0,Credit Card,Standard,5.0,0.04,0.0,93.16,Low,1,0,0,18-24,1,0
CUST02974,40,Female,Ohio,Clothing,Fall,4,69.07,0,0,PayPal,Standard,3.1,0.46,0.0,276.28,Mid,0,0,0,35-44,0,0
CUST02975,43,Male,California,Clothing,Summer,1,81.11,1,10,Apple Pay,Standard,2.9,0.45,0.767,81.11,Low,0,0,0,35-44,0,1
CUST02976,54,Male,Washington,Clothing,Spring,7,97.64,1,10,Debit Card,Standard,3.2,0.23,0.617,683.48,High,0,0,0,45-54,1,0
CUST02977,41,Female,Texas,Footwear,Spring,26,197.42,0,0,Debit Card,Overnight,2.9,0.0,0.15,5132.92,High,0,1,0,35-44,1,0
CUST02978,36,Female,New York,Clothing,Winter,5,99.64,0,0,PayPal,Overnight,3.1,0.25,0.0,498.2,High,0,0,0,35-44,1,0
CUST02979,42,Male,New York,Clothing,Summer,4,111.69,1,15,Apple Pay,Free Shipping,4.0,0.03,0.675,446.76,Mid,1,0,0,35-44,1,0
CUST02980,38,Male,Florida,Clothing,Spring,6,18.05,1,10,PayPal,Standard,2.0,0.26,0.767,108.30000000000001,Low,0,0,0,35-44,0,1
CUST02981,29,Female,New York,Accessories,Winter,27,148.28,0,0,Credit Card,Express,5.0,0.3,0.0,4003.56,High,1,1,0,25-34,1,0
CUST02982,58,Male,California,Outerwear,Winter,13,217.48,0,0,Apple Pay,Overnight,3.1,0.04,0.0,2827.24,High,0,1,0,55-64,1,0
CUST02983,50,Male,California,Outerwear,Summer,2,20.0,0,0,Debit Card,Express,4.1,0.45,0.0,40.0,Low,1,0,0,45-54,0,0
CUST02984,21,Female,California,Clothing,Fall,6,123.66,1,15,Debit Card,Overnight,1.0,0.57,0.825,741.96,High,0,0,0,18-24,1,0
CUST02985,59,Female,Florida,Clothing,Summer,17,194.05,0,0,Apple Pay,Express,5.0,0.12,0.0,3298.8500000000004,High,1,1,1,55-64,1,0
CUST02986,24,Female,Tennessee,Clothing,Fall,13,219.49,0,0,Credit Card,Standard,4.1,0.0,0.0,2853.37,High,1,1,1,18-24,1,0
CUST02987,39,Female,California,Footwear,Winter,2,100.68,1,10,PayPal,Free Shipping,1.1,0.26,0.767,201.36,Low,0,0,0,35-44,1,1
CUST02988,50,Female,Tennessee,Clothing,Spring,7,46.33,1,20,Debit Card,Overnight,5.0,0.22,0.733,324.31,Mid,1,0,0,45-54,0,0
CUST02989,34,Male,Georgia,Clothing,Summer,6,132.24,0,0,Apple Pay,Overnight,3.9,0.19,0.0,793.44,High,0,0,0,25-34,1,0
CUST02990,41,Male,Arizona,Accessories,Winter,6,85.71,0,0,Credit Card,Standard,2.1,0.08,0.15,514.26,High,0,0,0,35-44,1,0
CUST02991,51,Male,Arizona,Clothing,Fall,6,134.64,0,0,Debit Card,Standard,1.0,0.16,0.15,807.8399999999999,High,0,0,0,45-54,1,0
CUST02992,45,Male,North Carolina,Clothing,Spring,2,108.9,1,15,Apple Pay,Standard,2.1,0.21,0.825,217.8,Low,0,0,0,45-54,1,1
CUST02993,60,Female,California,Clothing,Summer,6,89.27,0,0,Credit Card,Standard,4.3,0.08,0.0,535.62,High,1,0,1,55-64,1,0
CUST02994,58,Female,Illinois,Clothing,Summer,1,48.94,1,20,Credit Card,Standard,1.9,0.17,0.883,48.94,Low,0,0,0,55-64,0,1
CUST02995,56,Non-binary,Colorado,Accessories,Fall,1,102.09,1,30,Buy Now Pay Later,Free Shipping,2.0,0.46,1.0,102.09,Low,0,0,0,55-64,1,1
CUST02996,39,Female,Washington,Outerwear,Summer,2,23.95,1,25,Credit Card,Express,2.8,0.1,0.942,47.9,Low,0,0,0,35-44,0,1
CUST02997,34,Male,North Carolina,Clothing,Summer,2,51.19,1,30,Buy Now Pay Later,Express,3.1,0.25,0.85,102.38,Low,0,0,0,25-34,0,1
CUST02998,51,Male,California,Clothing,Summer,2,115.36,0,0,Credit Card,Standard,2.9,0.67,0.15,230.72,Mid,0,0,0,45-54,1,0
CUST02999,23,Female,Colorado,Outerwear,Winter,3,28.63,1,15,Debit Card,Free Shipping,3.0,0.32,0.675,85.89,Low,0,0,0,18-24,0,1
CUST03000,63,Female,Illinois,Outerwear,Spring,21,236.03,0,0,PayPal,Standard,2.9,0.02,0.15,4956.63,High,0,1,0,55-64,1,0
CUST03001,23,Female,New York,Clothing,Summer,7,78.62,0,0,PayPal,Free Shipping,5.0,0.1,0.0,550.34,High,1,1,1,18-24,0,0
CUST03002,51,Female,New York,Footwear,Spring,3,85.23,1,10,Debit Card,Free Shipping,2.1,0.32,0.767,255.69,Mid,0,0,0,45-54,0,0
CUST03003,18,Female,Arizona,Clothing,Summer,2,20.0,0,0,Debit Card,Overnight,5.0,0.23,0.0,40.0,Low,1,0,0,18-24,0,0
CUST03004,27,Female,Massachusetts,Footwear,Fall,4,124.64,0,0,Apple Pay,Free Shipping,2.0,0.57,0.15,498.56,High,0,0,0,25-34,1,0
CUST03005,38,Male,Illinois,Outerwear,Spring,5,67.73,1,15,Credit Card,Overnight,3.5,0.63,0.675,338.65000000000003,Mid,0,0,0,35-44,0,0
CUST03006,22,Female,North Carolina,Accessories,Summer,12,116.88,1,15,Debit Card,Standard,4.0,0.01,0.675,1402.56,High,1,0,1,18-24,1,0
CUST03007,19,Female,Florida,Accessories,Winter,6,52.98,1,10,Credit Card,Standard,1.9,0.26,0.767,317.88,Mid,0,0,0,18-24,0,0
CUST03008,39,Male,California,Clothing,Fall,1,57.28,1,20,Debit Card,Standard,1.8,0.13,0.883,57.28,Low,0,0,0,35-44,0,1
CUST03009,19,Female,California,Footwear,Fall,17,95.57,1,15,Credit Card,Standard,3.2,0.02,0.675,1624.6899999999998,High,0,0,0,18-24,1,0
CUST03010,27,Male,California,Accessories,Winter,5,90.5,0,0,Credit Card,Overnight,4.3,0.3,0.0,452.5,Mid,1,0,0,25-34,1,0
CUST03011,51,Female,New York,Footwear,Summer,6,103.16,1,5,Debit Card,Standard,3.8,0.54,0.558,618.96,High,0,0,0,45-54,1,0
CUST03012,33,Male,New York,Clothing,Winter,6,93.77,1,15,Credit Card,Free Shipping,3.9,0.22,0.675,562.62,High,0,0,0,25-34,1,0
CUST03013,56,Female,Colorado,Accessories,Summer,3,44.45,0,0,Credit Card,Standard,4.9,0.04,0.0,133.35000000000002,Low,1,0,0,55-64,0,0
CUST03014,39,Male,Georgia,Accessories,Spring,1,91.65,0,0,PayPal,Express,3.0,0.27,0.0,91.65,Low,0,0,0,35-44,1,0
CUST03015,29,Female,California,Clothing,Winter,3,79.19,0,0,Debit Card,Free Shipping,1.0,0.31,0.15,237.57,Mid,0,0,0,25-34,0,0
CUST03016,41,Male,Texas,Clothing,Summer,7,88.97,1,10,Apple Pay,Standard,5.0,0.16,0.617,622.79,High,1,0,1,35-44,1,0
CUST03017,64,Male,Texas,Clothing,Summer,7,51.67,1,30,PayPal,Overnight,3.2,0.26,0.85,361.69,Mid,0,0,0,55-64,0,0
CUST03018,57,Female,Illinois,Footwear,Summer,3,73.81,1,15,Credit Card,Free Shipping,1.6,0.17,0.825,221.43,Mid,0,0,0,55-64,0,0
CUST03019,55,Female,California,Footwear,Winter,1,153.17,0,0,PayPal,Standard,1.4,0.12,0.15,153.17,Low,0,0,0,55-64,1,0
CUST03020,27,Male,California,Footwear,Fall,5,43.68,0,0,Credit Card,Express,5.0,0.46,0.0,218.4,Low,1,0,0,25-34,0,0
CUST03021,52,Male,Tennessee,Clothing,Fall,1,69.26,0,0,PayPal,Standard,1.0,0.15,0.15,69.26,Low,0,0,0,45-54,0,0
CUST03022,49,Female,Ohio,Outerwear,Summer,2,17.0,1,15,Buy Now Pay Later,Free Shipping,2.6,0.17,0.825,34.0,Low,0,0,0,45-54,0,1
CUST03023,24,Female,Texas,Footwear,Spring,3,49.62,1,25,Debit Card,Express,5.0,0.11,0.792,148.85999999999999,Low,1,0,0,18-24,0,1
CUST03024,38,Female,Florida,Clothing,Summer,2,46.27,0,0,PayPal,Express,5.0,0.35,0.0,92.54,Low,1,0,0,35-44,0,0
CUST03025,37,Male,New York,Clothing,Spring,1,153.16,0,0,Credit Card,Free Shipping,1.1,0.4,0.15,153.16,Low,0,0,0,35-44,1,0
CUST03026,43,Female,Ohio,Clothing,Summer,1,66.21,1,10,Debit Card,Standard,2.0,0.23,0.767,66.21,Low,0,0,0,35-44,0,1
CUST03027,21,Male,Illinois,Outerwear,Winter,6,56.67,1,20,Apple Pay,Free Shipping,2.1,0.34,0.883,340.02,Mid,0,0,0,18-24,0,0
CUST03028,63,Male,California,Clothing,Fall,7,107.67,0,0,Credit Card,Free Shipping,1.8,0.38,0.15,753.69,High,0,1,0,55-64,1,0
CUST03029,39,Female,Georgia,Clothing,Spring,5,45.12,1,5,Credit Card,Free Shipping,3.3,0.25,0.558,225.6,Mid,0,0,0,35-44,0,0
CUST03030,32,Female,Florida,Clothing,Fall,9,210.76,1,15,Debit Card,Free Shipping,5.0,0.16,0.675,1896.84,High,1,0,1,25-34,1,0
CUST03031,57,Female,Texas,Footwear,Fall,7,77.51,1,30,PayPal,Express,2.7,0.22,1.0,542.57,High,0,0,0,55-64,0,0
CUST03032,38,Male,New York,Clothing,Fall,4,118.91,1,15,Debit Card,Free Shipping,2.8,0.25,0.825,475.64,Mid,0,0,0,35-44,1,0
CUST03033,32,Male,Illinois,Clothing,Fall,11,185.9,0,0,Buy Now Pay Later,Standard,4.1,0.14,0.0,2044.9,High,1,1,1,25-34,1,0
CUST03034,39,Male,New York,Accessories,Spring,6,18.55,1,10,Credit Card,Express,1.9,0.34,0.767,111.30000000000001,Low,0,0,0,35-44,0,1
CUST03035,45,Non-binary,Texas,Accessories,Summer,4,87.41,1,30,Debit Card,Standard,1.9,0.33,1.0,349.64,Mid,0,0,0,45-54,1,0
CUST03036,31,Male,Florida,Accessories,Summer,3,196.21,0,0,PayPal,Free Shipping,1.0,0.2,0.15,588.63,High,0,0,0,25-34,1,0
CUST03037,44,Male,California,Accessories,Spring,2,75.59,1,10,Credit Card,Overnight,1.1,0.47,0.767,151.18,Low,0,0,0,35-44,0,1
CUST03038,58,Male,Ohio,Footwear,Spring,3,76.53,1,10,PayPal,Free Shipping,1.8,0.45,0.767,229.59,Mid,0,0,0,55-64,0,0
CUST03039,57,Female,Texas,Footwear,Summer,7,47.53,1,30,Credit Card,Standard,3.2,0.42,0.85,332.71000000000004,Mid,0,0,0,55-64,0,0
CUST03040,45,Male,California,Footwear,Winter,5,27.78,0,0,Credit Card,Free Shipping,1.0,0.5,0.15,138.9,Low,0,0,0,45-54,0,0
CUST03041,43,Female,Arizona,Clothing,Winter,4,92.95,1,5,Credit Card,Free Shipping,5.0,0.06,0.558,371.8,Mid,1,0,0,35-44,1,0
CUST03042,19,Male,Ohio,Footwear,Fall,26,196.99,0,0,Buy Now Pay Later,Overnight,4.0,0.16,0.0,5121.74,High,1,1,1,18-24,1,0
CUST03043,42,Female,North Carolina,Clothing,Summer,7,96.67,0,0,Debit Card,Standard,2.9,0.17,0.15,676.69,High,0,1,0,35-44,1,0
CUST03044,20,Male,Illinois,Clothing,Winter,4,78.19,1,20,PayPal,Express,4.2,0.13,0.733,312.76,Mid,1,0,0,18-24,0,0
CUST03045,25,Female,Texas,Outerwear,Winter,2,143.89,1,5,Credit Card,Standard,1.0,0.55,0.708,287.78,Mid,0,0,0,25-34,1,0
CUST03046,61,Female,Georgia,Footwear,Summer,7,60.29,1,15,Debit Card,Express,5.0,0.29,0.675,422.03,Mid,1,0,0,55-64,0,0
CUST03047,50,Male,Colorado,Accessories,Fall,6,35.29,1,15,Debit Card,Standard,1.0,0.08,0.825,211.74,Low,0,0,0,45-54,0,1
CUST03048,59,Non-binary,Texas,Outerwear,Summer,19,221.57,0,0,Buy Now Pay Later,Standard,5.0,0.02,0.0,4209.83,High,1,1,1,55-64,1,0
CUST03049,52,Male,Massachusetts,Outerwear,Winter,1,81.57,0,0,PayPal,Standard,1.0,0.11,0.15,81.57,Low,0,0,0,45-54,0,0
CUST03050,23,Female,California,Footwear,Summer,7,135.45,1,10,PayPal,Standard,3.2,0.26,0.617,948.1499999999999,High,0,0,0,18-24,1,0
CUST03051,56,Female,Michigan,Footwear,Spring,25,158.68,1,10,Credit Card,Standard,4.3,0.06,0.617,3967.0,High,1,0,1,55-64,1,0
CUST03052,40,Male,Virginia,Footwear,Summer,19,187.13,1,10,Debit Card,Free Shipping,3.2,0.02,0.617,3555.47,High,0,0,0,35-44,1,0
CUST03053,42,Male,Colorado,Clothing,Spring,7,108.67,1,10,Debit Card,Express,2.0,0.04,0.767,760.69,High,0,0,0,35-44,1,0
CUST03054,60,Male,Tennessee,Clothing,Summer,5,124.03,0,0,Buy Now Pay Later,Standard,2.9,0.2,0.15,620.15,High,0,0,0,55-64,1,0
CUST03055,36,Male,Georgia,Footwear,Fall,1,52.06,0,0,Credit Card,Express,2.5,0.17,0.15,52.06,Low,0,0,0,35-44,0,0
CUST03056,22,Male,Texas,Clothing,Winter,3,100.77,0,0,Credit Card,Express,5.0,0.37,0.0,302.31,Mid,1,0,0,18-24,1,0
CUST03057,28,Male,Florida,Clothing,Fall,2,130.14,1,20,Debit Card,Free Shipping,5.0,0.27,0.733,260.28,Mid,1,0,0,25-34,1,0
CUST03058,29,Male,California,Clothing,Fall,5,31.33,1,5,Credit Card,Standard,3.0,0.49,0.558,156.64999999999998,Low,0,0,0,25-34,0,1
CUST03059,27,Female,New York,Clothing,Fall,2,46.95,1,20,Credit Card,Standard,1.8,0.37,0.883,93.9,Low,0,0,0,25-34,0,1
CUST03060,25,Male,Georgia,Outerwear,Spring,6,77.9,0,0,Apple Pay,Free Shipping,2.6,0.3,0.15,467.40000000000003,Mid,0,0,0,25-34,0,0
CUST03061,41,Male,New York,Footwear,Winter,2,103.07,0,0,Debit Card,Standard,5.0,0.19,0.0,206.14,Low,1,0,0,35-44,1,0
CUST03062,45,Female,New York,Accessories,Fall,4,91.6,1,5,Apple Pay,Standard,1.8,0.17,0.708,366.4,Mid,0,0,0,45-54,1,0
CUST03063,58,Male,Washington,Outerwear,Winter,3,92.29,0,0,Apple Pay,Standard,4.0,0.26,0.0,276.87,Mid,1,0,0,55-64,1,0
CUST03064,53,Male,Virginia,Outerwear,Winter,1,70.23,1,10,Credit Card,Standard,4.0,0.17,0.617,70.23,Low,1,0,0,45-54,0,1
CUST03065,54,Male,California,Accessories,Winter,7,95.96,0,0,Debit Card,Free Shipping,5.0,0.17,0.0,671.7199999999999,High,1,1,1,45-54,1,0
CUST03066,38,Female,New York,Outerwear,Winter,4,114.36,1,15,Credit Card,Standard,1.8,0.15,0.825,457.44,Mid,0,0,0,35-44,1,0
CUST03067,25,Female,Texas,Accessories,Summer,6,137.6,1,5,Apple Pay,Free Shipping,3.1,0.44,0.558,825.5999999999999,High,0,0,0,25-34,1,0
CUST03068,26,Male,Colorado,Clothing,Winter,3,122.94,0,0,Debit Card,Free Shipping,5.0,0.33,0.0,368.82,Mid,1,0,0,25-34,1,0
CUST03069,64,Female,California,Clothing,Winter,23,218.98,1,10,Debit Card,Express,3.7,0.01,0.617,5036.54,High,0,0,0,55-64,1,0
CUST03070,32,Female,Arizona,Footwear,Fall,3,79.25,1,10,Credit Card,Standard,1.0,0.5,0.767,237.75,Mid,0,0,0,25-34,0,0
CUST03071,63,Female,New York,Accessories,Fall,3,141.28,1,20,Debit Card,Standard,2.9,0.72,0.883,423.84000000000003,Mid,0,0,0,55-64,1,0
CUST03072,57,Female,Texas,Footwear,Winter,5,27.66,1,20,Credit Card,Express,3.0,0.5,0.733,138.3,Low,0,0,0,55-64,0,1
CUST03073,35,Female,Tennessee,Footwear,Summer,4,93.91,0,0,Debit Card,Express,4.0,0.33,0.0,375.64,Mid,1,0,0,35-44,1,0
CUST03074,59,Male,California,Clothing,Spring,1,105.92,1,5,PayPal,Express,1.0,0.36,0.708,105.92,Low,0,0,0,55-64,1,1
CUST03075,37,Male,Florida,Clothing,Summer,17,141.25,0,0,Apple Pay,Express,4.1,0.22,0.0,2401.25,High,1,1,1,35-44,1,0
CUST03076,23,Male,California,Accessories,Winter,6,124.0,0,0,Credit Card,Free Shipping,2.8,0.23,0.15,744.0,High,0,0,0,18-24,1,0
CUST03077,29,Female,Florida,Clothing,Spring,2,79.52,0,0,Debit Card,Express,4.0,0.12,0.0,159.04,Low,1,0,0,25-34,0,0
CUST03078,19,Female,Illinois,Footwear,Summer,6,130.17,0,0,Apple Pay,Overnight,1.0,0.26,0.15,781.02,High,0,0,0,18-24,1,0
CUST03079,24,Female,New York,Accessories,Fall,14,152.79,1,5,Credit Card,Free Shipping,3.8,0.07,0.558,2139.06,High,0,0,0,18-24,1,0
CUST03080,33,Non-binary,California,Accessories,Fall,2,71.68,0,0,Apple Pay,Standard,2.5,0.08,0.15,143.36,Low,0,0,0,25-34,0,0
CUST03081,20,Male,New York,Clothing,Winter,25,199.37,0,0,Credit Card,Standard,3.6,0.0,0.0,4984.25,High,0,1,0,18-24,1,0
CUST03082,62,Female,Colorado,Footwear,Summer,1,95.15,0,0,PayPal,Standard,2.2,0.11,0.15,95.15,Low,0,0,0,55-64,1,0
CUST03083,20,Female,Ohio,Footwear,Summer,2,54.68,1,15,Debit Card,Standard,1.2,0.62,0.825,109.36,Low,0,0,0,18-24,0,1
CUST03084,44,Non-binary,Illinois,Outerwear,Winter,2,18.0,1,10,Debit Card,Express,4.2,0.75,0.617,36.0,Low,1,0,0,35-44,0,1
CUST03085,60,Non-binary,Washington,Footwear,Winter,7,18.0,1,10,Apple Pay,Standard,2.0,0.61,0.767,126.0,Low,0,0,0,55-64,0,1
CUST03086,57,Female,Texas,Accessories,Summer,5,61.04,1,10,Credit Card,Express,4.3,0.3,0.617,305.2,Mid,1,0,0,55-64,0,0
CUST03087,55,Male,New York,Clothing,Summer,4,73.02,0,0,Credit Card,Free Shipping,1.0,0.34,0.15,292.08,Mid,0,0,0,55-64,0,0
CUST03088,50,Female,Texas,Footwear,Summer,2,128.94,0,0,Debit Card,Standard,4.1,0.25,0.0,257.88,Mid,1,0,0,45-54,1,0
CUST03089,45,Male,Texas,Outerwear,Summer,4,82.78,1,15,Apple Pay,Express,2.0,0.28,0.825,331.12,Mid,0,0,0,45-54,0,0
CUST03090,18,Female,Texas,Clothing,Winter,1,76.31,1,15,Credit Card,Standard,1.0,0.12,0.825,76.31,Low,0,0,0,18-24,0,1
CUST03091,25,Female,Illinois,Clothing,Fall,2,59.27,0,0,Apple Pay,Standard,1.0,0.6,0.15,118.54,Low,0,0,0,25-34,0,0
CUST03092,54,Male,Washington,Clothing,Summer,1,138.79,1,25,Debit Card,Express,1.8,0.12,0.942,138.79,Low,0,0,0,45-54,1,1
CUST03093,49,Female,Tennessee,Footwear,Summer,6,81.33,1,5,Credit Card,Free Shipping,4.9,0.24,0.558,487.98,Mid,1,0,0,45-54,0,0
CUST03094,60,Male,Texas,Accessories,Spring,2,100.32,1,15,PayPal,Standard,2.3,0.16,0.825,200.64,Low,0,0,0,55-64,1,1
CUST03095,54,Male,Arizona,Clothing,Winter,8,191.71,0,0,Credit Card,Standard,5.0,0.05,0.0,1533.68,High,1,1,1,45-54,1,0
CUST03096,21,Male,North Carolina,Outerwear,Fall,3,89.76,1,15,Debit Card,Standard,3.1,0.23,0.675,269.28000000000003,Mid,0,0,0,18-24,1,0
CUST03097,47,Female,Washington,Accessories,Spring,5,35.25,0,0,Credit Card,Standard,1.2,0.14,0.15,176.25,Low,0,0,0,45-54,0,0
CUST03098,23,Female,Texas,Clothing,Summer,5,93.79,1,5,Debit Card,Standard,3.1,0.24,0.558,468.95000000000005,Mid,0,0,0,18-24,1,0
CUST03099,63,Female,Texas,Clothing,Fall,5,75.24,1,15,PayPal,Express,3.1,0.22,0.675,376.2,Mid,0,0,0,55-64,0,0
CUST03100,36,Male,California,Clothing,Spring,1,71.26,1,20,Debit Card,Standard,3.1,0.34,0.733,71.26,Low,0,0,0,35-44,0,1
CUST03101,49,Female,New York,Accessories,Spring,4,123.35,0,0,Debit Card,Express,4.2,0.03,0.0,493.4,High,1,0,1,45-54,1,0
CUST03102,26,Female,Georgia,Clothing,Fall,16,188.0,0,0,Debit Card,Express,5.0,0.01,0.0,3008.0,High,1,1,1,25-34,1,0
CUST03103,29,Male,California,Accessories,Summer,5,68.56,0,0,Credit Card,Express,2.8,0.43,0.15,342.8,Mid,0,0,0,25-34,0,0
CUST03104,28,Male,Texas,Footwear,Winter,19,171.97,1,15,Debit Card,Standard,5.0,0.27,0.675,3267.43,High,1,0,0,25-34,1,0
CUST03105,63,Male,Colorado,Footwear,Winter,17,96.49,0,0,Buy Now Pay Later,Free Shipping,5.0,0.0,0.0,1640.33,High,1,1,1,55-64,1,0
CUST03106,33,Female,Ohio,Clothing,Fall,2,92.58,1,25,Apple Pay,Standard,1.0,0.51,0.942,185.16,Low,0,0,0,25-34,1,1
CUST03107,18,Female,Florida,Accessories,Fall,3,107.68,1,10,Credit Card,Free Shipping,1.9,0.22,0.767,323.04,Mid,0,0,0,18-24,1,0
CUST03108,62,Female,Colorado,Footwear,Winter,1,69.59,1,10,Credit Card,Standard,4.9,0.12,0.617,69.59,Low,1,0,0,55-64,0,1
CUST03109,38,Male,New York,Clothing,Summer,2,78.45,1,15,Buy Now Pay Later,Express,2.1,0.14,0.825,156.9,Low,0,0,0,35-44,0,1
CUST03110,47,Female,Texas,Clothing,Winter,2,61.39,1,15,Debit Card,Standard,4.1,0.39,0.675,122.78,Low,1,0,0,45-54,0,1
CUST03111,30,Male,Florida,Accessories,Fall,7,73.59,1,15,Debit Card,Standard,2.1,0.33,0.825,515.13,High,0,0,0,25-34,0,0
CUST03112,51,Male,Washington,Footwear,Spring,3,111.52,1,10,PayPal,Standard,1.0,0.12,0.767,334.56,Mid,0,0,0,45-54,1,0
CUST03113,21,Female,Tennessee,Clothing,Summer,3,130.5,1,10,Credit Card,Standard,1.5,0.5,0.767,391.5,Mid,0,0,0,18-24,1,0
CUST03114,45,Male,California,Footwear,Fall,4,88.13,1,20,Debit Card,Free Shipping,3.6,0.2,0.733,352.52,Mid,0,0,0,45-54,1,0
CUST03115,55,Female,Illinois,Footwear,Winter,4,78.54,1,5,Buy Now Pay Later,Overnight,4.0,0.01,0.558,314.16,Mid,1,0,0,55-64,0,0
CUST03116,48,Male,New York,Outerwear,Spring,4,131.72,1,10,PayPal,Standard,3.1,0.69,0.617,526.88,High,0,0,0,45-54,1,0
CUST03117,44,Female,Illinois,Clothing,Fall,2,100.26,1,5,Credit Card,Express,3.9,0.24,0.558,200.52,Low,0,0,0,35-44,1,1
CUST03118,22,Male,California,Footwear,Summer,3,60.53,1,20,Credit Card,Free Shipping,1.0,0.41,0.883,181.59,Low,0,0,0,18-24,0,1
CUST03119,42,Female,New York,Clothing,Summer,6,72.25,1,10,Credit Card,Overnight,4.1,0.28,0.617,433.5,Mid,1,0,0,35-44,0,0
CUST03120,20,Male,North Carolina,Accessories,Spring,1,66.61,1,5,PayPal,Standard,2.0,0.25,0.708,66.61,Low,0,0,0,18-24,0,1
CUST03121,50,Male,Illinois,Accessories,Winter,21,191.22,0,0,Credit Card,Free Shipping,4.9,0.01,0.0,4015.62,High,1,1,1,45-54,1,0
CUST03122,21,Female,Florida,Clothing,Summer,6,96.05,0,0,Credit Card,Standard,3.7,0.49,0.0,576.3,High,0,0,0,18-24,1,0
CUST03123,42,Male,New York,Footwear,Summer,5,74.05,1,20,Buy Now Pay Later,Express,1.0,0.53,0.883,370.25,Mid,0,0,0,35-44,0,0
CUST03124,37,Female,New York,Clothing,Spring,2,51.79,1,20,Credit Card,Express,1.2,0.27,0.883,103.58,Low,0,0,0,35-44,0,1
CUST03125,51,Non-binary,New York,Accessories,Fall,1,154.27,0,0,Credit Card,Free Shipping,1.0,0.22,0.15,154.27,Low,0,0,0,45-54,1,0
CUST03126,43,Male,North Carolina,Clothing,Summer,2,72.18,1,10,Credit Card,Free Shipping,1.1,0.02,0.767,144.36,Low,0,0,0,35-44,0,1
CUST03127,22,Male,Tennessee,Footwear,Spring,22,190.31,0,0,Credit Card,Free Shipping,4.3,0.18,0.0,4186.82,High,1,1,1,18-24,1,0
CUST03128,52,Female,Florida,Clothing,Summer,4,44.96,1,10,Debit Card,Standard,2.8,0.38,0.767,179.84,Low,0,0,0,45-54,0,1
CUST03129,45,Non-binary,Florida,Footwear,Summer,6,93.43,1,10,Buy Now Pay Later,Free Shipping,4.9,0.24,0.617,560.58,High,1,0,1,45-54,1,0
CUST03130,46,Female,North Carolina,Footwear,Spring,6,50.52,1,20,Apple Pay,Standard,3.2,0.51,0.733,303.12,Mid,0,0,0,45-54,0,0
CUST03131,26,Female,Florida,Footwear,Spring,7,104.09,0,0,Debit Card,Standard,3.2,0.35,0.0,728.63,High,0,1,0,25-34,1,0
CUST03132,55,Female,Illinois,Clothing,Winter,2,51.21,1,10,Debit Card,Express,2.9,0.2,0.767,102.42,Low,0,0,0,55-64,0,1
CUST03133,23,Male,Texas,Footwear,Winter,4,43.79,0,0,Debit Card,Express,1.7,0.12,0.15,175.16,Low,0,0,0,18-24,0,0
CUST03134,36,Non-binary,Georgia,Clothing,Fall,2,46.34,1,10,Credit Card,Express,5.0,0.32,0.617,92.68,Low,1,0,0,35-44,0,1
CUST03135,61,Non-binary,Illinois,Footwear,Summer,4,22.42,1,25,Credit Card,Express,4.1,0.25,0.792,89.68,Low,1,0,0,55-64,0,1
CUST03136,28,Male,Ohio,Footwear,Summer,7,50.79,1,15,Buy Now Pay Later,Free Shipping,4.1,0.06,0.675,355.53,Mid,1,0,0,25-34,0,0
CUST03137,19,Male,Ohio,Accessories,Summer,3,79.28,1,30,Credit Card,Standard,5.0,0.37,0.85,237.84,Mid,1,0,0,18-24,0,0
CUST03138,64,Male,Texas,Footwear,Summer,3,58.48,0,0,Credit Card,Standard,4.8,0.27,0.0,175.44,Low,1,0,0,55-64,0,0
CUST03139,61,Male,Colorado,Clothing,Fall,7,62.44,0,0,Debit Card,Free Shipping,1.1,0.38,0.15,437.08,Mid,0,1,0,55-64,0,0
CUST03140,61,Female,Ohio,Accessories,Summer,7,91.69,1,5,Debit Card,Standard,2.9,0.21,0.708,641.8299999999999,High,0,0,0,55-64,1,0
CUST03141,26,Male,New York,Clothing,Winter,7,14.0,1,30,Credit Card,Express,1.1,0.35,1.0,98.0,Low,0,0,0,25-34,0,1
CUST03142,38,Male,Texas,Outerwear,Summer,14,195.36,0,0,Credit Card,Overnight,3.2,0.21,0.0,2735.04,High,0,1,0,35-44,1,0
CUST03143,41,Male,California,Outerwear,Spring,3,82.61,0,0,Debit Card,Express,2.2,0.27,0.15,247.82999999999998,Mid,0,0,0,35-44,0,0
CUST03144,51,Non-binary,Florida,Footwear,Fall,3,90.01,1,10,PayPal,Overnight,5.0,0.31,0.617,270.03000000000003,Mid,1,0,0,45-54,1,0
CUST03145,39,Female,New York,Outerwear,Winter,7,81.46,0,0,Credit Card,Standard,2.1,0.42,0.15,570.2199999999999,High,0,1,0,35-44,0,0
CUST03146,20,Male,Illinois,Clothing,Winter,3,71.56,1,5,Debit Card,Free Shipping,5.0,0.41,0.558,214.68,Low,1,0,0,18-24,0,1
CUST03147,29,Male,Texas,Outerwear,Spring,5,111.09,1,5,Debit Card,Standard,4.1,0.16,0.558,555.45,High,1,0,1,25-34,1,0
CUST03148,45,Non-binary,Virginia,Clothing,Fall,19,206.52,0,0,Apple Pay,Express,2.9,0.01,0.15,3923.88,High,0,1,0,45-54,1,0
CUST03149,47,Female,Texas,Footwear,Summer,6,85.14,1,20,Credit Card,Standard,1.9,0.44,0.883,510.84000000000003,High,0,0,0,45-54,0,0
CUST03150,43,Male,Texas,Footwear,Fall,7,96.05,1,20,Credit Card,Express,1.1,0.09,0.883,672.35,High,0,0,0,35-44,1,0
CUST03151,38,Male,Florida,Clothing,Summer,3,34.6,1,20,Debit Card,Overnight,2.1,0.19,0.883,103.80000000000001,Low,0,0,0,35-44,0,1
CUST03152,45,Male,Illinois,Clothing,Summer,22,136.24,0,0,PayPal,Free Shipping,3.9,0.22,0.0,2997.28,High,0,1,0,45-54,1,0
CUST03153,43,Male,Texas,Clothing,Summer,13,179.35,0,0,Credit Card,Overnight,2.8,0.01,0.15,2331.5499999999997,High,0,1,0,35-44,1,0
CUST03154,50,Female,Texas,Outerwear,Summer,5,69.23,1,5,Debit Card,Express,4.7,0.17,0.558,346.15000000000003,Mid,1,0,0,45-54,0,0
CUST03155,38,Female,Texas,Clothing,Spring,28,198.6,0,0,Credit Card,Free Shipping,2.7,0.01,0.15,5560.8,High,0,1,0,35-44,1,0
CUST03156,52,Female,Colorado,Accessories,Fall,2,51.16,1,5,Credit Card,Express,3.9,0.18,0.558,102.32,Low,0,0,0,45-54,0,1
CUST03157,51,Female,Ohio,Footwear,Fall,12,215.76,0,0,Debit Card,Express,3.9,0.06,0.0,2589.12,High,0,1,0,45-54,1,0
CUST03158,58,Male,Florida,Clothing,Winter,4,72.64,0,0,Credit Card,Express,1.9,0.52,0.15,290.56,Mid,0,0,0,55-64,0,0
CUST03159,64,Female,Colorado,Accessories,Fall,3,99.18,1,15,Apple Pay,Express,1.0,0.18,0.825,297.54,Mid,0,0,0,55-64,1,0
CUST03160,35,Female,Georgia,Footwear,Fall,1,66.82,0,0,PayPal,Free Shipping,1.6,0.04,0.15,66.82,Low,0,0,0,35-44,0,0
CUST03161,28,Male,California,Clothing,Summer,4,79.48,1,10,Debit Card,Standard,5.0,0.12,0.617,317.92,Mid,1,0,0,25-34,0,0
CUST03162,40,Male,Tennessee,Footwear,Fall,1,74.55,0,0,Debit Card,Express,5.0,0.39,0.0,74.55,Low,1,0,0,35-44,0,0
CUST03163,39,Female,North Carolina,Clothing,Winter,18,164.76,0,0,Debit Card,Overnight,3.1,0.03,0.0,2965.68,High,0,1,0,35-44,1,0
CUST03164,34,Male,Texas,Clothing,Summer,9,71.74,1,30,Credit Card,Free Shipping,4.2,0.06,0.85,645.66,High,1,0,1,25-34,0,0
CUST03165,22,Male,Texas,Accessories,Fall,16,191.31,0,0,Apple Pay,Free Shipping,4.1,0.31,0.0,3060.96,High,1,1,0,18-24,1,0
CUST03166,61,Female,California,Accessories,Winter,5,62.51,0,0,Buy Now Pay Later,Express,5.0,0.29,0.0,312.55,Mid,1,0,0,55-64,0,0
CUST03167,28,Non-binary,California,Outerwear,Summer,18,203.54,1,10,Credit Card,Express,4.2,0.25,0.617,3663.72,High,1,0,0,25-34,1,0
CUST03168,47,Male,Georgia,Outerwear,Fall,6,65.46,1,25,Credit Card,Standard,2.3,0.32,0.942,392.76,Mid,0,0,0,45-54,0,0
CUST03169,32,Female,Florida,Accessories,Spring,5,109.34,0,0,Credit Card,Express,3.9,0.1,0.0,546.7,High,0,0,0,25-34,1,0
CUST03170,44,Male,Ohio,Clothing,Fall,6,33.4,0,0,PayPal,Free Shipping,5.0,0.17,0.0,200.39999999999998,Low,1,0,0,35-44,0,0
CUST03171,52,Female,Georgia,Clothing,Spring,1,83.32,1,15,PayPal,Free Shipping,4.9,0.17,0.675,83.32,Low,1,0,0,45-54,0,1
CUST03172,50,Female,Washington,Clothing,Spring,3,55.86,1,15,Apple Pay,Free Shipping,2.0,0.45,0.825,167.57999999999998,Low,0,0,0,45-54,0,1
CUST03173,37,Female,Colorado,Accessories,Winter,6,49.4,1,15,PayPal,Standard,2.2,0.17,0.825,296.4,Mid,0,0,0,35-44,0,0
CUST03174,33,Male,California,Footwear,Fall,4,103.28,0,0,Debit Card,Free Shipping,2.9,0.27,0.15,413.12,Mid,0,0,0,25-34,1,0
CUST03175,51,Female,New York,Clothing,Summer,4,112.71,0,0,PayPal,Free Shipping,1.8,0.59,0.15,450.84,Mid,0,0,0,45-54,1,0
CUST03176,19,Female,Arizona,Clothing,Fall,1,100.12,1,20,PayPal,Standard,1.9,0.06,0.883,100.12,Low,0,0,0,18-24,1,1
CUST03177,52,Male,California,Accessories,Spring,6,73.06,1,30,Debit Card,Express,2.8,0.22,1.0,438.36,Mid,0,0,0,45-54,0,0
CUST03178,57,Male,California,Clothing,Summer,5,73.22,1,10,Debit Card,Free Shipping,4.8,0.22,0.617,366.1,Mid,1,0,0,55-64,0,0
CUST03179,45,Male,Virginia,Footwear,Spring,3,31.87,1,5,PayPal,Express,2.2,0.42,0.708,95.61,Low,0,0,0,45-54,0,1
CUST03180,64,Male,Colorado,Accessories,Winter,4,115.61,1,10,Debit Card,Free Shipping,1.1,0.22,0.767,462.44,Mid,0,0,0,55-64,1,0
CUST03181,56,Female,Texas,Accessories,Summer,3,92.96,0,0,PayPal,Express,2.9,0.52,0.15,278.88,Mid,0,0,0,55-64,1,0
CUST03182,23,Male,Colorado,Clothing,Summer,3,52.67,0,0,PayPal,Overnight,2.8,0.18,0.15,158.01,Low,0,0,0,18-24,0,0
CUST03183,26,Male,Ohio,Outerwear,Summer,2,92.49,0,0,PayPal,Free Shipping,4.8,0.25,0.0,184.98,Low,1,0,0,25-34,1,0
CUST03184,37,Female,New York,Clothing,Summer,3,28.7,1,15,PayPal,Express,1.9,0.14,0.825,86.1,Low,0,0,0,35-44,0,1
CUST03185,18,Male,California,Outerwear,Summer,6,99.24,1,25,Debit Card,Free Shipping,1.2,0.13,0.942,595.4399999999999,High,0,0,0,18-24,1,0
CUST03186,25,Female,Tennessee,Clothing,Fall,7,53.32,1,25,PayPal,Express,5.0,0.11,0.792,373.24,Mid,1,0,0,25-34,0,0
CUST03187,40,Male,New York,Outerwear,Summer,2,46.41,0,0,Debit Card,Express,2.4,0.03,0.15,92.82,Low,0,0,0,35-44,0,0
CUST03188,20,Female,California,Footwear,Winter,7,130.14,0,0,Credit Card,Standard,5.0,0.61,0.0,910.9799999999999,High,1,1,0,18-24,1,0
CUST03189,21,Female,Illinois,Clothing,Summer,1,36.85,1,5,Credit Card,Standard,2.9,0.53,0.708,36.85,Low,0,0,0,18-24,0,1
CUST03190,42,Female,Georgia,Footwear,Summer,5,79.87,1,5,Debit Card,Overnight,3.2,0.38,0.558,399.35,Mid,0,0,0,35-44,0,0
CUST03191,64,Male,Texas,Footwear,Fall,2,80.7,1,10,Debit Card,Free Shipping,1.7,0.16,0.767,161.4,Low,0,0,0,55-64,0,1
CUST03192,55,Female,Texas,Clothing,Winter,13,249.74,0,0,Buy Now Pay Later,Standard,5.0,0.11,0.0,3246.62,High,1,1,1,55-64,1,0
CUST03193,32,Male,Texas,Clothing,Winter,11,191.27,0,0,Debit Card,Standard,2.8,0.44,0.15,2103.9700000000003,High,0,1,0,25-34,1,0
CUST03194,38,Male,Michigan,Footwear,Fall,5,20.0,0,0,Debit Card,Standard,3.6,0.3,0.0,100.0,Low,0,0,0,35-44,0,0
CUST03195,52,Male,Texas,Footwear,Fall,3,55.91,1,20,Credit Card,Overnight,2.0,0.38,0.883,167.73,Low,0,0,0,45-54,0,1
CUST03196,63,Female,Washington,Footwear,Fall,3,20.0,0,0,Credit Card,Free Shipping,4.2,0.69,0.0,60.0,Low,1,0,0,55-64,0,0
CUST03197,31,Male,Massachusetts,Footwear,Summer,2,116.19,0,0,PayPal,Express,3.0,0.37,0.0,232.38,Mid,0,0,0,25-34,1,0
CUST03198,53,Female,California,Footwear,Summer,1,44.1,1,30,Credit Card,Express,1.0,0.03,1.0,44.1,Low,0,0,0,45-54,0,1
CUST03199,29,Male,Michigan,Footwear,Summer,7,40.58,1,5,PayPal,Express,2.5,0.6,0.708,284.06,Mid,0,0,0,25-34,0,0
CUST03200,34,Male,Tennessee,Accessories,Fall,3,92.22,0,0,PayPal,Standard,1.0,0.25,0.15,276.65999999999997,Mid,0,0,0,25-34,1,0
CUST03201,56,Female,Virginia,Clothing,Winter,6,23.54,0,0,Debit Card,Overnight,5.0,0.19,0.0,141.24,Low,1,0,0,55-64,0,0
CUST03202,26,Male,Texas,Outerwear,Fall,2,41.37,1,30,Apple Pay,Express,1.1,0.52,1.0,82.74,Low,0,0,0,25-34,0,1
CUST03203,52,Female,Arizona,Clothing,Summer,6,93.83,1,15,Debit Card,Overnight,4.8,0.15,0.675,562.98,High,1,0,1,45-54,1,0
CUST03204,30,Male,Georgia,Clothing,Spring,6,26.89,1,25,Credit Card,Free Shipping,4.2,0.09,0.792,161.34,Low,1,0,0,25-34,0,1
CUST03205,32,Female,Michigan,Footwear,Summer,7,75.15,0,0,Apple Pay,Free Shipping,4.9,0.12,0.0,526.0500000000001,High,1,1,1,25-34,0,0
CUST03206,35,Female,Texas,Accessories,Winter,3,44.58,1,20,Apple Pay,Free Shipping,1.9,0.2,0.883,133.74,Low,0,0,0,35-44,0,1
CUST03207,50,Male,Georgia,Clothing,Summer,7,20.0,0,0,Credit Card,Free Shipping,2.1,0.39,0.15,140.0,Low,0,1,0,45-54,0,0
CUST03208,23,Male,New York,Clothing,Winter,6,35.38,1,20,Credit Card,Free Shipping,1.8,0.11,0.883,212.28000000000003,Low,0,0,0,18-24,0,1
CUST03209,44,Female,Texas,Footwear,Summer,7,60.33,0,0,Credit Card,Express,3.2,0.06,0.0,422.31,Mid,0,1,0,35-44,0,0
CUST03210,40,Female,Florida,Outerwear,Fall,5,93.29,0,0,Credit Card,Standard,1.7,0.13,0.15,466.45000000000005,Mid,0,0,0,35-44,1,0
CUST03211,44,Male,Ohio,Accessories,Winter,27,178.41,0,0,Buy Now Pay Later,Express,3.1,0.22,0.0,4817.07,High,0,1,0,35-44,1,0
CUST03212,51,Male,Florida,Accessories,Fall,3,84.19,0,0,Debit Card,Free Shipping,5.0,0.34,0.0,252.57,Mid,1,0,0,45-54,0,0
CUST03213,63,Female,Illinois,Clothing,Spring,6,88.71,0,0,Debit Card,Standard,5.0,0.13,0.0,532.26,High,1,0,1,55-64,1,0
CUST03214,55,Female,Michigan,Clothing,Summer,1,89.09,1,20,Apple Pay,Standard,1.4,0.19,0.883,89.09,Low,0,0,0,55-64,1,1
CUST03215,31,Male,Florida,Clothing,Spring,7,99.79,0,0,Debit Card,Standard,3.9,0.07,0.0,698.5300000000001,High,0,1,0,25-34,1,0
CUST03216,53,Female,Washington,Clothing,Spring,23,227.12,0,0,Credit Card,Overnight,4.0,0.1,0.0,5223.76,High,1,1,1,45-54,1,0
CUST03217,25,Male,New York,Accessories,Fall,19,177.56,1,5,Buy Now Pay Later,Express,5.0,0.08,0.558,3373.64,High,1,0,1,25-34,1,0
CUST03218,52,Female,Florida,Clothing,Winter,5,104.8,0,0,Apple Pay,Standard,5.0,0.27,0.0,524.0,High,1,0,0,45-54,1,0
CUST03219,36,Male,Colorado,Clothing,Winter,4,86.92,1,15,Apple Pay,Standard,4.9,0.38,0.675,347.68,Mid,1,0,0,35-44,1,0
CUST03220,47,Non-binary,Tennessee,Footwear,Spring,1,78.3,1,15,Debit Card,Overnight,3.2,0.44,0.675,78.3,Low,0,0,0,45-54,0,1
CUST03221,31,Female,Illinois,Outerwear,Winter,3,63.08,0,0,PayPal,Standard,4.9,0.45,0.0,189.24,Low,1,0,0,25-34,0,0
CUST03222,37,Female,Georgia,Outerwear,Fall,5,127.64,1,10,Credit Card,Standard,1.2,0.19,0.767,638.2,High,0,0,0,35-44,1,0
CUST03223,42,Female,California,Footwear,Spring,3,48.37,1,15,Debit Card,Overnight,3.1,0.3,0.675,145.10999999999999,Low,0,0,0,35-44,0,1
CUST03224,57,Female,Texas,Clothing,Spring,1,64.94,1,20,Buy Now Pay Later,Express,4.8,0.42,0.733,64.94,Low,1,0,0,55-64,0,1
CUST03225,41,Female,Illinois,Footwear,Summer,5,134.23,0,0,Credit Card,Standard,3.2,0.18,0.0,671.15,High,0,0,0,35-44,1,0
CUST03226,31,Male,California,Clothing,Summer,4,62.47,1,30,PayPal,Express,1.1,0.37,1.0,249.88,Mid,0,0,0,25-34,0,0
CUST03227,43,Female,Texas,Footwear,Summer,23,216.91,0,0,Debit Card,Standard,3.2,0.08,0.0,4988.93,High,0,1,0,35-44,1,0
CUST03228,55,Female,Illinois,Footwear,Spring,3,95.23,0,0,Credit Card,Free Shipping,2.0,0.46,0.15,285.69,Mid,0,0,0,55-64,1,0
CUST03229,40,Female,California,Footwear,Summer,4,56.24,1,10,PayPal,Standard,5.0,0.4,0.617,224.96,Mid,1,0,0,35-44,0,0
CUST03230,39,Male,Texas,Outerwear,Spring,1,69.47,1,15,Credit Card,Standard,1.4,0.45,0.825,69.47,Low,0,0,0,35-44,0,1
CUST03231,36,Male,Illinois,Footwear,Spring,5,94.22,1,15,PayPal,Free Shipping,1.0,0.27,0.825,471.1,Mid,0,0,0,35-44,1,0
CUST03232,63,Male,Washington,Footwear,Spring,6,117.82,0,0,Credit Card,Overnight,1.0,0.32,0.15,706.92,High,0,0,0,55-64,1,0
CUST03233,20,Female,Massachusetts,Clothing,Spring,1,140.85,0,0,Buy Now Pay Later,Standard,2.3,0.47,0.15,140.85,Low,0,0,0,18-24,1,0
CUST03234,59,Male,Arizona,Outerwear,Spring,2,59.09,0,0,Credit Card,Standard,5.0,0.42,0.0,118.18,Low,1,0,0,55-64,0,0
CUST03235,36,Female,Florida,Clothing,Fall,3,131.12,0,0,Credit Card,Free Shipping,2.9,0.18,0.15,393.36,Mid,0,0,0,35-44,1,0
CUST03236,26,Female,Tennessee,Outerwear,Summer,5,84.88,1,20,Credit Card,Free Shipping,2.3,0.16,0.883,424.4,Mid,0,0,0,25-34,0,0
CUST03237,45,Female,Ohio,Clothing,Spring,5,110.57,1,10,Buy Now Pay Later,Standard,4.8,0.05,0.617,552.8499999999999,High,1,0,1,45-54,1,0
CUST03238,37,Female,Texas,Clothing,Spring,2,30.68,1,20,PayPal,Overnight,1.1,0.52,0.883,61.36,Low,0,0,0,35-44,0,1
CUST03239,62,Male,California,Footwear,Spring,17,182.68,1,15,PayPal,Standard,4.2,0.04,0.675,3105.56,High,1,0,1,55-64,1,0
CUST03240,24,Male,Colorado,Clothing,Fall,4,88.42,1,5,Debit Card,Express,4.2,0.43,0.558,353.68,Mid,1,0,0,18-24,1,0
CUST03241,31,Male,Illinois,Footwear,Fall,5,87.76,1,20,Debit Card,Standard,3.8,0.32,0.733,438.8,Mid,0,0,0,25-34,1,0
CUST03242,26,Female,Ohio,Clothing,Summer,7,52.48,1,25,Credit Card,Standard,1.0,0.51,0.942,367.35999999999996,Mid,0,0,0,25-34,0,0
CUST03243,36,Male,Georgia,Outerwear,Winter,4,68.38,1,5,Debit Card,Standard,5.0,0.07,0.558,273.52,Mid,1,0,0,35-44,0,0
CUST03244,64,Female,Arizona,Footwear,Spring,4,40.66,1,15,Credit Card,Express,5.0,0.22,0.675,162.64,Low,1,0,0,55-64,0,1
CUST03245,31,Male,Michigan,Footwear,Spring,4,57.35,1,15,Buy Now Pay Later,Express,1.8,0.21,0.825,229.4,Mid,0,0,0,25-34,0,0
CUST03246,55,Male,Illinois,Clothing,Summer,6,64.45,1,10,PayPal,Express,4.1,0.08,0.617,386.70000000000005,Mid,1,0,0,55-64,0,0
CUST03247,53,Male,California,Clothing,Summer,20,155.49,0,0,Debit Card,Standard,3.7,0.04,0.0,3109.8,High,0,1,0,45-54,1,0
CUST03248,57,Female,North Carolina,Footwear,Summer,2,50.82,1,5,Credit Card,Standard,2.2,0.06,0.708,101.64,Low,0,0,0,55-64,0,1
CUST03249,34,Female,Texas,Clothing,Winter,3,114.19,1,25,PayPal,Free Shipping,1.9,0.29,0.942,342.57,Mid,0,0,0,25-34,1,0
CUST03250,47,Male,Ohio,Clothing,Summer,2,120.72,0,0,Credit Card,Standard,4.0,0.21,0.0,241.44,Mid,1,0,0,45-54,1,0
CUST03251,26,Female,Tennessee,Footwear,Spring,5,81.22,1,25,Credit Card,Overnight,1.2,0.1,0.942,406.1,Mid,0,0,0,25-34,0,0
CUST03252,50,Male,Colorado,Accessories,Winter,2,125.12,0,0,Credit Card,Standard,2.2,0.18,0.15,250.24,Mid,0,0,0,45-54,1,0
CUST03253,42,Non-binary,Washington,Clothing,Summer,3,99.99,1,5,Debit Card,Express,1.1,0.17,0.708,299.96999999999997,Mid,0,0,0,35-44,1,0
CUST03254,31,Female,Florida,Clothing,Fall,1,146.9,1,10,PayPal,Express,4.2,0.32,0.617,146.9,Low,1,0,0,25-34,1,1
CUST03255,28,Male,New York,Clothing,Spring,5,48.3,1,15,Credit Card,Free Shipping,2.1,0.23,0.825,241.5,Mid,0,0,0,25-34,0,0
CUST03256,52,Female,New York,Outerwear,Summer,1,20.0,0,0,Credit Card,Standard,3.3,0.22,0.0,20.0,Low,0,0,0,45-54,0,0
CUST03257,58,Male,Arizona,Clothing,Spring,5,54.01,0,0,Debit Card,Standard,3.7,0.12,0.0,270.05,Mid,0,0,0,55-64,0,0
CUST03258,31,Non-binary,Georgia,Outerwear,Summer,3,17.0,1,15,PayPal,Express,4.0,0.18,0.675,51.0,Low,1,0,0,25-34,0,1
CUST03259,47,Male,Colorado,Clothing,Fall,1,41.9,0,0,Credit Card,Free Shipping,3.0,0.21,0.0,41.9,Low,0,0,0,45-54,0,0
CUST03260,58,Female,Texas,Clothing,Summer,11,156.86,0,0,Credit Card,Free Shipping,5.0,0.22,0.0,1725.46,High,1,1,1,55-64,1,0
CUST03261,21,Male,Illinois,Accessories,Spring,3,60.0,1,25,Buy Now Pay Later,Express,3.1,0.44,0.792,180.0,Low,0,0,0,18-24,0,1
CUST03262,21,Female,Ohio,Clothing,Spring,16,180.54,0,0,Buy Now Pay Later,Express,4.0,0.18,0.0,2888.64,High,1,1,1,18-24,1,0
CUST03263,45,Female,Florida,Footwear,Fall,13,141.72,1,15,Buy Now Pay Later,Express,5.0,0.02,0.675,1842.36,High,1,0,1,45-54,1,0
CUST03264,25,Female,Illinois,Outerwear,Spring,17,196.26,0,0,Apple Pay,Express,2.8,0.04,0.15,3336.42,High,0,1,0,25-34,1,0
CUST03265,19,Female,Ohio,Clothing,Winter,4,33.86,1,20,Credit Card,Express,3.5,0.16,0.733,135.44,Low,0,0,0,18-24,0,1
CUST03266,58,Female,Arizona,Footwear,Summer,4,53.8,1,20,Credit Card,Free Shipping,3.9,0.2,0.733,215.2,Low,0,0,0,55-64,0,1
CUST03267,63,Male,Florida,Clothing,Summer,1,67.25,1,10,Credit Card,Overnight,3.1,0.31,0.617,67.25,Low,0,0,0,55-64,0,1
CUST03268,39,Male,Massachusetts,Clothing,Fall,19,205.69,0,0,Credit Card,Express,4.0,0.11,0.0,3908.11,High,1,1,1,35-44,1,0
CUST03269,58,Male,Texas,Clothing,Fall,2,37.9,0,0,Buy Now Pay Later,Express,4.0,0.39,0.0,75.8,Low,1,0,0,55-64,0,0
CUST03270,33,Non-binary,Michigan,Outerwear,Winter,5,103.95,1,20,PayPal,Express,3.9,0.19,0.733,519.75,High,0,0,0,25-34,1,0
CUST03271,46,Male,California,Clothing,Spring,1,26.35,1,15,PayPal,Express,1.0,0.18,0.825,26.35,Low,0,0,0,45-54,0,1
CUST03272,47,Female,California,Outerwear,Winter,3,59.78,1,10,Credit Card,Express,5.0,0.3,0.617,179.34,Low,1,0,0,45-54,0,1
CUST03273,29,Female,Massachusetts,Accessories,Fall,6,76.29,1,15,Apple Pay,Standard,1.5,0.2,0.825,457.74,Mid,0,0,0,25-34,0,0
CUST03274,52,Male,Texas,Clothing,Winter,4,77.36,1,15,Apple Pay,Standard,2.9,0.33,0.825,309.44,Mid,0,0,0,45-54,0,0
CUST03275,28,Male,Georgia,Accessories,Fall,4,60.16,1,15,Credit Card,Express,2.9,0.2,0.825,240.64,Mid,0,0,0,25-34,0,0
CUST03276,63,Male,North Carolina,Footwear,Fall,5,67.01,1,30,Apple Pay,Free Shipping,2.5,0.12,1.0,335.05,Mid,0,0,0,55-64,0,0
CUST03277,38,Male,Virginia,Footwear,Winter,5,47.76,0,0,Credit Card,Standard,3.2,0.07,0.0,238.79999999999998,Mid,0,0,0,35-44,0,0
CUST03278,38,Male,Michigan,Accessories,Spring,5,61.11,1,25,Credit Card,Express,3.3,0.5,0.792,305.55,Mid,0,0,0,35-44,0,0
CUST03279,22,Male,New York,Outerwear,Winter,1,39.56,0,0,PayPal,Standard,1.1,0.42,0.15,39.56,Low,0,0,0,18-24,0,0
CUST03280,37,Female,Colorado,Clothing,Fall,5,43.37,1,20,PayPal,Standard,1.0,0.22,0.883,216.85,Low,0,0,0,35-44,0,1
CUST03281,54,Non-binary,California,Outerwear,Winter,1,119.15,0,0,Credit Card,Free Shipping,1.1,0.13,0.15,119.15,Low,0,0,0,45-54,1,0
CUST03282,20,Male,Florida,Footwear,Spring,2,76.92,0,0,Credit Card,Free Shipping,1.2,0.19,0.15,153.84,Low,0,0,0,18-24,0,0
CUST03283,61,Male,North Carolina,Footwear,Winter,3,74.54,1,5,Buy Now Pay Later,Standard,4.4,0.1,0.558,223.62,Mid,1,0,0,55-64,0,0
CUST03284,50,Male,New York,Footwear,Winter,4,61.01,1,10,PayPal,Overnight,3.1,0.29,0.617,244.04,Mid,0,0,0,45-54,0,0
CUST03285,26,Female,Washington,Accessories,Summer,14,225.19,0,0,PayPal,Standard,4.9,0.28,0.0,3152.66,High,1,1,0,25-34,1,0
CUST03286,26,Female,Illinois,Footwear,Spring,7,81.48,1,5,Credit Card,Free Shipping,3.2,0.34,0.558,570.36,High,0,0,0,25-34,0,0
CUST03287,21,Male,Arizona,Accessories,Fall,1,163.34,0,0,Credit Card,Standard,3.8,0.09,0.0,163.34,Low,0,0,0,18-24,1,0
CUST03288,52,Male,Michigan,Clothing,Fall,3,31.95,1,10,Credit Card,Standard,4.1,0.29,0.617,95.85,Low,1,0,0,45-54,0,1
CUST03289,34,Female,California,Accessories,Fall,6,40.56,1,20,Credit Card,Express,3.1,0.34,0.733,243.36,Mid,0,0,0,25-34,0,0
CUST03290,51,Female,Washington,Clothing,Winter,5,51.96,0,0,Credit Card,Free Shipping,3.0,0.35,0.0,259.8,Mid,0,0,0,45-54,0,0
CUST03291,41,Male,Virginia,Accessories,Fall,4,18.0,1,10,Credit Card,Standard,1.0,0.41,0.767,72.0,Low,0,0,0,35-44,0,1
CUST03292,49,Female,Florida,Clothing,Summer,23,193.81,0,0,Debit Card,Overnight,2.9,0.27,0.15,4457.63,High,0,1,0,45-54,1,0
CUST03293,18,Male,California,Clothing,Winter,1,57.99,1,25,Credit Card,Standard,2.9,0.27,0.942,57.99,Low,0,0,0,18-24,0,1
CUST03294,25,Male,Washington,Clothing,Summer,5,47.13,1,25,Apple Pay,Free Shipping,1.8,0.13,0.942,235.65,Mid,0,0,0,25-34,0,0
CUST03295,62,Female,New York,Outerwear,Summer,13,260.1,0,0,Credit Card,Standard,4.9,0.09,0.0,3381.3,High,1,1,1,55-64,1,0
CUST03296,40,Female,Texas,Clothing,Summer,2,55.23,1,20,Debit Card,Free Shipping,1.0,0.15,0.883,110.46,Low,0,0,0,35-44,0,1
CUST03297,64,Male,North Carolina,Footwear,Winter,3,79.0,0,0,Credit Card,Express,1.1,0.3,0.15,237.0,Mid,0,0,0,55-64,0,0
CUST03298,57,Female,Illinois,Clothing,Winter,20,214.28,0,0,Debit Card,Express,5.0,0.23,0.0,4285.6,High,1,1,1,55-64,1,0
CUST03299,29,Male,Tennessee,Accessories,Spring,2,68.68,1,5,Credit Card,Free Shipping,2.1,0.04,0.708,137.36,Low,0,0,0,25-34,0,1
CUST03300,29,Female,Ohio,Clothing,Spring,2,144.44,0,0,Buy Now Pay Later,Free Shipping,3.9,0.06,0.0,288.88,Mid,0,0,0,25-34,1,0
CUST03301,63,Female,Colorado,Clothing,Summer,5,56.83,1,20,PayPal,Overnight,4.9,0.41,0.733,284.15,Mid,1,0,0,55-64,0,0
CUST03302,64,Female,California,Footwear,Winter,3,96.99,1,10,Debit Card,Standard,1.8,0.01,0.767,290.96999999999997,Mid,0,0,0,55-64,1,0
CUST03303,32,Female,Florida,Footwear,Fall,11,147.9,0,0,Credit Card,Express,3.1,0.13,0.0,1626.9,High,0,1,0,25-34,1,0
CUST03304,58,Male,Texas,Clothing,Spring,6,71.45,1,15,Debit Card,Express,1.7,0.23,0.825,428.70000000000005,Mid,0,0,0,55-64,0,0
CUST03305,36,Female,Massachusetts,Accessories,Fall,6,115.47,0,0,PayPal,Express,3.0,0.36,0.0,692.8199999999999,High,0,0,0,35-44,1,0
CUST03306,43,Female,Texas,Outerwear,Fall,2,74.11,0,0,Credit Card,Express,4.9,0.27,0.0,148.22,Low,1,0,0,35-44,0,0
CUST03307,46,Female,New York,Clothing,Spring,20,178.81,1,10,Debit Card,Standard,3.4,0.1,0.617,3576.2,High,0,0,0,45-54,1,0
CUST03308,39,Male,Illinois,Clothing,Spring,6,93.69,0,0,Apple Pay,Overnight,3.1,0.26,0.0,562.14,High,0,0,0,35-44,1,0
CUST03309,57,Female,Texas,Footwear,Spring,2,48.24,1,25,PayPal,Overnight,3.0,0.46,0.792,96.48,Low,0,0,0,55-64,0,1
CUST03310,38,Female,Texas,Clothing,Fall,7,92.04,1,10,Apple Pay,Standard,1.0,0.27,0.767,644.2800000000001,High,0,0,0,35-44,1,0
CUST03311,55,Male,Washington,Outerwear,Fall,3,124.02,1,10,Apple Pay,Express,3.7,0.34,0.617,372.06,Mid,0,0,0,55-64,1,0
CUST03312,37,Female,California,Footwear,Summer,6,52.33,1,5,Buy Now Pay Later,Express,4.1,0.31,0.558,313.98,Mid,1,0,0,35-44,0,0
CUST03313,46,Male,California,Accessories,Summer,15,194.79,0,0,Debit Card,Overnight,4.4,0.22,0.0,2921.85,High,1,1,1,45-54,1,0
CUST03314,21,Male,New York,Accessories,Fall,7,41.25,1,15,Debit Card,Standard,4.1,0.23,0.675,288.75,Mid,1,0,0,18-24,0,0
CUST03315,24,Female,Georgia,Accessories,Fall,1,118.63,1,20,PayPal,Express,5.0,0.24,0.733,118.63,Low,1,0,0,18-24,1,1
CUST03316,45,Female,Illinois,Clothing,Winter,18,208.19,0,0,PayPal,Standard,3.0,0.2,0.0,3747.42,High,0,1,0,45-54,1,0
CUST03317,45,Female,Florida,Outerwear,Fall,4,33.95,1,15,Buy Now Pay Later,Express,5.0,0.17,0.675,135.8,Low,1,0,0,45-54,0,1
CUST03318,21,Male,Washington,Footwear,Summer,16,147.1,1,15,Credit Card,Free Shipping,5.0,0.09,0.675,2353.6,High,1,0,1,18-24,1,0
CUST03319,39,Non-binary,New York,Clothing,Winter,15,245.3,1,15,Debit Card,Overnight,3.9,0.08,0.675,3679.5,High,0,0,0,35-44,1,0
CUST03320,29,Male,Tennessee,Accessories,Spring,3,166.62,0,0,Credit Card,Standard,3.8,0.38,0.0,499.86,High,0,0,0,25-34,1,0
CUST03321,62,Male,California,Clothing,Summer,3,82.85,0,0,Credit Card,Express,2.0,0.4,0.15,248.54999999999998,Mid,0,0,0,55-64,0,0
CUST03322,20,Male,Colorado,Clothing,Winter,5,28.22,1,15,Credit Card,Free Shipping,2.3,0.41,0.825,141.1,Low,0,0,0,18-24,0,1
CUST03323,39,Female,Massachusetts,Footwear,Winter,7,27.59,0,0,PayPal,Standard,2.2,0.32,0.15,193.13,Low,0,1,0,35-44,0,0
CUST03324,61,Female,Ohio,Footwear,Fall,4,68.85,1,5,Credit Card,Free Shipping,4.8,0.17,0.558,275.4,Mid,1,0,0,55-64,0,0
CUST03325,19,Female,Texas,Accessories,Spring,2,30.58,1,15,PayPal,Overnight,1.0,0.17,0.825,61.16,Low,0,0,0,18-24,0,1
CUST03326,41,Female,New York,Clothing,Summer,3,72.31,1,5,PayPal,Free Shipping,1.1,0.17,0.708,216.93,Low,0,0,0,35-44,0,1
CUST03327,51,Male,Colorado,Footwear,Winter,7,103.05,0,0,Credit Card,Standard,1.3,0.14,0.15,721.35,High,0,1,0,45-54,1,0
CUST03328,44,Female,California,Clothing,Winter,28,199.72,0,0,Credit Card,Standard,4.4,0.05,0.0,5592.16,High,1,1,1,35-44,1,0
CUST03329,58,Male,North Carolina,Footwear,Winter,2,85.37,1,15,PayPal,Free Shipping,3.0,0.46,0.675,170.74,Low,0,0,0,55-64,1,1
CUST03330,18,Female,Colorado,Accessories,Summer,1,84.42,1,10,PayPal,Standard,4.2,0.52,0.617,84.42,Low,1,0,0,18-24,0,1
CUST03331,25,Male,Georgia,Footwear,Winter,15,165.67,0,0,Apple Pay,Standard,3.0,0.05,0.0,2485.0499999999997,High,0,1,0,25-34,1,0
CUST03332,40,Female,California,Outerwear,Fall,4,76.14,0,0,Apple Pay,Express,1.0,0.08,0.15,304.56,Mid,0,0,0,35-44,0,0
CUST03333,55,Female,Colorado,Outerwear,Winter,4,88.53,0,0,Buy Now Pay Later,Standard,5.0,0.37,0.0,354.12,Mid,1,0,0,55-64,1,0
CUST03334,23,Female,Colorado,Outerwear,Fall,2,91.39,1,30,Debit Card,Free Shipping,5.0,0.35,0.85,182.78,Low,1,0,0,18-24,1,1
CUST03335,39,Female,North Carolina,Outerwear,Summer,2,90.2,1,20,Apple Pay,Express,3.2,0.2,0.733,180.4,Low,0,0,0,35-44,1,1
CUST03336,42,Male,California,Footwear,Fall,6,40.86,0,0,Apple Pay,Free Shipping,1.7,0.32,0.15,245.16,Mid,0,0,0,35-44,0,0
CUST03337,35,Female,California,Outerwear,Summer,3,48.3,1,15,Apple Pay,Free Shipping,1.1,0.36,0.825,144.89999999999998,Low,0,0,0,35-44,0,1
CUST03338,34,Male,New York,Outerwear,Spring,4,40.37,0,0,Credit Card,Standard,5.0,0.31,0.0,161.48,Low,1,0,0,25-34,0,0
CUST03339,29,Female,California,Footwear,Winter,3,62.35,1,20,Buy Now Pay Later,Standard,2.3,0.47,0.883,187.05,Low,0,0,0,25-34,0,1
CUST03340,23,Female,Illinois,Clothing,Winter,3,20.0,0,0,Debit Card,Free Shipping,4.1,0.55,0.0,60.0,Low,1,0,0,18-24,0,0
CUST03341,43,Male,Massachusetts,Clothing,Fall,7,89.81,1,15,PayPal,Express,3.8,0.28,0.675,628.6700000000001,High,0,0,0,35-44,1,0
CUST03342,44,Non-binary,Florida,Footwear,Summer,1,51.87,0,0,Credit Card,Free Shipping,4.2,0.54,0.0,51.87,Low,1,0,0,35-44,0,0
CUST03343,25,Female,North Carolina,Accessories,Spring,7,19.13,1,15,Debit Card,Overnight,5.0,0.47,0.675,133.91,Low,1,0,0,25-34,0,1
CUST03344,36,Male,California,Footwear,Spring,14,240.48,0,0,Credit Card,Standard,3.9,0.27,0.0,3366.72,High,0,1,0,35-44,1,0
CUST03345,59,Female,Texas,Clothing,Summer,10,195.85,0,0,Credit Card,Free Shipping,4.1,0.02,0.0,1958.5,High,1,1,1,55-64,1,0
CUST03346,18,Male,California,Clothing,Summer,1,19.64,1,20,Credit Card,Standard,1.0,0.17,0.883,19.64,Low,0,0,0,18-24,0,1
CUST03347,46,Female,New York,Footwear,Winter,6,58.34,1,10,Apple Pay,Standard,1.9,0.5,0.767,350.04,Mid,0,0,0,45-54,0,0
CUST03348,62,Female,Massachusetts,Outerwear,Fall,3,140.06,0,0,Credit Card,Overnight,3.9,0.45,0.0,420.18,Mid,0,0,0,55-64,1,0
CUST03349,52,Non-binary,California,Clothing,Summer,3,19.0,1,5,Credit Card,Free Shipping,2.0,0.26,0.708,57.0,Low,0,0,0,45-54,0,1
CUST03350,57,Female,Washington,Outerwear,Winter,6,83.86,1,30,Credit Card,Express,2.8,0.24,1.0,503.15999999999997,High,0,0,0,55-64,0,0
CUST03351,31,Male,Florida,Footwear,Spring,4,19.55,1,15,Debit Card,Standard,3.8,0.13,0.675,78.2,Low,0,0,0,25-34,0,1
CUST03352,52,Female,Tennessee,Clothing,Winter,22,160.28,1,15,Credit Card,Standard,2.8,0.05,0.825,3526.16,High,0,0,0,45-54,1,0
CUST03353,62,Male,California,Clothing,Winter,2,41.21,1,10,Credit Card,Standard,1.1,0.15,0.767,82.42,Low,0,0,0,55-64,0,1
CUST03354,37,Female,Texas,Clothing,Fall,6,86.04,0,0,Debit Card,Standard,1.0,0.33,0.15,516.24,High,0,0,0,35-44,1,0
CUST03355,30,Female,California,Clothing,Spring,2,53.88,1,20,PayPal,Standard,2.6,0.46,0.883,107.76,Low,0,0,0,25-34,0,1
CUST03356,55,Male,Florida,Accessories,Spring,4,95.95,0,0,Credit Card,Express,2.3,0.45,0.15,383.8,Mid,0,0,0,55-64,1,0
CUST03357,63,Male,Texas,Clothing,Spring,7,105.04,0,0,Credit Card,Free Shipping,2.8,0.29,0.15,735.2800000000001,High,0,1,0,55-64,1,0
CUST03358,25,Female,Virginia,Clothing,Summer,2,97.41,1,5,Credit Card,Standard,3.0,0.3,0.558,194.82,Low,0,0,0,25-34,1,1
CUST03359,60,Female,Washington,Footwear,Fall,7,59.38,0,0,Buy Now Pay Later,Standard,3.2,0.09,0.0,415.66,Mid,0,1,0,55-64,0,0
CUST03360,37,Male,Washington,Accessories,Spring,5,84.98,1,10,Debit Card,Free Shipping,4.7,0.41,0.617,424.90000000000003,Mid,1,0,0,35-44,0,0
CUST03361,50,Male,Illinois,Footwear,Spring,2,99.81,1,15,Debit Card,Overnight,1.0,0.51,0.825,199.62,Low,0,0,0,45-54,1,1
CUST03362,43,Male,California,Clothing,Spring,17,146.62,1,30,Credit Card,Free Shipping,2.9,0.17,1.0,2492.54,High,0,0,0,35-44,1,0
CUST03363,56,Female,Florida,Footwear,Fall,6,68.13,1,25,Debit Card,Standard,5.0,0.31,0.792,408.78,Mid,1,0,0,55-64,0,0
CUST03364,38,Male,Michigan,Outerwear,Summer,3,34.0,1,25,Credit Card,Standard,1.0,0.33,0.942,102.0,Low,0,0,0,35-44,0,1
CUST03365,59,Female,North Carolina,Accessories,Summer,8,165.03,1,15,Credit Card,Express,3.0,0.08,0.675,1320.24,High,0,0,0,55-64,1,0
CUST03366,60,Male,Massachusetts,Outerwear,Spring,1,62.53,0,0,Debit Card,Express,1.9,0.42,0.15,62.53,Low,0,0,0,55-64,0,0
CUST03367,58,Female,North Carolina,Footwear,Spring,6,69.92,1,10,Debit Card,Express,3.1,0.22,0.617,419.52,Mid,0,0,0,55-64,0,0
CUST03368,26,Male,California,Footwear,Fall,7,76.03,1,10,Credit Card,Express,3.3,0.37,0.617,532.21,High,0,0,0,25-34,0,0
CUST03369,41,Female,Texas,Footwear,Fall,4,91.89,0,0,PayPal,Standard,5.0,0.15,0.0,367.56,Mid,1,0,0,35-44,1,0
CUST03370,54,Male,California,Clothing,Fall,27,151.92,1,15,Buy Now Pay Later,Express,3.0,0.21,0.675,4101.839999999999,High,0,0,0,45-54,1,0
CUST03371,58,Female,New York,Clothing,Summer,3,142.96,0,0,Debit Card,Overnight,1.3,0.6,0.15,428.88,Mid,0,0,0,55-64,1,0
CUST03372,34,Male,California,Clothing,Summer,3,40.92,1,20,PayPal,Express,4.2,0.23,0.733,122.76,Low,1,0,0,25-34,0,1
CUST03373,41,Female,Florida,Clothing,Summer,1,29.17,0,0,Buy Now Pay Later,Overnight,1.1,0.25,0.15,29.17,Low,0,0,0,35-44,0,0
CUST03374,38,Female,Colorado,Clothing,Fall,6,40.54,0,0,Apple Pay,Express,1.6,0.37,0.15,243.24,Mid,0,0,0,35-44,0,0
CUST03375,56,Male,Virginia,Outerwear,Summer,5,41.81,1,15,Debit Card,Standard,1.0,0.25,0.825,209.05,Low,0,0,0,55-64,0,1
CUST03376,58,Female,Georgia,Clothing,Spring,2,68.09,1,20,PayPal,Standard,4.9,0.76,0.733,136.18,Low,1,0,0,55-64,0,1
CUST03377,56,Female,Tennessee,Outerwear,Spring,7,125.75,1,15,Credit Card,Express,2.1,0.26,0.825,880.25,High,0,0,0,55-64,1,0
CUST03378,30,Male,California,Accessories,Summer,7,88.43,1,10,Debit Card,Standard,4.0,0.1,0.617,619.01,High,1,0,1,25-34,1,0
CUST03379,28,Male,California,Clothing,Fall,5,75.64,0,0,Credit Card,Overnight,3.9,0.16,0.0,378.2,Mid,0,0,0,25-34,0,0
CUST03380,63,Male,Arizona,Accessories,Fall,5,51.25,1,15,Credit Card,Free Shipping,2.4,0.13,0.825,256.25,Mid,0,0,0,55-64,0,0
CUST03381,36,Female,New York,Clothing,Spring,27,223.58,0,0,Debit Card,Standard,4.3,0.06,0.0,6036.660000000001,High,1,1,1,35-44,1,0
CUST03382,28,Female,Texas,Outerwear,Summer,7,41.67,1,10,Credit Card,Standard,3.6,0.21,0.617,291.69,Mid,0,0,0,25-34,0,0
CUST03383,30,Male,New York,Footwear,Spring,6,29.18,0,0,PayPal,Free Shipping,1.9,0.3,0.15,175.07999999999998,Low,0,0,0,25-34,0,0
CUST03384,63,Female,Texas,Clothing,Summer,5,48.33,1,10,Debit Card,Standard,2.1,0.09,0.767,241.64999999999998,Mid,0,0,0,55-64,0,0
CUST03385,62,Female,Illinois,Outerwear,Spring,2,59.27,1,10,Debit Card,Standard,2.3,0.18,0.767,118.54,Low,0,0,0,55-64,0,1
CUST03386,18,Female,Florida,Footwear,Fall,4,105.09,0,0,Credit Card,Standard,2.9,0.05,0.15,420.36,Mid,0,0,0,18-24,1,0
CUST03387,57,Female,Illinois,Clothing,Fall,1,95.89,1,15,Credit Card,Overnight,1.0,0.35,0.825,95.89,Low,0,0,0,55-64,1,1
CUST03388,61,Female,Colorado,Footwear,Summer,29,229.83,0,0,Debit Card,Standard,3.0,0.21,0.0,6665.070000000001,High,0,1,0,55-64,1,0
CUST03389,36,Female,New York,Footwear,Winter,5,20.0,0,0,Buy Now Pay Later,Express,2.1,0.69,0.15,100.0,Low,0,0,0,35-44,0,0
CUST03390,29,Male,Texas,Clothing,Fall,1,67.94,1,20,Credit Card,Express,2.7,0.13,0.883,67.94,Low,0,0,0,25-34,0,1
CUST03391,25,Female,Texas,Footwear,Summer,19,165.62,0,0,Credit Card,Standard,3.6,0.29,0.0,3146.78,High,0,1,0,25-34,1,0
CUST03392,25,Female,New York,Clothing,Summer,7,83.95,1,15,Apple Pay,Standard,3.3,0.11,0.675,587.65,High,0,0,0,25-34,0,0
CUST03393,62,Male,Georgia,Accessories,Winter,1,26.74,1,15,Credit Card,Overnight,1.8,0.62,0.825,26.74,Low,0,0,0,55-64,0,1
CUST03394,29,Female,Georgia,Clothing,Spring,7,66.31,1,5,Apple Pay,Express,1.4,0.18,0.708,464.17,Mid,0,0,0,25-34,0,0
CUST03395,50,Female,Arizona,Outerwear,Spring,7,55.07,1,20,Debit Card,Standard,2.8,0.3,0.883,385.49,Mid,0,0,0,45-54,0,0
CUST03396,62,Female,Texas,Footwear,Fall,4,104.33,1,10,Debit Card,Standard,2.0,0.57,0.767,417.32,Mid,0,0,0,55-64,1,0
CUST03397,43,Male,Washington,Clothing,Summer,3,64.17,1,25,Credit Card,Express,1.1,0.26,0.942,192.51,Low,0,0,0,35-44,0,1
CUST03398,56,Male,Washington,Clothing,Summer,12,166.06,1,10,Credit Card,Free Shipping,4.6,0.08,0.617,1992.72,High,1,0,1,55-64,1,0
CUST03399,45,Female,Florida,Clothing,Summer,3,17.39,1,15,Credit Card,Standard,4.6,0.23,0.675,52.17,Low,1,0,0,45-54,0,1
CUST03400,22,Female,Illinois,Footwear,Winter,6,36.92,0,0,Apple Pay,Express,1.0,0.33,0.15,221.52,Mid,0,0,0,18-24,0,0
CUST03401,25,Male,Illinois,Clothing,Winter,2,104.48,0,0,PayPal,Standard,1.8,0.45,0.15,208.96,Low,0,0,0,25-34,1,0
CUST03402,42,Female,Washington,Footwear,Fall,7,20.0,0,0,PayPal,Standard,1.0,0.37,0.15,140.0,Low,0,1,0,35-44,0,0
CUST03403,44,Female,Colorado,Outerwear,Fall,4,18.0,1,10,PayPal,Standard,1.1,0.07,0.767,72.0,Low,0,0,0,35-44,0,1
CUST03404,63,Male,California,Footwear,Spring,2,94.56,1,15,Credit Card,Free Shipping,2.1,0.19,0.825,189.12,Low,0,0,0,55-64,1,1
CUST03405,40,Male,Georgia,Clothing,Fall,1,90.84,1,15,PayPal,Express,3.8,0.54,0.675,90.84,Low,0,0,0,35-44,1,1
CUST03406,47,Male,California,Clothing,Winter,4,36.78,0,0,Debit Card,Free Shipping,1.0,0.2,0.15,147.12,Low,0,0,0,45-54,0,0
CUST03407,62,Female,California,Accessories,Winter,6,63.46,1,15,PayPal,Overnight,2.2,0.15,0.825,380.76,Mid,0,0,0,55-64,0,0
CUST03408,64,Male,Michigan,Footwear,Spring,1,114.88,1,15,Credit Card,Free Shipping,1.0,0.29,0.825,114.88,Low,0,0,0,55-64,1,1
CUST03409,40,Male,Tennessee,Footwear,Winter,6,85.87,0,0,PayPal,Standard,4.7,0.07,0.0,515.22,High,1,0,1,35-44,1,0
CUST03410,64,Male,California,Accessories,Spring,6,72.63,1,25,Apple Pay,Standard,4.0,0.11,0.792,435.78,Mid,1,0,0,55-64,0,0
CUST03411,37,Male,Florida,Clothing,Spring,28,227.8,0,0,Debit Card,Free Shipping,3.9,0.14,0.0,6378.400000000001,High,0,1,0,35-44,1,0
CUST03412,35,Male,Texas,Outerwear,Summer,19,272.58,0,0,Credit Card,Overnight,5.0,0.06,0.0,5179.0199999999995,High,1,1,1,35-44,1,0
CUST03413,35,Male,Florida,Clothing,Spring,7,72.31,1,15,Debit Card,Free Shipping,3.9,0.23,0.675,506.17,High,0,0,0,35-44,0,0
CUST03414,19,Female,North Carolina,Accessories,Summer,21,165.75,0,0,Credit Card,Standard,3.9,0.31,0.0,3480.75,High,0,1,0,18-24,1,0
CUST03415,21,Female,Tennessee,Footwear,Summer,5,103.76,1,10,PayPal,Standard,5.0,0.07,0.617,518.8000000000001,High,1,0,1,18-24,1,0
CUST03416,47,Male,Arizona,Clothing,Fall,3,67.68,0,0,Buy Now Pay Later,Overnight,3.9,0.61,0.0,203.04000000000002,Low,0,0,0,45-54,0,0
CUST03417,50,Male,New York,Footwear,Fall,23,250.87,0,0,Debit Card,Standard,5.0,0.3,0.0,5770.01,High,1,1,0,45-54,1,0
CUST03418,53,Non-binary,Washington,Footwear,Fall,7,19.39,1,10,Debit Card,Express,1.0,0.33,0.767,135.73000000000002,Low,0,0,0,45-54,0,1
CUST03419,35,Male,New York,Footwear,Summer,10,230.26,0,0,PayPal,Express,4.0,0.09,0.0,2302.6,High,1,1,1,35-44,1,0
CUST03420,54,Male,Massachusetts,Clothing,Winter,5,65.63,0,0,Credit Card,Standard,2.1,0.29,0.15,328.15,Mid,0,0,0,45-54,0,0
CUST03421,36,Male,Virginia,Clothing,Summer,5,56.05,0,0,Credit Card,Standard,3.2,0.05,0.0,280.25,Mid,0,0,0,35-44,0,0
CUST03422,64,Male,Illinois,Clothing,Summer,2,108.13,1,10,Apple Pay,Standard,1.0,0.36,0.767,216.26,Low,0,0,0,55-64,1,1
CUST03423,45,Female,New York,Clothing,Summer,8,160.74,0,0,PayPal,Standard,4.9,0.04,0.0,1285.92,High,1,1,1,45-54,1,0
CUST03424,57,Male,New York,Outerwear,Spring,7,97.18,0,0,Credit Card,Express,5.0,0.35,0.0,680.26,High,1,1,0,55-64,1,0
CUST03425,37,Female,California,Footwear,Summer,10,187.27,1,5,Credit Card,Standard,4.9,0.07,0.558,1872.7,High,1,0,1,35-44,1,0
CUST03426,50,Male,North Carolina,Clothing,Summer,6,54.52,1,20,PayPal,Standard,4.0,0.27,0.733,327.12,Mid,1,0,0,45-54,0,0
CUST03427,29,Male,Florida,Outerwear,Spring,7,63.24,1,30,PayPal,Free Shipping,5.0,0.26,0.85,442.68,Mid,1,0,0,25-34,0,0
CUST03428,32,Female,New York,Footwear,Winter,2,46.0,1,20,Apple Pay,Express,5.0,0.4,0.733,92.0,Low,1,0,0,25-34,0,1
CUST03429,58,Male,Florida,Clothing,Fall,3,38.8,1,25,Credit Card,Standard,3.0,0.44,0.792,116.39999999999999,Low,0,0,0,55-64,0,1
CUST03430,56,Female,North Carolina,Clothing,Summer,2,57.17,1,25,Buy Now Pay Later,Overnight,4.0,0.13,0.792,114.34,Low,1,0,0,55-64,0,1
CUST03431,19,Male,California,Clothing,Summer,1,165.76,1,15,Debit Card,Free Shipping,2.9,0.06,0.825,165.76,Low,0,0,0,18-24,1,1
CUST03432,46,Female,Virginia,Outerwear,Winter,4,147.35,0,0,PayPal,Standard,2.1,0.51,0.15,589.4,High,0,0,0,45-54,1,0
CUST03433,58,Male,Massachusetts,Accessories,Spring,23,208.87,0,0,Debit Card,Express,4.8,0.1,0.0,4804.01,High,1,1,1,55-64,1,0
CUST03434,27,Female,Tennessee,Outerwear,Winter,4,67.77,1,15,Credit Card,Express,1.2,0.29,0.825,271.08,Mid,0,0,0,25-34,0,0
CUST03435,19,Male,Florida,Clothing,Spring,3,66.45,1,5,Buy Now Pay Later,Standard,2.0,0.66,0.708,199.35000000000002,Low,0,0,0,18-24,0,1
CUST03436,28,Female,Texas,Outerwear,Winter,14,137.78,1,30,Credit Card,Free Shipping,4.0,0.11,0.85,1928.92,High,1,0,1,25-34,1,0
CUST03437,30,Male,New York,Clothing,Fall,22,263.16,0,0,Credit Card,Free Shipping,3.3,0.1,0.0,5789.52,High,0,1,0,25-34,1,0
CUST03438,27,Female,New York,Outerwear,Fall,6,50.61,1,25,Apple Pay,Free Shipping,1.0,0.43,0.942,303.65999999999997,Mid,0,0,0,25-34,0,0
CUST03439,31,Male,Texas,Outerwear,Spring,1,16.0,1,20,PayPal,Standard,2.0,0.2,0.883,16.0,Low,0,0,0,25-34,0,1
CUST03440,35,Female,Washington,Clothing,Summer,2,66.51,1,10,Apple Pay,Standard,5.0,0.16,0.617,133.02,Low,1,0,0,35-44,0,1
CUST03441,26,Male,Florida,Footwear,Summer,4,82.22,1,25,Debit Card,Free Shipping,1.0,0.05,0.942,328.88,Mid,0,0,0,25-34,0,0
CUST03442,56,Male,Virginia,Footwear,Summer,4,121.78,1,20,Debit Card,Express,1.2,0.22,0.883,487.12,Mid,0,0,0,55-64,1,0
CUST03443,45,Female,California,Outerwear,Fall,2,87.66,1,15,Buy Now Pay Later,Standard,1.9,0.17,0.825,175.32,Low,0,0,0,45-54,1,1
CUST03444,20,Male,Arizona,Clothing,Summer,1,42.48,1,20,Credit Card,Overnight,3.1,0.18,0.733,42.48,Low,0,0,0,18-24,0,1
CUST03445,37,Male,Georgia,Accessories,Summer,2,49.91,0,0,Apple Pay,Standard,1.0,0.32,0.15,99.82,Low,0,0,0,35-44,0,0
CUST03446,23,Female,Georgia,Outerwear,Summer,5,65.49,1,20,Credit Card,Standard,3.0,0.63,0.733,327.45,Mid,0,0,0,18-24,0,0
CUST03447,44,Non-binary,Virginia,Footwear,Fall,5,81.85,1,5,Apple Pay,Free Shipping,2.0,0.15,0.708,409.25,Mid,0,0,0,35-44,0,0
CUST03448,19,Male,Georgia,Clothing,Winter,6,60.43,1,25,Credit Card,Standard,5.0,0.41,0.792,362.58,Mid,1,0,0,18-24,0,0
CUST03449,46,Female,Massachusetts,Footwear,Spring,5,100.4,1,20,Debit Card,Standard,1.0,0.26,0.883,502.0,High,0,0,0,45-54,1,0
CUST03450,55,Female,New York,Clothing,Summer,9,155.45,1,10,Apple Pay,Standard,3.9,0.02,0.617,1399.05,High,0,0,0,55-64,1,0
CUST03451,20,Male,Illinois,Footwear,Spring,6,96.57,1,5,Debit Card,Express,3.1,0.22,0.558,579.42,High,0,0,0,18-24,1,0
CUST03452,33,Female,California,Clothing,Winter,4,96.57,0,0,PayPal,Standard,4.0,0.21,0.0,386.28,Mid,1,0,0,25-34,1,0
CUST03453,47,Female,California,Clothing,Fall,24,171.3,0,0,Apple Pay,Express,3.9,0.46,0.0,4111.200000000001,High,0,1,0,45-54,1,0
CUST03454,57,Non-binary,Texas,Accessories,Spring,23,218.88,0,0,PayPal,Express,3.1,0.21,0.0,5034.24,High,0,1,0,55-64,1,0
CUST03455,19,Male,California,Accessories,Summer,2,56.25,1,30,Buy Now Pay Later,Free Shipping,1.9,0.13,1.0,112.5,Low,0,0,0,18-24,0,1
CUST03456,34,Female,Texas,Accessories,Summer,7,46.52,1,25,Debit Card,Standard,3.3,0.42,0.792,325.64000000000004,Mid,0,0,0,25-34,0,0
CUST03457,58,Male,Texas,Accessories,Fall,7,91.24,1,15,Credit Card,Free Shipping,4.5,0.36,0.675,638.68,High,1,0,0,55-64,1,0
CUST03458,29,Male,California,Clothing,Spring,7,58.04,1,10,Credit Card,Standard,5.0,0.21,0.617,406.28,Mid,1,0,0,25-34,0,0
CUST03459,52,Male,Massachusetts,Clothing,Summer,3,125.59,0,0,Credit Card,Overnight,4.3,0.27,0.0,376.77,Mid,1,0,0,45-54,1,0
CUST03460,60,Non-binary,California,Footwear,Winter,4,86.01,1,20,Credit Card,Express,5.0,0.34,0.733,344.04,Mid,1,0,0,55-64,1,0
CUST03461,18,Female,Georgia,Clothing,Fall,12,227.55,1,5,Debit Card,Standard,4.0,0.04,0.558,2730.6000000000004,High,1,0,1,18-24,1,0
CUST03462,62,Female,Texas,Accessories,Spring,9,163.25,1,15,Credit Card,Overnight,2.6,0.15,0.825,1469.25,High,0,0,0,55-64,1,0
CUST03463,32,Female,Massachusetts,Footwear,Winter,1,77.51,1,30,Credit Card,Standard,4.8,0.37,0.85,77.51,Low,1,0,0,25-34,0,1
CUST03464,43,Male,Massachusetts,Outerwear,Summer,6,38.15,1,15,Credit Card,Standard,3.9,0.15,0.675,228.89999999999998,Mid,0,0,0,35-44,0,0
CUST03465,54,Male,Arizona,Footwear,Summer,2,69.5,0,0,Apple Pay,Standard,2.2,0.13,0.15,139.0,Low,0,0,0,45-54,0,0
CUST03466,38,Male,Colorado,Clothing,Fall,4,42.27,1,30,Debit Card,Overnight,2.1,0.36,1.0,169.08,Low,0,0,0,35-44,0,1
CUST03467,48,Male,California,Footwear,Summer,23,189.73,1,10,Debit Card,Standard,4.9,0.11,0.617,4363.79,High,1,0,1,45-54,1,0
CUST03468,42,Female,Michigan,Outerwear,Fall,7,70.55,1,30,Apple Pay,Standard,3.6,0.24,0.85,493.84999999999997,High,0,0,0,35-44,0,0
CUST03469,40,Female,Virginia,Accessories,Summer,5,73.98,0,0,Credit Card,Standard,2.5,0.67,0.15,369.90000000000003,Mid,0,0,0,35-44,0,0
CUST03470,41,Male,Massachusetts,Outerwear,Summer,4,105.89,0,0,Buy Now Pay Later,Express,2.1,0.34,0.15,423.56,Mid,0,0,0,35-44,1,0
CUST03471,55,Male,Arizona,Accessories,Summer,3,55.75,1,10,PayPal,Express,4.2,0.25,0.617,167.25,Low,1,0,0,55-64,0,1
CUST03472,45,Male,New York,Accessories,Summer,6,20.0,0,0,Credit Card,Standard,4.9,0.41,0.0,120.0,Low,1,0,0,45-54,0,0
CUST03473,38,Male,Massachusetts,Clothing,Summer,1,83.39,1,10,PayPal,Standard,1.0,0.49,0.767,83.39,Low,0,0,0,35-44,0,1
CUST03474,60,Female,New York,Footwear,Spring,1,67.74,1,10,PayPal,Express,3.9,0.62,0.617,67.74,Low,0,0,0,55-64,0,1
CUST03475,35,Female,Washington,Clothing,Spring,10,144.27,1,5,Debit Card,Free Shipping,5.0,0.18,0.558,1442.7,High,1,0,1,35-44,1,0
CUST03476,53,Female,California,Clothing,Fall,20,188.48,1,15,Apple Pay,Overnight,5.0,0.03,0.675,3769.6,High,1,0,1,45-54,1,0
CUST03477,52,Male,Massachusetts,Clothing,Spring,29,219.26,0,0,Credit Card,Free Shipping,4.8,0.02,0.0,6358.54,High,1,1,1,45-54,1,0
CUST03478,62,Male,California,Clothing,Winter,2,35.95,1,15,Credit Card,Standard,5.0,0.18,0.675,71.9,Low,1,0,0,55-64,0,1
CUST03479,26,Male,Texas,Clothing,Summer,1,51.44,1,20,Credit Card,Free Shipping,4.1,0.17,0.733,51.44,Low,1,0,0,25-34,0,1
CUST03480,55,Female,Illinois,Accessories,Summer,5,134.56,0,0,Credit Card,Standard,2.0,0.09,0.15,672.8,High,0,0,0,55-64,1,0
CUST03481,47,Female,Georgia,Clothing,Summer,4,90.32,1,10,Credit Card,Free Shipping,1.2,0.49,0.767,361.28,Mid,0,0,0,45-54,1,0
CUST03482,61,Male,Washington,Outerwear,Spring,2,119.46,1,5,Apple Pay,Standard,2.7,0.59,0.708,238.92,Mid,0,0,0,55-64,1,0
CUST03483,51,Female,Texas,Clothing,Winter,7,61.3,1,10,Credit Card,Express,4.4,0.35,0.617,429.09999999999997,Mid,1,0,0,45-54,0,0
CUST03484,49,Female,California,Accessories,Spring,18,156.09,0,0,Debit Card,Standard,4.7,0.02,0.0,2809.62,High,1,1,1,45-54,1,0
CUST03485,20,Female,Georgia,Clothing,Summer,7,101.02,1,15,Debit Card,Standard,4.8,0.36,0.675,707.14,High,1,0,0,18-24,1,0
CUST03486,20,Female,Michigan,Clothing,Spring,5,29.67,1,5,Apple Pay,Free Shipping,4.9,0.35,0.558,148.35000000000002,Low,1,0,0,18-24,0,1
CUST03487,45,Female,Ohio,Clothing,Spring,6,90.56,1,5,Buy Now Pay Later,Overnight,2.9,0.59,0.708,543.36,High,0,0,0,45-54,1,0
CUST03488,61,Female,Florida,Accessories,Winter,3,82.71,1,10,PayPal,Free Shipping,5.0,0.11,0.617,248.13,Mid,1,0,0,55-64,0,0
CUST03489,32,Male,Massachusetts,Footwear,Fall,14,104.94,1,20,Buy Now Pay Later,Express,3.1,0.05,0.733,1469.1599999999999,High,0,0,0,25-34,1,0
CUST03490,58,Male,Florida,Clothing,Spring,7,44.24,0,0,PayPal,Express,2.0,0.52,0.15,309.68,Mid,0,1,0,55-64,0,0
CUST03491,40,Male,Illinois,Clothing,Winter,5,132.97,1,15,Buy Now Pay Later,Standard,1.0,0.08,0.825,664.85,High,0,0,0,35-44,1,0
CUST03492,57,Male,Florida,Clothing,Summer,6,90.98,0,0,PayPal,Free Shipping,2.0,0.06,0.15,545.88,High,0,0,0,55-64,1,0
CUST03493,28,Female,Florida,Footwear,Summer,6,96.92,1,25,Credit Card,Express,4.0,0.24,0.792,581.52,High,1,0,1,25-34,1,0
CUST03494,49,Female,Ohio,Footwear,Summer,5,94.23,1,15,Debit Card,Overnight,2.2,0.46,0.825,471.15000000000003,Mid,0,0,0,45-54,1,0
CUST03495,53,Male,Illinois,Clothing,Summer,15,234.75,0,0,PayPal,Express,3.0,0.22,0.0,3521.25,High,0,1,0,45-54,1,0
CUST03496,50,Female,New York,Clothing,Fall,27,181.84,0,0,Debit Card,Express,5.0,0.01,0.0,4909.68,High,1,1,1,45-54,1,0
CUST03497,41,Male,Texas,Outerwear,Summer,5,91.58,1,15,Credit Card,Free Shipping,5.0,0.17,0.675,457.9,Mid,1,0,0,35-44,1,0
CUST03498,56,Male,California,Clothing,Winter,11,134.07,0,0,Debit Card,Standard,2.8,0.02,0.15,1474.77,High,0,1,0,55-64,1,0
CUST03499,51,Male,Washington,Accessories,Winter,4,72.59,1,20,Buy Now Pay Later,Standard,2.9,0.53,0.883,290.36,Mid,0,0,0,45-54,0,0
CUST03500,45,Male,Texas,Clothing,Summer,5,75.66,1,20,Credit Card,Standard,3.8,0.4,0.733,378.29999999999995,Mid,0,0,0,45-54,0,0
CUST03501,54,Male,California,Accessories,Fall,4,97.42,0,0,PayPal,Free Shipping,4.3,0.26,0.0,389.68,Mid,1,0,0,45-54,1,0
CUST03502,24,Female,Arizona,Outerwear,Winter,6,88.45,1,15,PayPal,Standard,5.0,0.08,0.675,530.7,High,1,0,1,18-24,1,0
CUST03503,21,Male,Colorado,Outerwear,Winter,8,102.23,0,0,Buy Now Pay Later,Standard,5.0,0.24,0.0,817.84,High,1,1,1,18-24,1,0
CUST03504,54,Non-binary,Georgia,Footwear,Spring,7,109.61,0,0,Buy Now Pay Later,Standard,3.1,0.27,0.0,767.27,High,0,1,0,45-54,1,0
CUST03505,18,Male,Illinois,Accessories,Spring,6,110.71,0,0,PayPal,Express,5.0,0.55,0.0,664.26,High,1,0,0,18-24,1,0
CUST03506,18,Male,Massachusetts,Accessories,Fall,3,78.41,1,15,Debit Card,Express,3.9,0.42,0.675,235.23,Mid,0,0,0,18-24,0,0
CUST03507,64,Male,Tennessee,Clothing,Summer,6,90.22,1,15,Credit Card,Standard,4.2,0.2,0.675,541.3199999999999,High,1,0,1,55-64,1,0
CUST03508,37,Female,Ohio,Outerwear,Winter,8,155.62,1,10,Debit Card,Free Shipping,4.7,0.0,0.617,1244.96,High,1,0,1,35-44,1,0
CUST03509,36,Male,Arizona,Footwear,Fall,2,114.66,0,0,PayPal,Free Shipping,2.7,0.34,0.15,229.32,Mid,0,0,0,35-44,1,0
CUST03510,46,Female,New York,Accessories,Winter,5,44.84,0,0,Apple Pay,Standard,2.9,0.12,0.15,224.20000000000002,Mid,0,0,0,45-54,0,0
CUST03511,27,Female,Michigan,Clothing,Spring,4,56.23,1,15,PayPal,Overnight,5.0,0.13,0.675,224.92,Mid,1,0,0,25-34,0,0
CUST03512,35,Female,Texas,Accessories,Summer,6,70.53,1,10,Credit Card,Express,1.0,0.18,0.767,423.18,Mid,0,0,0,35-44,0,0
CUST03513,45,Female,Texas,Outerwear,Summer,3,61.14,1,5,Debit Card,Standard,1.9,0.32,0.708,183.42000000000002,Low,0,0,0,45-54,0,1
CUST03514,52,Male,Florida,Accessories,Summer,28,163.15,1,15,Credit Card,Standard,3.1,0.58,0.675,4568.2,High,0,0,0,45-54,1,0
CUST03515,60,Male,California,Clothing,Winter,2,112.04,1,5,Credit Card,Express,3.2,0.55,0.558,224.08,Mid,0,0,0,55-64,1,0
CUST03516,64,Male,Michigan,Clothing,Summer,2,42.99,1,25,Credit Card,Express,5.0,0.08,0.792,85.98,Low,1,0,0,55-64,0,1
CUST03517,48,Female,Washington,Clothing,Winter,6,115.11,1,10,Credit Card,Standard,4.8,0.19,0.617,690.66,High,1,0,1,45-54,1,0
CUST03518,44,Male,Illinois,Outerwear,Fall,7,28.41,0,0,Apple Pay,Free Shipping,5.0,0.17,0.0,198.87,Low,1,1,0,35-44,0,0
CUST03519,28,Male,Arizona,Outerwear,Summer,15,171.07,0,0,Credit Card,Express,3.0,0.28,0.0,2566.0499999999997,High,0,1,0,25-34,1,0
CUST03520,55,Non-binary,Illinois,Outerwear,Fall,4,114.94,0,0,Credit Card,Overnight,3.1,0.32,0.0,459.76,Mid,0,0,0,55-64,1,0
CUST03521,22,Male,California,Footwear,Summer,4,74.48,1,20,Buy Now Pay Later,Standard,1.2,0.59,0.883,297.92,Mid,0,0,0,18-24,0,0
CUST03522,25,Female,Washington,Accessories,Spring,4,76.04,0,0,Debit Card,Express,1.2,0.33,0.15,304.16,Mid,0,0,0,25-34,0,0
CUST03523,51,Female,Colorado,Accessories,Winter,5,76.14,1,10,Credit Card,Standard,4.0,0.45,0.617,380.7,Mid,1,0,0,45-54,0,0
CUST03524,29,Male,Florida,Accessories,Summer,5,59.95,1,30,Credit Card,Express,4.2,0.19,0.85,299.75,Mid,1,0,0,25-34,0,0
CUST03525,55,Male,Georgia,Footwear,Summer,23,180.52,0,0,Credit Card,Free Shipping,5.0,0.16,0.0,4151.96,High,1,1,1,55-64,1,0
CUST03526,18,Male,Texas,Accessories,Summer,6,78.71,0,0,Credit Card,Free Shipping,1.2,0.08,0.15,472.26,Mid,0,0,0,18-24,0,0
CUST03527,48,Female,Texas,Footwear,Fall,1,75.48,1,10,Credit Card,Standard,4.9,0.22,0.617,75.48,Low,1,0,0,45-54,0,1
CUST03528,21,Female,Texas,Clothing,Winter,6,82.26,1,15,Debit Card,Overnight,4.1,0.16,0.675,493.56000000000006,High,1,0,1,18-24,0,0
CUST03529,62,Female,New York,Clothing,Winter,3,68.71,1,20,Credit Card,Free Shipping,5.0,0.1,0.733,206.13,Low,1,0,0,55-64,0,1
CUST03530,22,Female,North Carolina,Footwear,Summer,1,37.74,1,30,Debit Card,Express,1.9,0.11,1.0,37.74,Low,0,0,0,18-24,0,1
CUST03531,47,Female,North Carolina,Outerwear,Winter,3,45.99,1,20,Apple Pay,Standard,1.0,0.47,0.883,137.97,Low,0,0,0,45-54,0,1
CUST03532,41,Male,New York,Accessories,Summer,11,225.81,0,0,Debit Card,Overnight,3.3,0.17,0.0,2483.91,High,0,1,0,35-44,1,0
CUST03533,20,Male,Washington,Clothing,Spring,5,17.15,1,30,Apple Pay,Standard,2.1,0.12,1.0,85.75,Low,0,0,0,18-24,0,1
CUST03534,28,Female,Georgia,Outerwear,Spring,4,79.96,0,0,Debit Card,Free Shipping,3.0,0.21,0.0,319.84,Mid,0,0,0,25-34,0,0
CUST03535,62,Male,Texas,Footwear,Summer,2,86.45,1,5,Debit Card,Express,1.3,0.61,0.708,172.9,Low,0,0,0,55-64,1,1
CUST03536,21,Male,Texas,Accessories,Winter,7,81.8,0,0,PayPal,Standard,2.9,0.29,0.15,572.6,High,0,1,0,18-24,0,0
CUST03537,43,Female,Michigan,Accessories,Winter,1,85.85,1,15,Credit Card,Standard,1.0,0.44,0.825,85.85,Low,0,0,0,35-44,1,1
CUST03538,44,Male,Washington,Accessories,Summer,14,139.37,0,0,Credit Card,Standard,4.8,0.02,0.0,1951.18,High,1,1,1,35-44,1,0
CUST03539,63,Female,Michigan,Accessories,Summer,7,103.38,1,10,PayPal,Free Shipping,2.2,0.08,0.767,723.66,High,0,0,0,55-64,1,0
CUST03540,60,Female,New York,Outerwear,Winter,2,72.44,1,20,Debit Card,Standard,5.0,0.47,0.733,144.88,Low,1,0,0,55-64,0,1
CUST03541,44,Male,Colorado,Clothing,Winter,7,137.43,1,10,PayPal,Express,1.0,0.2,0.767,962.01,High,0,0,0,35-44,1,0
CUST03542,59,Female,Texas,Clothing,Summer,1,86.07,0,0,Apple Pay,Free Shipping,1.2,0.65,0.15,86.07,Low,0,0,0,55-64,1,0
CUST03543,23,Male,Texas,Clothing,Summer,7,100.5,1,10,Debit Card,Standard,5.0,0.21,0.617,703.5,High,1,0,1,18-24,1,0
CUST03544,32,Male,Illinois,Clothing,Winter,20,213.07,0,0,Debit Card,Express,4.0,0.53,0.0,4261.4,High,1,1,0,25-34,1,0
CUST03545,47,Male,New York,Clothing,Spring,6,77.64,1,10,Debit Card,Express,5.0,0.45,0.617,465.84000000000003,Mid,1,0,0,45-54,0,0
CUST03546,59,Male,Texas,Clothing,Winter,2,44.1,1,15,Buy Now Pay Later,Express,1.9,0.37,0.825,88.2,Low,0,0,0,55-64,0,1
CUST03547,54,Female,Texas,Clothing,Spring,2,65.17,1,20,Apple Pay,Standard,2.1,0.2,0.883,130.34,Low,0,0,0,45-54,0,1
CUST03548,54,Male,California,Clothing,Winter,17,152.9,1,25,Apple Pay,Standard,2.8,0.02,0.942,2599.3,High,0,0,0,45-54,1,0
CUST03549,59,Male,Colorado,Clothing,Spring,26,200.9,0,0,Credit Card,Express,2.8,0.39,0.15,5223.400000000001,High,0,1,0,55-64,1,0
CUST03550,54,Male,Illinois,Clothing,Winter,22,157.69,0,0,PayPal,Free Shipping,2.8,0.08,0.15,3469.18,High,0,1,0,45-54,1,0
CUST03551,52,Female,California,Footwear,Spring,4,104.95,0,0,Credit Card,Standard,3.0,0.2,0.0,419.8,Mid,0,0,0,45-54,1,0
CUST03552,40,Female,Texas,Accessories,Winter,6,23.9,0,0,Credit Card,Standard,2.9,0.33,0.15,143.39999999999998,Low,0,0,0,35-44,0,0
CUST03553,23,Male,California,Clothing,Spring,4,28.14,0,0,Buy Now Pay Later,Standard,2.9,0.53,0.15,112.56,Low,0,0,0,18-24,0,0
CUST03554,21,Male,Washington,Accessories,Spring,6,73.91,0,0,Credit Card,Free Shipping,5.0,0.53,0.0,443.46,Mid,1,0,0,18-24,0,0
CUST03555,35,Male,California,Outerwear,Winter,4,35.3,0,0,Buy Now Pay Later,Standard,4.0,0.45,0.0,141.2,Low,1,0,0,35-44,0,0
CUST03556,26,Male,Georgia,Outerwear,Winter,2,20.0,0,0,Credit Card,Free Shipping,3.7,0.4,0.0,40.0,Low,0,0,0,25-34,0,0
CUST03557,46,Female,California,Clothing,Winter,25,204.54,1,15,Apple Pay,Standard,2.5,0.06,0.825,5113.5,High,0,0,0,45-54,1,0
CUST03558,30,Female,Texas,Footwear,Summer,24,206.6,0,0,Credit Card,Free Shipping,5.0,0.03,0.0,4958.4,High,1,1,1,25-34,1,0
CUST03559,64,Male,Massachusetts,Clothing,Spring,2,48.57,1,15,Debit Card,Express,3.0,0.43,0.675,97.14,Low,0,0,0,55-64,0,1
CUST03560,34,Male,Colorado,Clothing,Spring,7,66.98,1,25,Credit Card,Overnight,2.7,0.18,0.942,468.86,Mid,0,0,0,25-34,0,0
CUST03561,62,Male,California,Clothing,Winter,3,149.29,0,0,Debit Card,Standard,5.0,0.46,0.0,447.87,Mid,1,0,0,55-64,1,0
CUST03562,49,Female,North Carolina,Clothing,Summer,24,213.48,1,15,Credit Card,Free Shipping,4.1,0.01,0.675,5123.5199999999995,High,1,0,1,45-54,1,0
CUST03563,39,Male,Illinois,Accessories,Fall,4,116.96,0,0,PayPal,Standard,1.0,0.4,0.15,467.84,Mid,0,0,0,35-44,1,0
CUST03564,21,Non-binary,North Carolina,Footwear,Fall,29,233.14,0,0,Credit Card,Standard,4.4,0.16,0.0,6761.0599999999995,High,1,1,1,18-24,1,0
CUST03565,22,Female,Washington,Footwear,Summer,9,179.63,0,0,Credit Card,Standard,4.3,0.16,0.0,1616.67,High,1,1,1,18-24,1,0
CUST03566,54,Male,Colorado,Clothing,Winter,7,28.78,1,30,Credit Card,Free Shipping,1.9,0.26,1.0,201.46,Low,0,0,0,45-54,0,1
CUST03567,58,Female,Michigan,Clothing,Fall,3,76.49,1,15,Debit Card,Free Shipping,3.9,0.26,0.675,229.46999999999997,Mid,0,0,0,55-64,0,0
CUST03568,30,Female,Texas,Clothing,Fall,2,101.89,1,10,Apple Pay,Express,1.7,0.29,0.767,203.78,Low,0,0,0,25-34,1,1
CUST03569,51,Female,Arizona,Clothing,Winter,2,95.87,0,0,Apple Pay,Express,5.0,0.24,0.0,191.74,Low,1,0,0,45-54,1,0
CUST03570,62,Male,Florida,Outerwear,Summer,7,58.06,1,25,Credit Card,Standard,1.0,0.29,0.942,406.42,Mid,0,0,0,55-64,0,0
CUST03571,39,Male,California,Footwear,Summer,6,56.1,1,10,Debit Card,Free Shipping,4.2,0.82,0.617,336.6,Mid,1,0,0,35-44,0,0
CUST03572,40,Female,California,Outerwear,Fall,1,131.01,1,10,PayPal,Free Shipping,3.6,0.36,0.617,131.01,Low,0,0,0,35-44,1,1
CUST03573,20,Female,California,Footwear,Winter,7,58.91,1,10,Credit Card,Overnight,2.2,0.41,0.767,412.37,Mid,0,0,0,18-24,0,0
CUST03574,59,Female,Arizona,Accessories,Fall,21,168.05,0,0,Debit Card,Express,2.9,0.11,0.15,3529.05,High,0,1,0,55-64,1,0
CUST03575,51,Female,Washington,Clothing,Winter,4,24.24,1,20,Debit Card,Free Shipping,3.1,0.43,0.733,96.96,Low,0,0,0,45-54,0,1
CUST03576,49,Female,Illinois,Accessories,Winter,5,138.99,1,5,Credit Card,Free Shipping,3.1,0.41,0.558,694.95,High,0,0,0,45-54,1,0
CUST03577,62,Female,California,Accessories,Winter,21,211.79,0,0,Credit Card,Express,4.0,0.08,0.0,4447.59,High,1,1,1,55-64,1,0
CUST03578,38,Male,Florida,Footwear,Summer,1,106.44,1,10,Credit Card,Standard,1.9,0.15,0.767,106.44,Low,0,0,0,35-44,1,1
CUST03579,63,Female,Massachusetts,Accessories,Summer,16,198.21,1,10,PayPal,Express,4.1,0.14,0.617,3171.36,High,1,0,1,55-64,1,0
CUST03580,61,Female,Florida,Clothing,Summer,7,61.36,1,10,Credit Card,Express,1.8,0.49,0.767,429.52,Mid,0,0,0,55-64,0,0
CUST03581,38,Female,Arizona,Footwear,Spring,2,79.02,1,15,Credit Card,Standard,5.0,0.24,0.675,158.04,Low,1,0,0,35-44,0,1
CUST03582,61,Female,Ohio,Outerwear,Fall,6,101.3,0,0,Credit Card,Standard,3.9,0.23,0.0,607.8,High,0,0,0,55-64,1,0
CUST03583,28,Male,Ohio,Accessories,Summer,17,166.59,0,0,Credit Card,Express,4.0,0.21,0.0,2832.03,High,1,1,1,25-34,1,0
CUST03584,56,Female,Illinois,Footwear,Fall,2,124.61,1,15,Credit Card,Express,1.9,0.3,0.825,249.22,Mid,0,0,0,55-64,1,0
CUST03585,21,Female,Virginia,Clothing,Fall,5,105.3,1,5,Apple Pay,Express,2.0,0.28,0.708,526.5,High,0,0,0,18-24,1,0
CUST03586,18,Male,Florida,Accessories,Spring,16,227.48,0,0,Credit Card,Standard,4.8,0.3,0.0,3639.68,High,1,1,0,18-24,1,0
CUST03587,45,Male,Virginia,Clothing,Spring,4,102.92,1,5,PayPal,Free Shipping,1.8,0.1,0.708,411.68,Mid,0,0,0,45-54,1,0
CUST03588,41,Male,Texas,Clothing,Summer,6,88.57,1,5,Debit Card,Express,3.5,0.64,0.558,531.42,High,0,0,0,35-44,1,0
CUST03589,52,Male,New York,Footwear,Fall,6,97.46,0,0,PayPal,Standard,4.2,0.3,0.0,584.76,High,1,0,0,45-54,1,0
CUST03590,30,Male,California,Clothing,Summer,22,173.88,0,0,Debit Card,Standard,5.0,0.06,0.0,3825.3599999999997,High,1,1,1,25-34,1,0
CUST03591,64,Male,Ohio,Footwear,Winter,3,78.49,1,5,Credit Card,Free Shipping,3.1,0.42,0.558,235.46999999999997,Mid,0,0,0,55-64,0,0
CUST03592,51,Female,Florida,Outerwear,Summer,29,234.43,0,0,Apple Pay,Free Shipping,5.0,0.27,0.0,6798.47,High,1,1,0,45-54,1,0
CUST03593,28,Female,Texas,Clothing,Spring,5,82.58,1,5,Debit Card,Standard,5.0,0.64,0.558,412.9,Mid,1,0,0,25-34,0,0
CUST03594,53,Female,Texas,Footwear,Spring,6,102.17,0,0,Apple Pay,Free Shipping,4.2,0.2,0.0,613.02,High,1,0,1,45-54,1,0
CUST03595,34,Female,Massachusetts,Accessories,Summer,1,56.92,1,15,Debit Card,Standard,2.8,0.3,0.825,56.92,Low,0,0,0,25-34,0,1
CUST03596,52,Male,North Carolina,Clothing,Summer,27,201.92,0,0,Buy Now Pay Later,Free Shipping,5.0,0.11,0.0,5451.839999999999,High,1,1,1,45-54,1,0
CUST03597,35,Male,Illinois,Footwear,Summer,7,35.48,1,15,PayPal,Standard,3.0,0.15,0.675,248.35999999999999,Mid,0,0,0,35-44,0,0
CUST03598,57,Female,Washington,Footwear,Fall,5,112.71,0,0,Buy Now Pay Later,Standard,5.0,0.21,0.0,563.55,High,1,0,1,55-64,1,0
CUST03599,39,Male,Florida,Accessories,Summer,6,18.85,1,20,Debit Card,Express,4.3,0.11,0.733,113.10000000000001,Low,1,0,0,35-44,0,1
CUST03600,41,Non-binary,Florida,Outerwear,Summer,3,76.36,1,25,Debit Card,Standard,5.0,0.33,0.792,229.07999999999998,Mid,1,0,0,35-44,0,0
CUST03601,36,Female,Massachusetts,Accessories,Summer,6,31.55,1,15,PayPal,Express,1.8,0.1,0.825,189.3,Low,0,0,0,35-44,0,1
CUST03602,54,Female,California,Outerwear,Summer,4,51.81,0,0,Apple Pay,Free Shipping,1.2,0.24,0.15,207.24,Low,0,0,0,45-54,0,0
CUST03603,56,Non-binary,Florida,Accessories,Summer,29,145.36,1,15,Buy Now Pay Later,Free Shipping,5.0,0.2,0.675,4215.4400000000005,High,1,0,1,55-64,1,0
CUST03604,38,Male,New York,Clothing,Summer,4,115.08,0,0,Credit Card,Express,3.6,0.43,0.0,460.32,Mid,0,0,0,35-44,1,0
CUST03605,25,Male,Illinois,Accessories,Winter,5,34.09,1,20,PayPal,Express,5.0,0.42,0.733,170.45000000000002,Low,1,0,0,25-34,0,1
CUST03606,45,Female,Florida,Clothing,Spring,6,78.51,0,0,Credit Card,Standard,2.1,0.72,0.15,471.06000000000006,Mid,0,0,0,45-54,0,0
CUST03607,22,Male,Illinois,Accessories,Fall,6,66.86,1,5,Debit Card,Standard,1.9,0.09,0.708,401.15999999999997,Mid,0,0,0,18-24,0,0
CUST03608,34,Female,California,Footwear,Summer,3,76.05,0,0,Credit Card,Express,1.8,0.3,0.15,228.14999999999998,Mid,0,0,0,25-34,0,0
CUST03609,54,Male,Illinois,Accessories,Spring,5,77.83,1,30,Credit Card,Standard,1.8,0.52,1.0,389.15,Mid,0,0,0,45-54,0,0
CUST03610,53,Female,Texas,Clothing,Winter,1,60.4,1,25,Buy Now Pay Later,Overnight,1.0,0.5,0.942,60.4,Low,0,0,0,45-54,0,1
CUST03611,36,Female,Texas,Accessories,Summer,4,63.99,1,20,Credit Card,Express,3.2,0.12,0.733,255.96,Mid,0,0,0,35-44,0,0
CUST03612,44,Female,California,Clothing,Summer,27,234.2,0,0,PayPal,Standard,3.3,0.2,0.0,6323.4,High,0,1,0,35-44,1,0
CUST03613,51,Male,Georgia,Footwear,Summer,7,41.33,1,20,Debit Card,Express,1.3,0.33,0.883,289.31,Mid,0,0,0,45-54,0,0
CUST03614,28,Male,Florida,Footwear,Summer,5,35.93,0,0,Credit Card,Standard,5.0,0.1,0.0,179.65,Low,1,0,0,25-34,0,0
CUST03615,62,Female,Arizona,Outerwear,Fall,7,72.56,0,0,Credit Card,Express,2.1,0.45,0.15,507.92,High,0,1,0,55-64,0,0
CUST03616,64,Male,Georgia,Clothing,Fall,5,123.28,1,10,Debit Card,Free Shipping,5.0,0.05,0.617,616.4,High,1,0,1,55-64,1,0
CUST03617,29,Female,Colorado,Accessories,Winter,7,68.47,1,25,Credit Card,Express,5.0,0.32,0.792,479.28999999999996,Mid,1,0,0,25-34,0,0
CUST03618,38,Female,Florida,Accessories,Fall,1,87.0,0,0,Apple Pay,Standard,3.8,0.21,0.0,87.0,Low,0,0,0,35-44,1,0
CUST03619,28,Female,New York,Outerwear,Fall,16,152.51,0,0,Buy Now Pay Later,Overnight,4.9,0.21,0.0,2440.16,High,1,1,1,25-34,1,0
CUST03620,56,Female,New York,Footwear,Fall,4,117.81,1,5,Credit Card,Standard,1.0,0.26,0.708,471.24,Mid,0,0,0,55-64,1,0
CUST03621,45,Male,Arizona,Clothing,Fall,22,189.21,1,20,Credit Card,Overnight,3.9,0.07,0.733,4162.62,High,0,0,0,45-54,1,0
CUST03622,22,Female,Illinois,Accessories,Spring,2,50.14,1,10,Debit Card,Express,2.1,0.2,0.767,100.28,Low,0,0,0,18-24,0,1
CUST03623,34,Female,North Carolina,Footwear,Fall,28,184.18,0,0,PayPal,Express,4.7,0.06,0.0,5157.04,High,1,1,1,25-34,1,0
CUST03624,37,Male,Virginia,Footwear,Fall,3,108.28,1,20,Credit Card,Free Shipping,1.0,0.37,0.883,324.84000000000003,Mid,0,0,0,35-44,1,0
CUST03625,58,Non-binary,Texas,Outerwear,Spring,1,88.7,1,10,Credit Card,Overnight,5.0,0.08,0.617,88.7,Low,1,0,0,55-64,1,1
CUST03626,63,Male,California,Clothing,Fall,3,130.64,1,10,Debit Card,Standard,5.0,0.35,0.617,391.91999999999996,Mid,1,0,0,55-64,1,0
CUST03627,29,Male,Arizona,Outerwear,Winter,2,107.31,1,15,Buy Now Pay Later,Standard,1.9,0.08,0.825,214.62,Low,0,0,0,25-34,1,1
CUST03628,23,Male,New York,Clothing,Summer,1,18.0,1,10,Debit Card,Free Shipping,5.0,0.46,0.617,18.0,Low,1,0,0,18-24,0,1
CUST03629,34,Female,California,Outerwear,Spring,5,140.68,0,0,Debit Card,Standard,2.1,0.26,0.15,703.4000000000001,High,0,0,0,25-34,1,0
CUST03630,36,Male,Virginia,Outerwear,Fall,5,76.13,1,15,Buy Now Pay Later,Express,2.6,0.26,0.825,380.65,Mid,0,0,0,35-44,0,0
CUST03631,43,Female,Texas,Footwear,Summer,4,68.64,1,20,PayPal,Overnight,5.0,0.06,0.733,274.56,Mid,1,0,0,35-44,0,0
CUST03632,61,Female,Massachusetts,Footwear,Fall,6,86.14,0,0,PayPal,Express,1.0,0.04,0.15,516.84,High,0,0,0,55-64,1,0
CUST03633,61,Male,Colorado,Clothing,Fall,2,82.26,0,0,Debit Card,Free Shipping,3.9,0.14,0.0,164.52,Low,0,0,0,55-64,0,0
CUST03634,49,Male,Georgia,Clothing,Summer,5,25.44,1,20,Buy Now Pay Later,Overnight,1.0,0.24,0.883,127.2,Low,0,0,0,45-54,0,1
CUST03635,23,Female,Texas,Clothing,Summer,1,133.48,0,0,PayPal,Overnight,1.0,0.57,0.15,133.48,Low,0,0,0,18-24,1,0
CUST03636,53,Male,Texas,Clothing,Winter,6,52.5,1,20,Apple Pay,Free Shipping,4.0,0.18,0.733,315.0,Mid,1,0,0,45-54,0,0
CUST03637,55,Female,Illinois,Accessories,Spring,6,62.98,1,15,PayPal,Express,2.1,0.26,0.825,377.88,Mid,0,0,0,55-64,0,0
CUST03638,28,Male,Texas,Clothing,Spring,5,105.22,0,0,PayPal,Express,5.0,0.26,0.0,526.1,High,1,0,0,25-34,1,0
CUST03639,50,Female,New York,Outerwear,Winter,3,124.3,1,15,Credit Card,Express,1.2,0.15,0.825,372.9,Mid,0,0,0,45-54,1,0
CUST03640,41,Female,New York,Accessories,Spring,3,77.97,1,5,Credit Card,Overnight,5.0,0.23,0.558,233.91,Mid,1,0,0,35-44,0,0
CUST03641,40,Male,Texas,Footwear,Summer,3,82.79,1,10,PayPal,Free Shipping,3.6,0.25,0.617,248.37,Mid,0,0,0,35-44,0,0
CUST03642,32,Male,Texas,Footwear,Fall,6,134.05,0,0,Credit Card,Standard,3.8,0.49,0.0,804.3000000000001,High,0,0,0,25-34,1,0
CUST03643,44,Male,Ohio,Clothing,Summer,3,73.37,1,30,Debit Card,Standard,5.0,0.49,0.85,220.11,Mid,1,0,0,35-44,0,0
CUST03644,28,Male,Texas,Clothing,Summer,18,193.07,0,0,Credit Card,Free Shipping,2.7,0.07,0.15,3475.2599999999998,High,0,1,0,25-34,1,0
CUST03645,34,Female,California,Clothing,Fall,6,20.0,0,0,Apple Pay,Express,3.5,0.04,0.0,120.0,Low,0,0,0,25-34,0,0
CUST03646,31,Female,Arizona,Footwear,Summer,4,63.39,1,15,Credit Card,Standard,2.4,0.3,0.825,253.56,Mid,0,0,0,25-34,0,0
CUST03647,44,Male,Michigan,Accessories,Spring,3,81.81,1,10,Apple Pay,Overnight,5.0,0.18,0.617,245.43,Mid,1,0,0,35-44,0,0
CUST03648,35,Female,New York,Clothing,Summer,4,86.01,1,5,PayPal,Free Shipping,2.9,0.19,0.708,344.04,Mid,0,0,0,35-44,1,0
CUST03649,45,Female,California,Footwear,Fall,4,99.5,1,15,Credit Card,Free Shipping,2.8,0.62,0.825,398.0,Mid,0,0,0,45-54,1,0
CUST03650,64,Male,Washington,Clothing,Summer,5,42.19,0,0,Debit Card,Overnight,5.0,0.43,0.0,210.95,Low,1,0,0,55-64,0,0
CUST03651,64,Male,Massachusetts,Footwear,Spring,6,44.27,1,10,Credit Card,Standard,1.1,0.3,0.767,265.62,Mid,0,0,0,55-64,0,0
CUST03652,21,Female,Ohio,Accessories,Summer,1,95.22,1,20,Credit Card,Free Shipping,4.1,0.28,0.733,95.22,Low,1,0,0,18-24,1,1
CUST03653,24,Female,Arizona,Footwear,Fall,3,104.66,1,15,Debit Card,Express,2.0,0.31,0.825,313.98,Mid,0,0,0,18-24,1,0
CUST03654,62,Female,New York,Outerwear,Spring,25,186.92,0,0,Credit Card,Free Shipping,3.7,0.01,0.0,4673.0,High,0,1,0,55-64,1,0
CUST03655,52,Female,Illinois,Footwear,Summer,2,84.98,1,10,Buy Now Pay Later,Standard,3.0,0.6,0.617,169.96,Low,0,0,0,45-54,0,1
CUST03656,26,Male,California,Accessories,Winter,4,64.99,1,15,Credit Card,Standard,1.2,0.55,0.825,259.96,Mid,0,0,0,25-34,0,0
CUST03657,25,Female,Colorado,Clothing,Spring,7,53.08,1,15,PayPal,Express,4.9,0.07,0.675,371.56,Mid,1,0,0,25-34,0,0
CUST03658,62,Female,Georgia,Footwear,Spring,2,38.71,1,10,Debit Card,Standard,1.1,0.46,0.767,77.42,Low,0,0,0,55-64,0,1
CUST03659,34,Female,Tennessee,Accessories,Summer,4,53.61,0,0,PayPal,Overnight,1.9,0.28,0.15,214.44,Low,0,0,0,25-34,0,0
CUST03660,34,Male,Texas,Clothing,Spring,14,157.21,0,0,Debit Card,Free Shipping,3.2,0.13,0.0,2200.94,High,0,1,0,25-34,1,0
CUST03661,50,Male,California,Footwear,Spring,2,118.41,1,15,PayPal,Overnight,2.8,0.14,0.825,236.82,Mid,0,0,0,45-54,1,0
CUST03662,49,Male,Illinois,Clothing,Spring,6,102.34,0,0,PayPal,Free Shipping,3.0,0.0,0.0,614.04,High,0,0,0,45-54,1,0
CUST03663,25,Female,Colorado,Clothing,Summer,5,71.21,1,25,PayPal,Express,4.1,0.16,0.792,356.04999999999995,Mid,1,0,0,25-34,0,0
CUST03664,36,Male,Ohio,Outerwear,Spring,2,36.64,1,20,Credit Card,Free Shipping,1.9,0.49,0.883,73.28,Low,0,0,0,35-44,0,1
CUST03665,55,Male,Texas,Accessories,Spring,4,118.23,1,10,PayPal,Free Shipping,3.1,0.48,0.617,472.92,Mid,0,0,0,55-64,1,0
CUST03666,20,Male,Texas,Clothing,Fall,6,135.5,0,0,Credit Card,Overnight,1.0,0.16,0.15,813.0,High,0,0,0,18-24,1,0
CUST03667,22,Male,Illinois,Footwear,Summer,4,93.58,0,0,Credit Card,Express,3.0,0.25,0.0,374.32,Mid,0,0,0,18-24,1,0
CUST03668,30,Female,New York,Outerwear,Fall,1,76.2,1,15,Debit Card,Express,1.0,0.27,0.825,76.2,Low,0,0,0,25-34,0,1
CUST03669,64,Female,Virginia,Clothing,Summer,7,85.25,1,5,Debit Card,Overnight,1.2,0.17,0.708,596.75,High,0,0,0,55-64,0,0
CUST03670,63,Female,Florida,Footwear,Winter,28,187.27,0,0,Debit Card,Standard,2.8,0.02,0.15,5243.56,High,0,1,0,55-64,1,0
CUST03671,48,Male,Ohio,Footwear,Fall,2,33.86,0,0,PayPal,Free Shipping,5.0,0.23,0.0,67.72,Low,1,0,0,45-54,0,0
CUST03672,33,Female,Washington,Clothing,Winter,12,167.52,0,0,Credit Card,Free Shipping,4.8,0.18,0.0,2010.2400000000002,High,1,1,1,25-34,1,0
CUST03673,49,Male,Ohio,Accessories,Summer,3,54.15,1,5,Credit Card,Express,3.0,0.08,0.558,162.45,Low,0,0,0,45-54,0,1
CUST03674,39,Male,New York,Clothing,Winter,1,58.27,1,15,Credit Card,Overnight,1.1,0.11,0.825,58.27,Low,0,0,0,35-44,0,1
CUST03675,46,Male,North Carolina,Footwear,Fall,2,86.12,1,10,PayPal,Overnight,4.9,0.11,0.617,172.24,Low,1,0,0,45-54,1,1
CUST03676,39,Male,Texas,Footwear,Fall,1,120.62,0,0,Debit Card,Overnight,2.4,0.24,0.15,120.62,Low,0,0,0,35-44,1,0
CUST03677,60,Male,Illinois,Clothing,Fall,2,88.18,1,25,Credit Card,Express,4.7,0.5,0.792,176.36,Low,1,0,0,55-64,1,1
CUST03678,20,Female,Texas,Footwear,Summer,7,27.0,1,10,PayPal,Free Shipping,1.6,0.28,0.767,189.0,Low,0,0,0,18-24,0,1
CUST03679,27,Female,Florida,Footwear,Spring,3,143.63,1,5,Debit Card,Express,1.0,0.52,0.708,430.89,Mid,0,0,0,25-34,1,0
CUST03680,59,Female,New York,Clothing,Winter,22,228.11,1,10,Debit Card,Standard,3.0,0.02,0.617,5018.42,High,0,0,0,55-64,1,0
CUST03681,38,Male,Texas,Footwear,Spring,7,135.36,1,5,Debit Card,Free Shipping,2.9,0.23,0.708,947.5200000000001,High,0,0,0,35-44,1,0
CUST03682,33,Male,Tennessee,Clothing,Fall,5,60.86,0,0,PayPal,Overnight,1.0,0.21,0.15,304.3,Mid,0,0,0,25-34,0,0
CUST03683,29,Male,Texas,Outerwear,Winter,1,67.76,0,0,PayPal,Free Shipping,4.0,0.31,0.0,67.76,Low,1,0,0,25-34,0,0
CUST03684,19,Non-binary,Ohio,Accessories,Spring,26,170.92,0,0,Credit Card,Standard,4.7,0.11,0.0,4443.92,High,1,1,1,18-24,1,0
CUST03685,58,Female,Michigan,Footwear,Fall,2,80.77,1,15,Credit Card,Standard,2.2,0.32,0.825,161.54,Low,0,0,0,55-64,0,1
CUST03686,41,Female,California,Footwear,Winter,3,89.8,1,5,Credit Card,Free Shipping,1.0,0.45,0.708,269.4,Mid,0,0,0,35-44,1,0
CUST03687,52,Male,Colorado,Accessories,Summer,3,65.03,1,10,PayPal,Standard,4.8,0.29,0.617,195.09,Low,1,0,0,45-54,0,1
CUST03688,47,Female,Texas,Outerwear,Fall,4,53.03,0,0,Apple Pay,Free Shipping,4.9,0.12,0.0,212.12,Low,1,0,0,45-54,0,0
CUST03689,47,Male,California,Footwear,Summer,4,78.87,1,15,Debit Card,Free Shipping,3.0,0.04,0.675,315.48,Mid,0,0,0,45-54,0,0
CUST03690,64,Female,Florida,Outerwear,Summer,7,71.17,1,10,Credit Card,Overnight,2.7,0.26,0.767,498.19,High,0,0,0,55-64,0,0
CUST03691,52,Female,Tennessee,Accessories,Fall,5,73.97,1,25,PayPal,Standard,1.1,0.24,0.942,369.85,Mid,0,0,0,45-54,0,0
CUST03692,36,Non-binary,California,Clothing,Winter,1,125.69,1,10,Apple Pay,Overnight,1.2,0.27,0.767,125.69,Low,0,0,0,35-44,1,1
CUST03693,25,Female,Washington,Outerwear,Winter,7,92.16,1,15,Apple Pay,Free Shipping,1.0,0.16,0.825,645.12,High,0,0,0,25-34,1,0
CUST03694,43,Male,Illinois,Footwear,Fall,2,65.44,1,30,PayPal,Express,5.0,0.64,0.85,130.88,Low,1,0,0,35-44,0,1
CUST03695,57,Female,Virginia,Footwear,Winter,5,78.14,1,15,Apple Pay,Express,5.0,0.25,0.675,390.7,Mid,1,0,0,55-64,0,0
CUST03696,24,Female,California,Outerwear,Fall,3,41.37,1,15,Credit Card,Express,3.6,0.62,0.675,124.10999999999999,Low,0,0,0,18-24,0,1
CUST03697,47,Male,Colorado,Clothing,Summer,3,79.03,1,5,Credit Card,Standard,4.0,0.02,0.558,237.09,Mid,1,0,0,45-54,0,0
CUST03698,24,Male,Colorado,Accessories,Summer,11,153.65,0,0,Credit Card,Free Shipping,2.7,0.0,0.15,1690.15,High,0,1,0,18-24,1,0
CUST03699,20,Male,Arizona,Clothing,Fall,2,99.69,1,15,PayPal,Free Shipping,3.3,0.41,0.675,199.38,Low,0,0,0,18-24,1,1
CUST03700,18,Male,Tennessee,Footwear,Spring,20,204.1,1,5,Credit Card,Free Shipping,3.0,0.05,0.558,4082.0,High,0,0,0,18-24,1,0
CUST03701,53,Male,North Carolina,Footwear,Winter,5,75.95,0,0,Debit Card,Express,1.0,0.73,0.15,379.75,Mid,0,0,0,45-54,0,0
CUST03702,42,Female,California,Outerwear,Summer,25,144.4,1,15,Debit Card,Free Shipping,3.9,0.15,0.675,3610.0,High,0,0,0,35-44,1,0
CUST03703,54,Male,Florida,Accessories,Summer,18,206.86,0,0,Credit Card,Standard,3.3,0.03,0.0,3723.4800000000005,High,0,1,0,45-54,1,0
CUST03704,18,Male,Florida,Footwear,Winter,3,83.92,1,20,Apple Pay,Overnight,3.1,0.14,0.733,251.76,Mid,0,0,0,18-24,0,0
CUST03705,32,Female,New York,Outerwear,Spring,4,46.41,1,10,Credit Card,Express,3.1,0.36,0.617,185.64,Low,0,0,0,25-34,0,1
CUST03706,54,Female,Florida,Footwear,Spring,5,117.82,1,15,Debit Card,Free Shipping,4.3,0.17,0.675,589.0999999999999,High,1,0,1,45-54,1,0
CUST03707,30,Female,New York,Clothing,Summer,4,119.68,0,0,PayPal,Free Shipping,1.2,0.35,0.15,478.72,Mid,0,0,0,25-34,1,0
CUST03708,57,Male,Florida,Footwear,Spring,5,28.5,1,15,Credit Card,Free Shipping,3.2,0.21,0.675,142.5,Low,0,0,0,55-64,0,1
CUST03709,25,Female,Michigan,Outerwear,Winter,7,44.87,1,10,PayPal,Free Shipping,2.0,0.09,0.767,314.09,Mid,0,0,0,25-34,0,0
CUST03710,22,Female,California,Outerwear,Fall,3,20.71,1,15,Apple Pay,Free Shipping,3.5,0.58,0.675,62.13,Low,0,0,0,18-24,0,1
CUST03711,26,Male,Massachusetts,Footwear,Fall,4,111.53,0,0,Buy Now Pay Later,Standard,1.0,0.17,0.15,446.12,Mid,0,0,0,25-34,1,0
CUST03712,18,Male,Florida,Outerwear,Winter,21,294.2,0,0,Apple Pay,Free Shipping,4.9,0.02,0.0,6178.2,High,1,1,1,18-24,1,0
CUST03713,53,Female,Arizona,Clothing,Summer,5,116.77,0,0,Credit Card,Express,5.0,0.11,0.0,583.85,High,1,0,1,45-54,1,0
CUST03714,52,Female,North Carolina,Clothing,Fall,6,20.0,0,0,Debit Card,Standard,1.0,0.3,0.15,120.0,Low,0,0,0,45-54,0,0
CUST03715,19,Non-binary,New York,Outerwear,Spring,6,56.29,0,0,Credit Card,Standard,2.2,0.06,0.15,337.74,Mid,0,0,0,18-24,0,0
CUST03716,57,Female,Florida,Clothing,Spring,4,77.5,1,30,Credit Card,Overnight,5.0,0.35,0.85,310.0,Mid,1,0,0,55-64,0,0
CUST03717,40,Female,Florida,Clothing,Summer,4,103.73,1,20,Credit Card,Standard,3.1,0.35,0.733,414.92,Mid,0,0,0,35-44,1,0
CUST03718,26,Female,New York,Accessories,Winter,7,72.81,0,0,Credit Card,Express,1.1,0.34,0.15,509.67,High,0,1,0,25-34,0,0
CUST03719,51,Male,Massachusetts,Accessories,Summer,3,85.55,1,10,Apple Pay,Overnight,1.0,0.39,0.767,256.65,Mid,0,0,0,45-54,1,0
CUST03720,63,Male,North Carolina,Footwear,Summer,20,161.56,0,0,Credit Card,Free Shipping,3.9,0.0,0.0,3231.2,High,0,1,0,55-64,1,0
CUST03721,31,Male,California,Clothing,Winter,5,125.19,1,10,Debit Card,Free Shipping,1.2,0.44,0.767,625.95,High,0,0,0,25-34,1,0
CUST03722,21,Female,California,Outerwear,Summer,1,30.56,0,0,Debit Card,Express,4.1,0.61,0.0,30.56,Low,1,0,0,18-24,0,0
CUST03723,47,Female,Florida,Outerwear,Summer,5,77.57,0,0,Debit Card,Standard,2.1,0.3,0.15,387.84999999999997,Mid,0,0,0,45-54,0,0
CUST03724,48,Female,California,Clothing,Spring,3,25.38,1,20,Buy Now Pay Later,Standard,5.0,0.18,0.733,76.14,Low,1,0,0,45-54,0,1
CUST03725,55,Male,Washington,Accessories,Winter,29,213.65,1,5,Credit Card,Standard,4.0,0.08,0.558,6195.85,High,1,0,1,55-64,1,0
CUST03726,28,Female,California,Footwear,Spring,7,34.34,0,0,PayPal,Standard,2.0,0.29,0.15,240.38000000000002,Mid,0,1,0,25-34,0,0
CUST03727,52,Male,Illinois,Footwear,Summer,1,84.99,0,0,Debit Card,Free Shipping,3.7,0.17,0.0,84.99,Low,0,0,0,45-54,0,0
CUST03728,25,Male,California,Clothing,Summer,7,71.27,1,20,Credit Card,Express,1.0,0.35,0.883,498.89,High,0,0,0,25-34,0,0
CUST03729,20,Female,New York,Accessories,Summer,7,51.0,1,10,Debit Card,Standard,3.0,0.16,0.617,357.0,Mid,0,0,0,18-24,0,0
CUST03730,31,Female,Colorado,Clothing,Summer,4,108.05,1,10,Apple Pay,Standard,2.6,0.26,0.767,432.2,Mid,0,0,0,25-34,1,0
CUST03731,30,Non-binary,Florida,Clothing,Summer,29,158.91,0,0,Credit Card,Express,4.0,0.16,0.0,4608.39,High,1,1,1,25-34,1,0
CUST03732,62,Male,Michigan,Accessories,Winter,2,86.64,0,0,Credit Card,Express,4.8,0.11,0.0,173.28,Low,1,0,0,55-64,1,0
CUST03733,49,Female,Virginia,Footwear,Fall,4,42.52,1,30,Credit Card,Standard,2.0,0.19,1.0,170.08,Low,0,0,0,45-54,0,1
CUST03734,51,Male,New York,Footwear,Winter,6,78.09,0,0,PayPal,Free Shipping,2.0,0.05,0.15,468.54,Mid,0,0,0,45-54,0,0
CUST03735,62,Male,California,Footwear,Spring,9,148.73,0,0,PayPal,Standard,3.6,0.1,0.0,1338.57,High,0,1,0,55-64,1,0
CUST03736,36,Female,North Carolina,Clothing,Winter,29,150.57,0,0,Debit Card,Standard,4.1,0.27,0.0,4366.53,High,1,1,0,35-44,1,0
CUST03737,55,Female,Massachusetts,Footwear,Summer,3,76.87,1,10,Debit Card,Standard,4.9,0.36,0.617,230.61,Mid,1,0,0,55-64,0,0
CUST03738,33,Female,North Carolina,Clothing,Winter,6,175.75,0,0,Apple Pay,Express,3.5,0.22,0.0,1054.5,High,0,0,0,25-34,1,0
CUST03739,19,Male,California,Accessories,Fall,5,69.98,1,15,PayPal,Standard,1.0,0.29,0.825,349.90000000000003,Mid,0,0,0,18-24,0,0
CUST03740,57,Female,Michigan,Footwear,Summer,29,156.35,1,15,Apple Pay,Standard,3.1,0.06,0.675,4534.15,High,0,0,0,55-64,1,0
CUST03741,34,Male,Texas,Footwear,Winter,6,35.98,1,10,Apple Pay,Standard,3.9,0.43,0.617,215.88,Low,0,0,0,25-34,0,1
CUST03742,51,Female,Georgia,Accessories,Summer,11,169.49,1,25,PayPal,Express,2.9,0.22,0.942,1864.39,High,0,0,0,45-54,1,0
CUST03743,59,Male,Massachusetts,Footwear,Fall,7,41.14,1,15,Debit Card,Standard,4.0,0.34,0.675,287.98,Mid,1,0,0,55-64,0,0
CUST03744,33,Male,Texas,Outerwear,Summer,2,78.66,1,20,Apple Pay,Standard,3.9,0.02,0.733,157.32,Low,0,0,0,25-34,0,1
CUST03745,55,Female,Massachusetts,Accessories,Fall,2,106.73,1,20,Buy Now Pay Later,Express,3.9,0.32,0.733,213.46,Low,0,0,0,55-64,1,1
CUST03746,19,Female,New York,Footwear,Summer,6,105.99,1,5,Credit Card,Standard,1.0,0.12,0.708,635.9399999999999,High,0,0,0,18-24,1,0
CUST03747,19,Male,Michigan,Outerwear,Summer,3,49.63,1,5,Credit Card,Express,4.9,0.24,0.558,148.89000000000001,Low,1,0,0,18-24,0,1
CUST03748,43,Male,New York,Footwear,Summer,8,204.91,0,0,Buy Now Pay Later,Standard,4.4,0.1,0.0,1639.28,High,1,1,1,35-44,1,0
CUST03749,30,Female,Tennessee,Accessories,Winter,9,142.67,1,15,Credit Card,Standard,4.0,0.36,0.675,1284.03,High,1,0,0,25-34,1,0
CUST03750,64,Male,California,Clothing,Winter,7,77.46,1,20,Apple Pay,Express,4.1,0.31,0.733,542.2199999999999,High,1,0,0,55-64,0,0
CUST03751,48,Male,Colorado,Clothing,Fall,3,70.04,1,10,Debit Card,Standard,1.9,0.51,0.767,210.12,Low,0,0,0,45-54,0,1
CUST03752,51,Male,Illinois,Accessories,Winter,5,116.3,0,0,Credit Card,Standard,1.9,0.16,0.15,581.5,High,0,0,0,45-54,1,0
CUST03753,56,Male,Florida,Footwear,Summer,1,102.64,0,0,Credit Card,Express,5.0,0.05,0.0,102.64,Low,1,0,0,55-64,1,0
CUST03754,20,Female,Texas,Accessories,Spring,3,80.76,1,10,Credit Card,Free Shipping,2.2,0.39,0.767,242.28000000000003,Mid,0,0,0,18-24,0,0
CUST03755,25,Female,Colorado,Outerwear,Fall,7,92.45,1,15,Credit Card,Overnight,2.2,0.35,0.825,647.15,High,0,0,0,25-34,1,0
CUST03756,40,Female,Texas,Clothing,Fall,7,95.17,0,0,Debit Card,Free Shipping,1.9,0.22,0.15,666.19,High,0,1,0,35-44,1,0
CUST03757,31,Non-binary,Illinois,Footwear,Summer,1,68.89,0,0,PayPal,Free Shipping,4.0,0.55,0.0,68.89,Low,1,0,0,25-34,0,0
CUST03758,44,Male,Texas,Accessories,Winter,3,91.87,0,0,Buy Now Pay Later,Free Shipping,5.0,0.22,0.0,275.61,Mid,1,0,0,35-44,1,0
CUST03759,46,Male,Tennessee,Accessories,Summer,5,75.95,0,0,Debit Card,Free Shipping,5.0,0.35,0.0,379.75,Mid,1,0,0,45-54,0,0
CUST03760,56,Male,California,Footwear,Winter,14,159.25,0,0,Debit Card,Express,3.1,0.06,0.0,2229.5,High,0,1,0,55-64,1,0
CUST03761,56,Male,Texas,Clothing,Spring,7,56.61,1,25,Debit Card,Standard,3.0,0.45,0.792,396.27,Mid,0,0,0,55-64,0,0
CUST03762,18,Male,Texas,Clothing,Summer,18,237.44,0,0,Debit Card,Standard,3.2,0.04,0.0,4273.92,High,0,1,0,18-24,1,0
CUST03763,34,Female,Florida,Accessories,Fall,7,102.39,1,10,Debit Card,Overnight,5.0,0.16,0.617,716.73,High,1,0,1,25-34,1,0
CUST03764,58,Female,Texas,Accessories,Summer,1,73.0,1,5,Credit Card,Free Shipping,1.8,0.28,0.708,73.0,Low,0,0,0,55-64,0,1
CUST03765,47,Male,Illinois,Footwear,Winter,2,88.35,0,0,Credit Card,Express,4.0,0.2,0.0,176.7,Low,1,0,0,45-54,1,0
CUST03766,30,Female,Virginia,Outerwear,Fall,7,73.05,0,0,Credit Card,Overnight,5.0,0.46,0.0,511.34999999999997,High,1,1,0,25-34,0,0
CUST03767,38,Female,Colorado,Clothing,Fall,2,51.87,1,10,Credit Card,Express,3.8,0.09,0.617,103.74,Low,0,0,0,35-44,0,1
CUST03768,36,Female,Washington,Accessories,Fall,6,67.12,1,10,PayPal,Express,4.0,0.31,0.617,402.72,Mid,1,0,0,35-44,0,0
CUST03769,36,Female,California,Footwear,Summer,19,157.22,0,0,Credit Card,Express,3.2,0.19,0.0,2987.18,High,0,1,0,35-44,1,0
CUST03770,42,Female,Colorado,Outerwear,Winter,4,181.07,0,0,Apple Pay,Express,2.2,0.14,0.15,724.28,High,0,0,0,35-44,1,0
CUST03771,39,Female,Texas,Outerwear,Spring,2,60.26,1,20,Buy Now Pay Later,Standard,3.2,0.22,0.733,120.52,Low,0,0,0,35-44,0,1
CUST03772,48,Female,Ohio,Footwear,Summer,2,64.92,1,5,Buy Now Pay Later,Overnight,2.2,0.37,0.708,129.84,Low,0,0,0,45-54,0,1
CUST03773,34,Female,Texas,Accessories,Winter,5,98.04,1,15,Buy Now Pay Later,Free Shipping,3.0,0.07,0.675,490.20000000000005,Mid,0,0,0,25-34,1,0
CUST03774,40,Male,Florida,Clothing,Spring,1,107.83,1,5,Credit Card,Free Shipping,1.0,0.39,0.708,107.83,Low,0,0,0,35-44,1,1
CUST03775,49,Male,New York,Clothing,Spring,1,42.62,1,20,Debit Card,Standard,3.1,0.02,0.733,42.62,Low,0,0,0,45-54,0,1
CUST03776,27,Female,Virginia,Accessories,Winter,15,271.11,0,0,Credit Card,Free Shipping,4.7,0.26,0.0,4066.65,High,1,1,0,25-34,1,0
CUST03777,27,Male,California,Footwear,Winter,1,60.6,1,20,Apple Pay,Standard,2.9,0.09,0.883,60.6,Low,0,0,0,25-34,0,1
CUST03778,53,Male,Washington,Footwear,Summer,3,80.73,1,15,Apple Pay,Standard,1.2,0.2,0.825,242.19,Mid,0,0,0,45-54,0,0
CUST03779,25,Female,California,Footwear,Fall,6,68.14,1,10,Apple Pay,Overnight,2.9,0.14,0.767,408.84000000000003,Mid,0,0,0,25-34,0,0
CUST03780,37,Male,Colorado,Accessories,Fall,7,16.0,1,20,Debit Card,Standard,2.1,0.34,0.883,112.0,Low,0,0,0,35-44,0,1
CUST03781,49,Female,Massachusetts,Footwear,Summer,2,104.24,0,0,PayPal,Standard,2.9,0.32,0.15,208.48,Low,0,0,0,45-54,1,0
CUST03782,31,Female,Florida,Clothing,Winter,6,100.78,0,0,Credit Card,Standard,5.0,0.34,0.0,604.6800000000001,High,1,0,0,25-34,1,0
CUST03783,45,Non-binary,Florida,Clothing,Fall,2,37.64,1,10,Credit Card,Overnight,4.7,0.55,0.617,75.28,Low,1,0,0,45-54,0,1
CUST03784,63,Female,Massachusetts,Clothing,Spring,4,107.86,1,10,PayPal,Standard,4.3,0.14,0.617,431.44,Mid,1,0,0,55-64,1,0
CUST03785,41,Male,Illinois,Outerwear,Winter,26,157.1,0,0,Debit Card,Express,4.8,0.22,0.0,4084.6,High,1,1,1,35-44,1,0
CUST03786,32,Female,Florida,Clothing,Summer,3,127.02,0,0,Buy Now Pay Later,Overnight,1.7,0.29,0.15,381.06,Mid,0,0,0,25-34,1,0
CUST03787,39,Female,Washington,Footwear,Fall,2,29.26,1,5,Credit Card,Overnight,3.2,0.47,0.558,58.52,Low,0,0,0,35-44,0,1
CUST03788,47,Non-binary,Colorado,Clothing,Fall,2,114.55,0,0,Apple Pay,Free Shipping,3.0,0.17,0.0,229.1,Mid,0,0,0,45-54,1,0
CUST03789,21,Male,California,Accessories,Winter,16,142.37,0,0,Debit Card,Express,3.9,0.08,0.0,2277.92,High,0,1,0,18-24,1,0
CUST03790,30,Male,North Carolina,Outerwear,Winter,2,42.22,0,0,Apple Pay,Standard,4.3,0.19,0.0,84.44,Low,1,0,0,25-34,0,0
CUST03791,40,Female,Florida,Accessories,Winter,6,67.01,0,0,Apple Pay,Standard,1.1,0.22,0.15,402.06000000000006,Mid,0,0,0,35-44,0,0
CUST03792,25,Male,California,Clothing,Fall,6,77.01,0,0,Apple Pay,Express,2.9,0.21,0.15,462.06000000000006,Mid,0,0,0,25-34,0,0
CUST03793,35,Female,Ohio,Clothing,Fall,2,46.93,1,30,Credit Card,Overnight,2.0,0.39,1.0,93.86,Low,0,0,0,35-44,0,1
CUST03794,29,Male,New York,Outerwear,Spring,2,107.54,1,15,Buy Now Pay Later,Standard,3.2,0.19,0.675,215.08,Low,0,0,0,25-34,1,1
CUST03795,48,Male,California,Accessories,Spring,2,34.13,1,30,Credit Card,Standard,3.8,0.31,0.85,68.26,Low,0,0,0,45-54,0,1
CUST03796,31,Male,Arizona,Accessories,Summer,4,95.23,1,20,Credit Card,Free Shipping,2.3,0.33,0.883,380.92,Mid,0,0,0,25-34,1,0
CUST03797,51,Male,Virginia,Accessories,Winter,3,66.46,1,5,Debit Card,Overnight,3.9,0.42,0.558,199.38,Low,0,0,0,45-54,0,1
CUST03798,35,Female,Virginia,Clothing,Fall,7,88.3,0,0,Apple Pay,Overnight,1.8,0.38,0.15,618.1,High,0,1,0,35-44,1,0
CUST03799,51,Female,Tennessee,Clothing,Summer,6,75.28,0,0,Debit Card,Free Shipping,3.2,0.12,0.0,451.68,Mid,0,0,0,45-54,0,0
CUST03800,28,Male,Virginia,Footwear,Spring,4,48.21,1,15,Apple Pay,Free Shipping,4.1,0.22,0.675,192.84,Low,1,0,0,25-34,0,1
CUST03801,58,Female,California,Footwear,Summer,28,200.34,0,0,PayPal,Overnight,4.6,0.21,0.0,5609.52,High,1,1,1,55-64,1,0
CUST03802,29,Male,New York,Clothing,Winter,1,39.12,0,0,Credit Card,Express,2.0,0.15,0.15,39.12,Low,0,0,0,25-34,0,0
CUST03803,32,Female,North Carolina,Footwear,Spring,17,158.36,0,0,Buy Now Pay Later,Free Shipping,3.8,0.14,0.0,2692.1200000000003,High,0,1,0,25-34,1,0
CUST03804,48,Male,New York,Outerwear,Summer,2,63.16,1,20,Credit Card,Express,4.2,0.05,0.733,126.32,Low,1,0,0,45-54,0,1
CUST03805,46,Female,Washington,Outerwear,Spring,6,113.1,1,15,Apple Pay,Standard,1.3,0.28,0.825,678.5999999999999,High,0,0,0,45-54,1,0
CUST03806,43,Female,Washington,Clothing,Summer,7,36.69,1,20,Credit Card,Standard,1.1,0.15,0.883,256.83,Mid,0,0,0,35-44,0,0
CUST03807,35,Female,New York,Clothing,Winter,1,68.36,1,25,Debit Card,Overnight,2.8,0.38,0.942,68.36,Low,0,0,0,35-44,0,1
CUST03808,49,Female,Massachusetts,Outerwear,Spring,6,63.84,1,20,Debit Card,Free Shipping,5.0,0.42,0.733,383.04,Mid,1,0,0,45-54,0,0
CUST03809,39,Female,Illinois,Clothing,Spring,5,130.22,0,0,Credit Card,Standard,5.0,0.19,0.0,651.1,High,1,0,1,35-44,1,0
CUST03810,55,Non-binary,Florida,Clothing,Spring,7,86.4,1,15,Debit Card,Standard,4.0,0.38,0.675,604.8000000000001,High,1,0,0,55-64,1,0
CUST03811,34,Female,Michigan,Outerwear,Fall,2,62.25,0,0,Credit Card,Free Shipping,3.9,0.17,0.0,124.5,Low,0,0,0,25-34,0,0
CUST03812,40,Female,Illinois,Clothing,Spring,6,41.19,1,5,Credit Card,Free Shipping,4.0,0.43,0.558,247.14,Mid,1,0,0,35-44,0,0
CUST03813,41,Female,Texas,Accessories,Summer,2,20.0,0,0,Credit Card,Standard,2.0,0.15,0.15,40.0,Low,0,0,0,35-44,0,0
CUST03814,25,Male,Illinois,Accessories,Winter,5,58.33,0,0,Debit Card,Standard,2.5,0.46,0.15,291.65,Mid,0,0,0,25-34,0,0
CUST03815,58,Female,North Carolina,Footwear,Spring,4,160.66,0,0,PayPal,Overnight,3.0,0.3,0.0,642.64,High,0,0,0,55-64,1,0
CUST03816,23,Male,Ohio,Clothing,Winter,7,57.99,1,10,Debit Card,Standard,1.0,0.25,0.767,405.93,Mid,0,0,0,18-24,0,0
CUST03817,22,Female,Ohio,Outerwear,Spring,5,17.0,1,15,Apple Pay,Free Shipping,4.1,0.55,0.675,85.0,Low,1,0,0,18-24,0,1
CUST03818,61,Female,Colorado,Footwear,Spring,5,24.57,1,10,PayPal,Standard,3.6,0.22,0.617,122.85,Low,0,0,0,55-64,0,1
CUST03819,46,Female,Texas,Accessories,Fall,8,174.56,1,10,PayPal,Standard,4.1,0.16,0.617,1396.48,High,1,0,1,45-54,1,0
CUST03820,45,Male,Virginia,Clothing,Summer,7,69.37,0,0,PayPal,Standard,4.0,0.49,0.0,485.59000000000003,Mid,1,1,0,45-54,0,0
CUST03821,28,Male,Massachusetts,Clothing,Spring,3,74.33,1,25,Debit Card,Standard,4.1,0.35,0.792,222.99,Mid,1,0,0,25-34,0,0
CUST03822,18,Female,Texas,Footwear,Fall,2,95.92,0,0,PayPal,Standard,2.7,0.31,0.15,191.84,Low,0,0,0,18-24,1,0
CUST03823,60,Female,California,Accessories,Summer,7,47.22,1,25,Credit Card,Standard,3.8,0.44,0.792,330.53999999999996,Mid,0,0,0,55-64,0,0
CUST03824,36,Male,Michigan,Outerwear,Winter,6,58.19,1,15,Apple Pay,Free Shipping,1.6,0.13,0.825,349.14,Mid,0,0,0,35-44,0,0
CUST03825,26,Male,Virginia,Accessories,Summer,2,46.93,1,10,PayPal,Standard,2.0,0.24,0.767,93.86,Low,0,0,0,25-34,0,1
CUST03826,44,Female,Massachusetts,Accessories,Fall,12,131.26,1,20,Credit Card,Free Shipping,2.9,0.25,0.883,1575.12,High,0,0,0,35-44,1,0
CUST03827,51,Female,Virginia,Accessories,Summer,7,90.64,1,25,PayPal,Standard,5.0,0.79,0.792,634.48,High,1,0,0,45-54,1,0
CUST03828,61,Male,Illinois,Footwear,Spring,4,90.45,1,20,Credit Card,Overnight,1.0,0.18,0.883,361.8,Mid,0,0,0,55-64,1,0
CUST03829,21,Male,Arizona,Accessories,Winter,3,75.9,1,10,Credit Card,Standard,1.8,0.67,0.767,227.70000000000002,Mid,0,0,0,18-24,0,0
CUST03830,53,Male,Illinois,Clothing,Fall,3,83.28,1,5,Credit Card,Standard,1.5,0.16,0.708,249.84,Mid,0,0,0,45-54,0,0
CUST03831,35,Non-binary,California,Outerwear,Winter,14,133.47,0,0,PayPal,Express,2.7,0.13,0.15,1868.58,High,0,1,0,35-44,1,0
CUST03832,32,Male,Georgia,Accessories,Summer,4,20.0,0,0,PayPal,Express,4.9,0.26,0.0,80.0,Low,1,0,0,25-34,0,0
CUST03833,30,Male,Illinois,Accessories,Summer,5,92.81,1,10,Apple Pay,Free Shipping,1.0,0.31,0.767,464.05,Mid,0,0,0,25-34,1,0
CUST03834,36,Male,Arizona,Footwear,Summer,6,121.08,0,0,Credit Card,Free Shipping,3.0,0.19,0.0,726.48,High,0,0,0,35-44,1,0
CUST03835,23,Male,Illinois,Footwear,Fall,2,151.18,0,0,Debit Card,Overnight,3.2,0.39,0.0,302.36,Mid,0,0,0,18-24,1,0
CUST03836,29,Female,Illinois,Clothing,Summer,2,117.46,0,0,PayPal,Express,4.9,0.35,0.0,234.92,Mid,1,0,0,25-34,1,0
CUST03837,54,Male,Texas,Clothing,Summer,20,166.1,0,0,Credit Card,Free Shipping,5.0,0.0,0.0,3322.0,High,1,1,1,45-54,1,0
CUST03838,34,Male,Texas,Footwear,Spring,1,73.47,1,5,PayPal,Express,5.0,0.01,0.558,73.47,Low,1,0,0,25-34,0,1
CUST03839,40,Male,Texas,Clothing,Fall,4,85.6,0,0,Credit Card,Free Shipping,2.2,0.35,0.15,342.4,Mid,0,0,0,35-44,1,0
CUST03840,43,Male,Texas,Footwear,Summer,4,39.72,1,30,Credit Card,Free Shipping,2.1,0.18,1.0,158.88,Low,0,0,0,35-44,0,1
CUST03841,46,Male,Michigan,Clothing,Summer,3,50.96,1,20,Debit Card,Standard,5.0,0.33,0.733,152.88,Low,1,0,0,45-54,0,1
CUST03842,50,Female,Texas,Clothing,Spring,7,118.06,0,0,PayPal,Standard,3.8,0.32,0.0,826.4200000000001,High,0,1,0,45-54,1,0
CUST03843,44,Female,Texas,Clothing,Summer,14,184.85,0,0,Credit Card,Express,4.1,0.24,0.0,2587.9,High,1,1,1,35-44,1,0
CUST03844,42,Female,Washington,Accessories,Summer,6,93.12,1,10,Credit Card,Overnight,1.0,0.26,0.767,558.72,High,0,0,0,35-44,1,0
CUST03845,27,Female,Washington,Footwear,Winter,23,102.7,0,0,Credit Card,Express,3.3,0.06,0.0,2362.1,High,0,1,0,25-34,1,0
CUST03846,64,Female,Texas,Clothing,Summer,22,153.45,1,15,Credit Card,Free Shipping,5.0,0.17,0.675,3375.8999999999996,High,1,0,1,55-64,1,0
CUST03847,40,Male,Ohio,Clothing,Summer,4,132.96,0,0,Credit Card,Standard,5.0,0.5,0.0,531.84,High,1,0,0,35-44,1,0
CUST03848,38,Female,Ohio,Outerwear,Summer,3,95.67,1,5,Debit Card,Standard,5.0,0.58,0.558,287.01,Mid,1,0,0,35-44,1,0
CUST03849,38,Female,Texas,Accessories,Spring,14,172.72,1,10,PayPal,Standard,3.9,0.16,0.617,2418.08,High,0,0,0,35-44,1,0
CUST03850,60,Female,New York,Footwear,Summer,3,79.58,1,5,Debit Card,Express,1.0,0.32,0.708,238.74,Mid,0,0,0,55-64,0,0
CUST03851,30,Female,Tennessee,Outerwear,Spring,2,94.36,1,30,PayPal,Overnight,3.4,0.39,0.85,188.72,Low,0,0,0,25-34,1,1
CUST03852,54,Male,North Carolina,Outerwear,Summer,7,95.98,0,0,PayPal,Standard,1.1,0.5,0.15,671.86,High,0,1,0,45-54,1,0
CUST03853,50,Female,Colorado,Outerwear,Summer,4,129.49,0,0,Credit Card,Express,3.2,0.23,0.0,517.96,High,0,0,0,45-54,1,0
CUST03854,41,Female,California,Clothing,Spring,3,152.22,0,0,Credit Card,Standard,2.3,0.14,0.15,456.65999999999997,Mid,0,0,0,35-44,1,0
CUST03855,61,Non-binary,Florida,Outerwear,Winter,1,78.65,0,0,Apple Pay,Standard,1.9,0.15,0.15,78.65,Low,0,0,0,55-64,0,0
CUST03856,28,Male,Illinois,Footwear,Summer,16,191.09,0,0,Credit Card,Overnight,5.0,0.06,0.0,3057.44,High,1,1,1,25-34,1,0
CUST03857,34,Male,Texas,Footwear,Summer,5,67.76,0,0,Credit Card,Standard,2.9,0.14,0.15,338.8,Mid,0,0,0,25-34,0,0
CUST03858,21,Male,Florida,Clothing,Summer,1,129.82,1,15,Credit Card,Overnight,4.4,0.51,0.675,129.82,Low,1,0,0,18-24,1,1
CUST03859,64,Female,Washington,Outerwear,Summer,27,168.26,0,0,PayPal,Free Shipping,5.0,0.11,0.0,4543.0199999999995,High,1,1,1,55-64,1,0
CUST03860,42,Male,New York,Footwear,Winter,23,78.43,0,0,Debit Card,Free Shipping,3.1,0.12,0.0,1803.89,High,0,1,0,35-44,0,0
CUST03861,47,Male,Ohio,Footwear,Summer,12,164.94,0,0,Buy Now Pay Later,Standard,3.2,0.08,0.0,1979.28,High,0,1,0,45-54,1,0
CUST03862,26,Non-binary,North Carolina,Clothing,Summer,14,149.17,1,5,Apple Pay,Express,3.9,0.07,0.558,2088.3799999999997,High,0,0,0,25-34,1,0
CUST03863,38,Male,New York,Clothing,Summer,3,66.54,1,10,Debit Card,Overnight,3.3,0.46,0.617,199.62,Low,0,0,0,35-44,0,1
CUST03864,37,Female,North Carolina,Outerwear,Summer,7,60.62,0,0,Debit Card,Free Shipping,4.8,0.26,0.0,424.34,Mid,1,1,0,35-44,0,0
CUST03865,36,Male,California,Accessories,Winter,7,161.37,0,0,Credit Card,Free Shipping,3.1,0.38,0.0,1129.5900000000001,High,0,1,0,35-44,1,0
CUST03866,36,Female,North Carolina,Clothing,Fall,4,73.47,1,20,Credit Card,Standard,3.9,0.25,0.733,293.88,Mid,0,0,0,35-44,0,0
CUST03867,29,Female,Texas,Footwear,Fall,4,69.38,1,15,Credit Card,Standard,3.2,0.12,0.675,277.52,Mid,0,0,0,25-34,0,0
CUST03868,54,Female,California,Clothing,Spring,2,92.92,0,0,Credit Card,Express,3.3,0.21,0.0,185.84,Low,0,0,0,45-54,1,0
CUST03869,59,Female,Arizona,Accessories,Winter,4,77.95,1,5,Credit Card,Overnight,5.0,0.24,0.558,311.8,Mid,1,0,0,55-64,0,0
CUST03870,34,Male,Florida,Clothing,Summer,24,161.26,0,0,Credit Card,Standard,4.1,0.12,0.0,3870.24,High,1,1,1,25-34,1,0
CUST03871,54,Male,Massachusetts,Clothing,Spring,7,98.39,1,20,Credit Card,Standard,5.0,0.26,0.733,688.73,High,1,0,0,45-54,1,0
CUST03872,56,Male,New York,Clothing,Fall,1,26.29,0,0,Buy Now Pay Later,Overnight,1.0,0.37,0.15,26.29,Low,0,0,0,55-64,0,0
CUST03873,45,Female,New York,Clothing,Spring,22,195.43,0,0,Debit Card,Standard,2.9,0.19,0.15,4299.46,High,0,1,0,45-54,1,0
CUST03874,58,Female,Illinois,Clothing,Summer,18,240.75,0,0,Buy Now Pay Later,Standard,3.3,0.2,0.0,4333.5,High,0,1,0,55-64,1,0
CUST03875,52,Male,Florida,Footwear,Fall,3,27.02,1,15,Debit Card,Standard,3.2,0.13,0.675,81.06,Low,0,0,0,45-54,0,1
CUST03876,64,Female,New York,Outerwear,Spring,2,76.01,1,25,Debit Card,Standard,1.0,0.46,0.942,152.02,Low,0,0,0,55-64,0,1
CUST03877,35,Male,Colorado,Accessories,Spring,4,62.5,1,10,Credit Card,Express,2.0,0.39,0.767,250.0,Mid,0,0,0,35-44,0,0
CUST03878,31,Female,Georgia,Clothing,Fall,14,131.61,1,15,Credit Card,Standard,5.0,0.01,0.675,1842.5400000000002,High,1,0,1,25-34,1,0
CUST03879,52,Non-binary,Virginia,Clothing,Summer,2,77.87,1,15,Credit Card,Standard,5.0,0.48,0.675,155.74,Low,1,0,0,45-54,0,1
CUST03880,61,Male,Michigan,Footwear,Summer,1,99.9,1,15,Buy Now Pay Later,Standard,4.3,0.22,0.675,99.9,Low,1,0,0,55-64,1,1
CUST03881,58,Female,Texas,Outerwear,Summer,1,135.69,1,30,Buy Now Pay Later,Standard,2.9,0.33,1.0,135.69,Low,0,0,0,55-64,1,1
CUST03882,24,Male,Colorado,Clothing,Fall,6,57.05,1,20,Credit Card,Overnight,2.1,0.31,0.883,342.29999999999995,Mid,0,0,0,18-24,0,0
CUST03883,58,Female,Florida,Clothing,Summer,3,97.27,1,5,Credit Card,Standard,3.9,0.23,0.558,291.81,Mid,0,0,0,55-64,1,0
CUST03884,30,Female,Colorado,Footwear,Spring,4,117.64,0,0,Debit Card,Express,4.9,0.57,0.0,470.56,Mid,1,0,0,25-34,1,0
CUST03885,35,Male,Florida,Footwear,Fall,6,71.92,1,20,Credit Card,Standard,1.2,0.27,0.883,431.52,Mid,0,0,0,35-44,0,0
CUST03886,54,Male,Michigan,Accessories,Spring,7,110.62,0,0,Debit Card,Standard,2.8,0.19,0.15,774.34,High,0,1,0,45-54,1,0
CUST03887,30,Male,Georgia,Footwear,Fall,25,186.2,1,10,Credit Card,Standard,3.8,0.03,0.617,4655.0,High,0,0,0,25-34,1,0
CUST03888,53,Female,Tennessee,Footwear,Summer,7,63.0,1,20,Debit Card,Standard,3.1,0.19,0.733,441.0,Mid,0,0,0,45-54,0,0
CUST03889,48,Female,North Carolina,Outerwear,Spring,4,41.07,0,0,Credit Card,Overnight,1.9,0.28,0.15,164.28,Low,0,0,0,45-54,0,0
CUST03890,19,Male,Massachusetts,Clothing,Summer,15,224.65,0,0,Debit Card,Express,3.9,0.36,0.0,3369.75,High,0,1,0,18-24,1,0
CUST03891,33,Female,North Carolina,Outerwear,Summer,1,24.59,1,10,Credit Card,Free Shipping,4.6,0.49,0.617,24.59,Low,1,0,0,25-34,0,1
CUST03892,26,Female,Florida,Clothing,Summer,6,30.59,0,0,Debit Card,Standard,2.7,0.33,0.15,183.54,Low,0,0,0,25-34,0,0
CUST03893,26,Male,Texas,Footwear,Summer,13,190.08,0,0,Buy Now Pay Later,Standard,5.0,0.04,0.0,2471.04,High,1,1,1,25-34,1,0
CUST03894,55,Male,New York,Accessories,Summer,6,31.8,1,20,Credit Card,Standard,5.0,0.69,0.733,190.8,Low,1,0,0,55-64,0,1
CUST03895,28,Female,California,Accessories,Summer,1,117.78,0,0,Apple Pay,Free Shipping,3.2,0.33,0.0,117.78,Low,0,0,0,25-34,1,0
CUST03896,39,Female,Illinois,Footwear,Fall,2,75.48,1,5,Apple Pay,Standard,1.8,0.47,0.708,150.96,Low,0,0,0,35-44,0,1
CUST03897,50,Male,Illinois,Clothing,Spring,5,79.53,0,0,Buy Now Pay Later,Express,5.0,0.72,0.0,397.65,Mid,1,0,0,45-54,0,0
CUST03898,53,Male,Illinois,Clothing,Summer,5,53.16,1,10,PayPal,Standard,1.0,0.39,0.767,265.79999999999995,Mid,0,0,0,45-54,0,0
CUST03899,62,Male,Michigan,Accessories,Summer,7,83.93,0,0,PayPal,Standard,4.0,0.06,0.0,587.51,High,1,1,1,55-64,0,0
CUST03900,40,Female,Massachusetts,Accessories,Summer,5,138.95,0,0,Apple Pay,Free Shipping,4.1,0.17,0.0,694.75,High,1,0,1,35-44,1,0
